-- MySQL dump 10.13  Distrib 5.7.16, for Linux (i686)
--
-- Host: localhost    Database: polikarbonatvs
-- ------------------------------------------------------
-- Server version	5.7.13-0ubuntu0.16.04.2

/*!40101 SET @OLD_CHARACTER_SET_CLIENT=@@CHARACTER_SET_CLIENT */;
/*!40101 SET @OLD_CHARACTER_SET_RESULTS=@@CHARACTER_SET_RESULTS */;
/*!40101 SET @OLD_COLLATION_CONNECTION=@@COLLATION_CONNECTION */;
/*!40101 SET NAMES utf8 */;
/*!40103 SET @OLD_TIME_ZONE=@@TIME_ZONE */;
/*!40103 SET TIME_ZONE='+00:00' */;
/*!40014 SET @OLD_UNIQUE_CHECKS=@@UNIQUE_CHECKS, UNIQUE_CHECKS=0 */;
/*!40014 SET @OLD_FOREIGN_KEY_CHECKS=@@FOREIGN_KEY_CHECKS, FOREIGN_KEY_CHECKS=0 */;
/*!40101 SET @OLD_SQL_MODE=@@SQL_MODE, SQL_MODE='NO_AUTO_VALUE_ON_ZERO' */;
/*!40111 SET @OLD_SQL_NOTES=@@SQL_NOTES, SQL_NOTES=0 */;

--
-- Table structure for table `tbl_article_categories`
--

DROP TABLE IF EXISTS `tbl_article_categories`;
/*!40101 SET @saved_cs_client     = @@character_set_client */;
/*!40101 SET character_set_client = utf8 */;
CREATE TABLE `tbl_article_categories` (
  `id` int(11) NOT NULL AUTO_INCREMENT,
  `tree` int(11) DEFAULT NULL,
  `lft` int(11) NOT NULL,
  `rgt` int(11) NOT NULL,
  `depth` int(11) NOT NULL,
  `name` varchar(255) COLLATE utf8_unicode_ci NOT NULL,
  `slug` varchar(255) COLLATE utf8_unicode_ci NOT NULL,
  `status` tinyint(1) NOT NULL DEFAULT '1',
  `created_at` int(11) NOT NULL,
  `updated_at` int(11) NOT NULL,
  PRIMARY KEY (`id`),
  KEY `lft_rgt` (`lft`,`rgt`),
  KEY `depth` (`depth`),
  KEY `tree` (`tree`),
  KEY `slug` (`slug`),
  KEY `name` (`name`)
) ENGINE=InnoDB AUTO_INCREMENT=7 DEFAULT CHARSET=utf8 COLLATE=utf8_unicode_ci;
/*!40101 SET character_set_client = @saved_cs_client */;

--
-- Dumping data for table `tbl_article_categories`
--

LOCK TABLES `tbl_article_categories` WRITE;
/*!40000 ALTER TABLE `tbl_article_categories` DISABLE KEYS */;
INSERT INTO `tbl_article_categories` VALUES (2,2,1,2,0,'Полезные статьи','',1,1473022274,1473022274),(3,3,1,2,0,'Все о теплицах','',1,1473022274,1473022274),(4,4,1,2,0,'Садоводство','',1,1473022274,1473022274),(5,5,1,2,0,'Выбрать свой город','',1,1473022274,1473022274),(6,6,1,2,0,'Поликарбонат','',1,1473022274,1473022274);
/*!40000 ALTER TABLE `tbl_article_categories` ENABLE KEYS */;
UNLOCK TABLES;

--
-- Table structure for table `tbl_article_files`
--

DROP TABLE IF EXISTS `tbl_article_files`;
/*!40101 SET @saved_cs_client     = @@character_set_client */;
/*!40101 SET character_set_client = utf8 */;
CREATE TABLE `tbl_article_files` (
  `id` int(11) NOT NULL AUTO_INCREMENT,
  `filesystem` varchar(100) COLLATE utf8_unicode_ci NOT NULL,
  `path` varchar(255) COLLATE utf8_unicode_ci NOT NULL,
  `title` varchar(255) COLLATE utf8_unicode_ci DEFAULT NULL,
  `size` int(11) DEFAULT NULL,
  `mime_type` varchar(100) COLLATE utf8_unicode_ci NOT NULL,
  `created_at` int(11) NOT NULL,
  `updated_at` int(11) NOT NULL,
  PRIMARY KEY (`id`)
) ENGINE=InnoDB AUTO_INCREMENT=23 DEFAULT CHARSET=utf8 COLLATE=utf8_unicode_ci;
/*!40101 SET character_set_client = @saved_cs_client */;

--
-- Dumping data for table `tbl_article_files`
--

LOCK TABLES `tbl_article_files` WRITE;
/*!40000 ALTER TABLE `tbl_article_files` DISABLE KEYS */;
INSERT INTO `tbl_article_files` VALUES (1,'local','/articles/krovlya1.jpg',NULL,18474,'image/jpeg',1477845276,1477845276),(2,'local','/articles/i1002-01558-120-120.jpg',NULL,18902,'image/jpeg',1477845276,1477845276),(3,'local','/articles/poly.jpg',NULL,19078,'image/jpeg',1477845277,1477845277),(4,'local','/articles/reefer_vs.jpg',NULL,19180,'image/jpeg',1477845277,1477845277),(5,'local','/articles/niceGH-120-120.jpg',NULL,28157,'image/jpeg',1477845277,1477845277),(6,'local','/articles/polikarbonat_sekret.jpg',NULL,18852,'image/jpeg',1477845278,1477845278),(7,'local','/articles/Osveshenie teplic1.jpg',NULL,37421,'image/jpeg',1477845278,1477845278),(8,'local','/articles/Zatenenie_teplic2jpg.jpg',NULL,17062,'image/jpeg',1477845278,1477845278),(9,'local','/articles/teplica_termos.jpg',NULL,20805,'image/jpeg',1477845279,1477845279),(10,'local','/articles/PPolikarbonat_foto.jpg',NULL,17731,'image/jpeg',1477845279,1477845279),(11,'local','/articles/pomidor2.jpg',NULL,44619,'image/jpeg',1477845279,1477845279),(12,'local','/articles/polikarbonat-teplici.jpg',NULL,76382,'image/jpeg',1477845280,1477845280),(13,'local','/articles/teplica1.jpg',NULL,115585,'image/jpeg',1477845280,1477845280),(14,'local','/news/skidki (1)_179x60.jpg',NULL,18415,'image/jpeg',1477845283,1477845283),(15,'local','/news/teplica_iz_polikarbonata0.jpg',NULL,33757,'image/jpeg',1477845283,1477845283),(16,'local','/news/terras.jpg',NULL,149274,'image/jpeg',1477845283,1477845283),(17,'local','/news/polikarbonat20.jpg',NULL,18602,'image/jpeg',1477845284,1477845284),(18,'local','/news/ss.jpg',NULL,37569,'image/jpeg',1477845284,1477845284),(19,'local','/news/irontrade-10117.jpeg',NULL,16833,'image/jpeg',1477845284,1477845284),(20,'local','/news/skidka.jpeg',NULL,25685,'image/jpeg',1477845285,1477845285),(21,'local','/news/akciya_142x119.png',NULL,31653,'image/png',1477845285,1477845285),(22,'local','/news/akciy1.png',NULL,31653,'image/png',1477845286,1477845286);
/*!40000 ALTER TABLE `tbl_article_files` ENABLE KEYS */;
UNLOCK TABLES;

--
-- Table structure for table `tbl_article_meta`
--

DROP TABLE IF EXISTS `tbl_article_meta`;
/*!40101 SET @saved_cs_client     = @@character_set_client */;
/*!40101 SET character_set_client = utf8 */;
CREATE TABLE `tbl_article_meta` (
  `id` int(11) NOT NULL AUTO_INCREMENT,
  `entity_id` int(11) DEFAULT NULL,
  `entity_type` varchar(100) COLLATE utf8_unicode_ci NOT NULL,
  `meta_title` varchar(255) COLLATE utf8_unicode_ci DEFAULT NULL,
  `meta_keywords` varchar(255) COLLATE utf8_unicode_ci DEFAULT NULL,
  `meta_description` varchar(255) COLLATE utf8_unicode_ci DEFAULT NULL,
  `meta_robots` varchar(50) COLLATE utf8_unicode_ci DEFAULT NULL,
  `custom_meta` text COLLATE utf8_unicode_ci,
  PRIMARY KEY (`id`),
  KEY `entity_id` (`entity_id`),
  KEY `entity_type` (`entity_type`)
) ENGINE=InnoDB AUTO_INCREMENT=36 DEFAULT CHARSET=utf8 COLLATE=utf8_unicode_ci;
/*!40101 SET character_set_client = @saved_cs_client */;

--
-- Dumping data for table `tbl_article_meta`
--

LOCK TABLES `tbl_article_meta` WRITE;
/*!40000 ALTER TABLE `tbl_article_meta` DISABLE KEYS */;
INSERT INTO `tbl_article_meta` VALUES (1,3,'article','Применение прозрачной кровли','','',NULL,NULL),(2,5,'article','Что нужно знать о поликарбонатных теплицах?','статья о поликарбонатных теплицах','Что нужно знать о поликарбонатных теплицах? Советы и рекомендации специалистов рынка.',NULL,NULL),(3,4,'article','','','',NULL,NULL),(4,6,'article','Отопление теплиц, обогрев теплицы','Отопление теплиц, виды отопления теплиц, обогреватели для теплиц','Види отопления и обогрева теплиц, статьи',NULL,NULL),(5,7,'article','Формы теплиц под стекло и поликарбонат','Виды теплиц, формы теплиц','Формы теплиц, описание теплиц...',NULL,NULL),(6,8,'article','Практично и красиво о поликарбонате','статьи о поликарбонате','Статьи о поликарбонате и строительстве',NULL,NULL),(7,9,'article','Освещение в теплиц: роскошь или необходимость?','Освещение теплиц, освещение в теплицах роскошь или необходимость, теплицы, теплица, теплиц, теплицу, в теплицах, теплице, искуственное освещение','Освещение в теплицах, полезные статьи для строительства теплиц и выращивания в теплицах и все что с ними связано, домашние теплицы',NULL,NULL),(8,10,'article','Затенение в теплицах','затенение в теплицах, затенение теплиц, затенение в теплице, теплицы, теплица','Затенение теплиц, какое затемнение лучшее для дачных теплиц? Полезные статьи садоводам',NULL,NULL),(9,11,'article','Уникальная теплица-термос из поликарбоната','теплица-термос, теплицы из поликарбоната, теплица из пластика, теплицы, теплица, уникальная,','Уникальные теплицы из поликарбоната, теплица-термос, строительство теплиц в Украине. тепличный бизнес. Зимняя теплица. Все о теплицах.',NULL,NULL),(10,12,'article','Как правильно выбрать поликарбонат? Советы профессиональных строителей, обзор','как выбрать поликарбонат','Как правильно нужно выбирать качественный и надежный поликарбонат? Советы и рекомендации от профессиональных строителей, знающих свое дело.',NULL,NULL),(11,13,'article','Выращивание томатов на открытом грунте и в теплицах','В теплицах, помидоры, выращивание помидоров, вырашивание в теплицах, томаты, томатов,','Статьи: Как выращивать помидоры   на открытом грунте и в теплицах. Томаты (помидоры) выращивание томатов',NULL,NULL),(12,14,'article','Автоматическое проветривания втеплице | Вентиляция, влажность воздуха','Вентиляция, проветривание, климат контроль, влажность воздуха, в теплице, в теплицах, теплиц','Климат контроль в теплицах, установка и монтаж системы проветривания и контроля влажности воздуха. Отопление и освещение в теплице.',NULL,NULL),(13,16,'article','Как выбрать теплицу из поликарбоната?',NULL,NULL,NULL,NULL),(14,17,'article','Как подготовить теплицу к зиме?','','',NULL,NULL),(15,18,'article','Поликарбонат цена размеры','Поликарбонат, цена, размеры поликарбоната, цена поликарбоната','Сотовый поликарбонат цена и размеры, полезная информация о сотовом поликарбонате',NULL,NULL),(16,19,'article','Размеры листов поликарбоната','Поликарбонат, размер листа поликарбоната, размер сотового поликарбоната','Размеры листов поликарбоната сотового и монолитного, отличие размеров',NULL,NULL),(17,20,'article','Поликарбонат цена и размеры листа','Поликарбонат, сотовый поликарбонат, монолитный, размеры листов','Сотовый поликарбонат цена и размеры листа, основные характеристики пластика',NULL,NULL),(18,21,'article','Прозрачный сотовый поликарбонат - область использования','сотовый поликарбонат, прозрачный поликарбонат','Прозрачный сотовый поликарбонат - область применения, краткие сведения',NULL,NULL),(19,22,'article','Дачная теплица – советы перед установкой теплицы','теплица, дачная теплица, поликарбонат','Дачная теплица из поликарбоната обязательный атрибут любого огорода, советы перед установкой',NULL,NULL),(20,23,'article','Дачная теплица – правильно выбираем размер','дачная теплица, теплица, размер теплицы','Дачная теплица – правильно выбираем размер, советы по материалам и установке',NULL,NULL),(21,24,'article','Пластик листовой – сотовый и монолитный поликарбонатПластик листовой – сотовый и монолитный поликарбонат','поликарбонат, сотовый, монолитный, листовой пластик','Пластик листовой – сотовый и монолитный поликарбонатПластик листовой – сотовый и монолитный поликарбонат, свойства листов, размеры и толщина поликарбоната',NULL,NULL),(22,25,'article','Оргстекло купить, свойства оргстекла-акрила','оргстекло, акрил, купить оргстекло','Область применения огрстекла, свойства материала и преимущества перед конкурентами. Где купить оргстекло по хорошей цене?',NULL,NULL),(23,26,'article','Монолитный поликарбонат - преимущества использования','поликарбонат, монолитный поликарбонат, кровельный поликарбонат','Монолитный поликарбонат - характеристики, преимущества перед кровельными материалами. Монолитный поликарбонат цена и формирование цены',NULL,NULL),(24,27,'article','Забор из поликарбоната, дополнительная защита','поликарбонат, забор из поликарбоната','Обшивка забора из поликарбоната, забор из поликарбоната как дополнительная защита',NULL,NULL),(25,28,'article','Монтаж сотового и монолитного поликарбоната, советы по монтажу поликарбоната','поликарбонат, монолитный поликарбонат, сотовый поликарбонат, монтаж поликарбоната','Правильный монтаж сотового и монолитного поликарбоната, полезные советы по монтажу и эксплуатации.',NULL,NULL),(26,29,'article','Поликарбонат ТитанПласт основные свойства, характеристики','поликарбонат, титанпласт, titanPlast','Поликарбонат ТитанПласт по хорошей цене, качественный поликарбонат с гарантией и высокими характеристиками',NULL,NULL),(27,1,'news',NULL,'Сотовый поликарбонат, скидки на поликарбонат, акция','Акция на сотовый поилкарбонат',NULL,NULL),(28,2,'news',NULL,'теплицы, теплица, продажа теплиц, теплицы в рассрочку, Вишневый сад теплицы, Вишневый Сад, Уникальная теплица термос.','Теплицы,  Продажа теплиц, Как выгодно купить теплицу. Описание и преимущества уникальной теплицы под сотовый поликарбонат',NULL,NULL),(29,6,'news',NULL,'террасная доска Киев','террасная доска акция',NULL,NULL),(30,3,'news',NULL,'Поликарбонат скидки, Акция, Акции, распродажа,','Поликарбонат Акция! Скидки на поликарбонат Plastilux Распродажа',NULL,NULL),(31,4,'news',NULL,'','',NULL,NULL),(32,5,'news',NULL,'Подоконники распродажа, акция, скидки, акции','Подоконник Данке Акция! Скидки на подоконники Данке 100 мм! Распродажа!',NULL,NULL),(33,7,'news',NULL,'Акция, скидки на сотовый поликарбонат, распродажа','Сотовый поликарбонат со скидкой, распродажа сотового поликарбната',NULL,NULL),(34,8,'news',NULL,'Акция, распродажа, поликарбонат','Акция на цветной поликарбонат',NULL,NULL),(35,9,'news',NULL,'Акция, поликарбонат, распродажа','Акция на цветной сотовый поликарбонат POLYSIDE',NULL,NULL);
/*!40000 ALTER TABLE `tbl_article_meta` ENABLE KEYS */;
UNLOCK TABLES;

--
-- Table structure for table `tbl_articles`
--

DROP TABLE IF EXISTS `tbl_articles`;
/*!40101 SET @saved_cs_client     = @@character_set_client */;
/*!40101 SET character_set_client = utf8 */;
CREATE TABLE `tbl_articles` (
  `id` int(11) NOT NULL AUTO_INCREMENT,
  `title` varchar(255) COLLATE utf8_unicode_ci NOT NULL,
  `slug` varchar(100) COLLATE utf8_unicode_ci NOT NULL,
  `announce` text COLLATE utf8_unicode_ci,
  `content` text COLLATE utf8_unicode_ci,
  `status` tinyint(1) DEFAULT '0',
  `image_id` int(11) DEFAULT NULL,
  `video_id` int(11) DEFAULT NULL,
  `created_at` int(11) NOT NULL,
  `updated_at` int(11) DEFAULT NULL,
  PRIMARY KEY (`id`),
  KEY `slug` (`slug`),
  KEY `status` (`status`),
  KEY `created_at` (`created_at`),
  KEY `updated_at` (`updated_at`),
  KEY `FK_articles_image_id` (`image_id`),
  KEY `FK_articles_video_id` (`video_id`),
  CONSTRAINT `FK_articles_image_id` FOREIGN KEY (`image_id`) REFERENCES `tbl_article_files` (`id`) ON DELETE SET NULL ON UPDATE CASCADE,
  CONSTRAINT `FK_articles_video_id` FOREIGN KEY (`video_id`) REFERENCES `tbl_article_files` (`id`) ON DELETE SET NULL ON UPDATE CASCADE
) ENGINE=InnoDB AUTO_INCREMENT=30 DEFAULT CHARSET=utf8 COLLATE=utf8_unicode_ci;
/*!40101 SET character_set_client = @saved_cs_client */;

--
-- Dumping data for table `tbl_articles`
--

LOCK TABLES `tbl_articles` WRITE;
/*!40000 ALTER TABLE `tbl_articles` DISABLE KEYS */;
INSERT INTO `tbl_articles` VALUES (3,'Применение прозрачной кровли','article3.htm','Постепенное развитие архитектурного искусства всегда вносило в нашу жизнь все более яркие краски. Создавая новые и совершенствуя уже существующие конструкции и материалы, мастера архитектурного дизайна каждый день меняли облик не только наших домов, но и городов в целом...','<ADDRESS>Постепенное развитие архитектурного искусства всегда вносило в&nbsp;нашу жизнь все более яркие краски. Создавая новые и&nbsp;совершенствуя уже существующие конструкции и&nbsp;материалы, мастера архитектурного дизайна каждый день меняли облик не&nbsp;только наших домов, но&nbsp;и&nbsp;городов в&nbsp;целом.</ADDRESS>\r\n<H4>Поликарбонат&nbsp;— универсальный пластик для прозрачной кровли</H4>\r\n<P>Сегодня развитие технологий также не&nbsp;стоит на&nbsp;месте, и&nbsp;последним предложением на&nbsp;рынке материалов стал поликарбонат. Ни&nbsp;для кого не&nbsp;секрет, что в&nbsp;моду с&nbsp;дикой скоростью стало входить светопрозрачное остекление, а&nbsp;соответственно, все прилагающиеся аспекты: прозрачная кровля, навесы, козырьки <NOBR>и т.д.</NOBR> Причиной тому служит не&nbsp;только тот факт, что прозрачная кровля со&nbsp;всеми вариациями цветов и&nbsp;конструкций весьма элегантно дополняет любое строение, но&nbsp;и&nbsp;то, что используемые материалы очень практичны.</P>\r\n<P>Как следствие, из&nbsp;практичности и&nbsp;интересного интерфейса, изделия из&nbsp;поликарбоната нашли огромное применение в&nbsp;промышленном и&nbsp;городском строительстве, в&nbsp;рекламе, сельском хозяйстве, дизайне интерьеров. Ну&nbsp;что&nbsp;ж, обо всем по&nbsp;порядку.</P>\r\n<P>Начнем с&nbsp;того, что поликарбонат, благодаря своим уникальным <NOBR>физико-техническим</NOBR> свойствам, давно зарекомендовал себя как один из&nbsp;самых популярных материалов для создания прозрачной кровли. Во&nbsp;многом превосходящий пластик и&nbsp;стекло, поликарбонат обладает ребрами жесткости, вдоль которых листы из&nbsp;ПК&nbsp;можно сгибать, а&nbsp;это дает все возможности для воплощения самых изощренных дизайнерских идей.</P>\r\n<P>Гибкость и&nbsp;упругость материала нашли свое применение в&nbsp;изготовлении практически всех видов кровли, ведь именно это свойство позволяет уменьшить площадь металлоконструкции каркаса, а&nbsp;соответственно и&nbsp;светопроницаемость кровли.&nbsp;Это, в&nbsp;свою очередь, особенно важно в&nbsp;остеклении промышленных цехов, больших переходов внутри здания и&nbsp;просто остекления монолитным поликарбонатом торговых сооружений.</P>\r\n<P>Развитие коттеджного строительства стало резким толчком для дополнения домов крытыми бассейнами, зимними садами или оранжереями. Прозрачная кровля и&nbsp;здесь нашла свое применение, ведь ребра жесткости, которыми соединены все слои панели из&nbsp;ПК, образуют внутри воздушные прослойки, благодаря чему материал обладает высокой теплоизоляцией, звукоизоляцией и&nbsp;особой легкостью. И&nbsp;если при строительстве зимних садов и&nbsp;оранжерей прозрачное остекление является жизненно необходимым для растений, то&nbsp;в&nbsp;создании прозрачной крыши над бассейном обычно преследуют декоративные цели. Дело в&nbsp;том, что листы из&nbsp;поликарбоната могут быть как прозрачными, так и&nbsp;с&nbsp;оттенками бронзового, серебряного, фиолетового цветов. Если полностью прозрачное остекление дает прекрасное освещение, то&nbsp;листы с&nbsp;оттенками создают в&nbsp;помещении приглушенный свет - добавьте к этому&nbsp;отблески воды, и&nbsp;атмосфера в&nbsp;бассейне становится&nbsp;ещё уютней и&nbsp;романтичней.</P>\r\n<P>При изготовлении панели из&nbsp;поликарбоната покрываются слоем, не&nbsp;пропускающим ультрафиолетовые лучи, что, в&nbsp;свою очередь, является актуальным как для человека, так и&nbsp;для растений. Да&nbsp;и&nbsp;там, где нежелательно прямое попадание солнечных лучей, листы из&nbsp;ПК&nbsp;нашли свое применение. Именно поэтому прозрачная кровля стала столь востребованной в&nbsp;сельском строительстве (в&nbsp;основном, теплицы и&nbsp;парники). Огромным плюсом здесь является ещё и&nbsp;то, что поликарбонат в&nbsp;200 раз прочнее привычного нам стекла, более стойкий к&nbsp;механическим повреждениям, а&nbsp;при правильном монтаже совершенно герметичен.</P>\r\n<P>Благодаря своей ударостойкости и&nbsp;долговечности поликарбонат используется в&nbsp;рекламе (плакаты-щиты), в&nbsp;уличном строительстве (автобусные остановки, телефонные кабины).</P>\r\n<P>Можно заключить, что прозрачная кровля, плавно ставшая неотъемлемой частью современной архитектуры, окружает нас практически повсюду и, благодаря уникальным возможностям проектировки и&nbsp;декоративным качествам, является незаменимым помощником в&nbsp;любом строительстве.</P>',1,1,NULL,1237999525,NULL),(4,'Развитие поликарбонатного рынка в Украине','article4.htm','Материалы из поликарбоната, в 2009 г. по мнению специалистов, во многих отраслях и в том числе в строительстве будут пользоваться повышенным спросом.\r\nГоворя о мировых производителях поликарбоната, специалисты отмечают, что в их среде наблюдается процесс консолидации, что обусловлено, помимо прочего, стремлением расширить сферу применения указанных материалов.\r\nЧто касается материалов из поликарбоната отечественного производства, то в ближайшее время их ожидать не следует. Причина понятная — недостаток финансовых ресурсов.','<P>Материалы из&nbsp;поликарбоната, в&nbsp;2009&nbsp;г. по&nbsp;мнению специалистов, во&nbsp;многих отраслях и&nbsp;в&nbsp;том числе в&nbsp;строительстве будут пользоваться повышенным спросом.<BR>Говоря о&nbsp;мировых производителях поликарбоната, специалисты отмечают, что в&nbsp;их&nbsp;среде наблюдается процесс консолидации, что обусловлено, помимо прочего, стремлением расширить сферу применения указанных материалов.<BR>Что касается материалов из&nbsp;поликарбоната отечественного производства, то&nbsp;в&nbsp;ближайшее время их&nbsp;ожидать не&nbsp;следует. Причина понятная&nbsp;— недостаток финансовых ресурсов.<BR>По&nbsp;оценке специалистов, в&nbsp;настоящее время затраты на&nbsp;разработку и&nbsp;внедрение в&nbsp;производство одного нового вида пластмасс, а&nbsp;для наших производителей таковым будет считаться поликарбонат, превышает $150&nbsp;млн.<BR>Очевидно, что производить новые материалы сегодня, да&nbsp;и&nbsp;в&nbsp;ближайшем будущем, способны лишь мощные многонациональные компании, обладающие достаточными финансовыми ресурсами, позволяющими вкладывать необходимые средства в&nbsp;создание и&nbsp;внедрение новых технологий.<BR>Вместе с&nbsp;этим украинский рынок настроен на&nbsp;широкое использование поликарбонатных материалов. Мировая практика многолетнего использования сотового поликарбоната в&nbsp;архитектуре (торговые и&nbsp;спортивные центры, зимние сады и&nbsp;оранжереи, выставочные залы и&nbsp;крытые переходы) показала его преимущества, и&nbsp;эти преимущества будут с&nbsp;успехом реализовываться украинскими дизайнерами и&nbsp;архитекторами. По&nbsp;мнению специалистов, применение этого материала в&nbsp;жилищном строительстве (и&nbsp;ремонте существующего жилищного фонда) будет возрастать.</P>\r\n<P>Ещё совсем недавно единственным материалом для создания светопрозрачных конструкций служило стекло. В&nbsp;настоящее время ситуация изменилась, и&nbsp;для этих целей используют поликарбонатные листы. Конечно, этот материал нельзя считать альтернативой стеклу, скорее всего это удачное дополнение, позволяющее создавать качественные и&nbsp;выразительные, с&nbsp;архитектурной точки зрения, объекты.</P>\r\n<P>Строительный комплекс использует различные виды поликарбоната, в&nbsp;том числе и&nbsp;монолитные листы. Однако, благодаря повышенной прочности, возможности создания арочных и&nbsp;купольных конструкций, хорошей тепло- и&nbsp;звукоизоляции, красивому внешнему виду, наряду с&nbsp;прозрачностью и&nbsp;равномерным рассеиванием света особенно популярным в&nbsp;строительстве сегодня становится структурный (сотовый) поликарбонат. Именно об&nbsp;этом сегменте рынка и&nbsp;будем, в&nbsp;большей степени, говорить при дальнейшем рассмотрении украинского рынка поликарбонатных листов.</P>\r\n<P>Рассматривая ситуацию на&nbsp;украинском рынке поликарбонатных листов, специалисты отмечают, что кардинальные изменения здесь произошли в&nbsp;2003&nbsp;г.</P>\r\n<P>Уже в&nbsp;2004&nbsp;г. на&nbsp;украинском рынке было реализовано почти 1 тыс. 219 т. продукции отечественного производителя. В&nbsp;2005&nbsp;г. объем реализации был увеличен на&nbsp;20% и&nbsp;составил и&nbsp;составил 1 тыс. 471 т.</P>\r\n<P>В&nbsp;2006&nbsp;г. объем реализации составит около 2 тыс. т. поликарбонатных листов.</P>\r\n<P>Однако, даже, несмотря на&nbsp;это, значительную часть (70%) украинского рынка занимают изделия зарубежных производителей. При этом лидерские позиции удерживает продукция китайского производства. Поликарбонатным листам «Made in&nbsp;China» принадлежит 39% нашего рынка. В&nbsp;первом полугодии текущего года было реализовано 1 тыс. 394,5 т. китайского поликарбоната.</P>\r\n<P>В&nbsp;связи с&nbsp;этим, значительно сократилась часть рынка, принадлежавшая ранее европейским производителям. По&nbsp;оценкам экспертов, все они занимают 31% рынка (в&nbsp;первом полугодии 2006&nbsp;г. было реализовано 821 т. поликарбонатных листов).</P>\r\n<P>В&nbsp;целом, говоря о&nbsp;продукции зарубежных производителей, специалисты отмечают, что сегодня поликарбонатные листы импортируются из:</P>\r\n<UL>\r\n<LI>Италии (сотовый поликарбонат Daulux, производства компании Роlyu Italiana Spa); \r\n<LI>Германии (поликарбонатные плиты Macrolon концерна Bayer Sheet Europe); \r\n<LI>Израиля (сотовый поликарбонат Polygal производства компании Ро1уgal industries Ltd, поликарбонатная система светопрозрачных покрытий Danpalon и&nbsp;система Соntrolite компании Dan Pal).</LI></UL>\r\n<P>По&nbsp;оценкам экспертов в&nbsp;первом полугодии 2006&nbsp;г. было реализовано 216 т&nbsp;— итальянского, 209 т&nbsp;— немецкого и&nbsp;198 т. —&nbsp;израильского поликарбоната. Сегодня продукция этих производителей удерживает, соответственно 9%, 8% и&nbsp;7% украинского рынка, в&nbsp;первом полугодии текущего года объем реализации их&nbsp;продукции составил 198 т.</P>\r\n<P>Оценивая популярность торговых марок поликарбонатных листов среди потребителей, многие специалисты отмечают, что наибольшим спросом сегодня пользуются такие как: Plastilux (Китай), Stronex (Украина), Daulux (Италия), Macrolon (Германия), Polygal (Израиль) . При этом в&nbsp;Украине к&nbsp;наиболее популярным товарным позициям относятся <NOBR>4-х</NOBR>, <NOBR>6-ти</NOBR> и&nbsp;<NOBR>8-ми</NOBR> мм&nbsp;сотовые листы.</P>\r\n<P>Специалисты отмечают, что сотовые поликарбонатные листы относятся, к&nbsp;так называемым системным продуктам. Это значит, что для создания качественной конструкции, кроме самого листа, необходимы ещё различные аксессуары, использующиеся при монтаже. С&nbsp;учетом этого говорить только о&nbsp;стоимости листов будет не&nbsp;совсем корректно. И&nbsp;для того, чтобы не&nbsp;вводить потенциальных заказчиков в&nbsp;заблуждение, рассмотрим примерную стоимость каждого элемента системы в&nbsp;отдельности. И&nbsp;так, в&nbsp;зависимости от&nbsp;торговой марки, толщины и&nbsp;цвета 1&nbsp;м&#178; сотового поликарбонатного листа обойдется застройщику от&nbsp;32 до&nbsp;140 грн. При этом, по&nbsp;мнению специалистов, поликарбонат можно условно разделить на&nbsp;три ценовых диапазона. К&nbsp;наиболее дорогим изделиям относятся Makrolon и&nbsp;Daulux. Средний ценовой диапазон&nbsp;— Stronex, Polygal. К&nbsp;недорогой продукции относятся поликарбонатные листы азиатских, в&nbsp;том числе и&nbsp;китайских производителей, отличающиеся при этом и&nbsp;неплохим качеством.</P>\r\n<P>К&nbsp;стоимости поликарбонатных листов необходимо ещё добавить и&nbsp;стоимость стыковочных и&nbsp;торцевых монтажных поликарбонатных профилей. Цена стыковочного изделия колеблется от&nbsp;12 до&nbsp;40 грн. за&nbsp;погонный метр, торцевые обойдутся дешевле, их&nbsp;стоимость составляет около 10грн. за&nbsp;погонный метр. При монтаже используется также лента и&nbsp;крепеж. Соответственно стоимость</P>\r\n<P>перфорированной ленты шириной 25&nbsp;мм составляет около 180 грн за&nbsp;рулон (33&nbsp;м.п.), неперфорированной&nbsp;— 120 грн за&nbsp;рулон (50&nbsp;м. п.). Что касается крепежа, то&nbsp;и&nbsp;он&nbsp;значительно влияет на&nbsp;качество светопрозрачной конструкции. И&nbsp;хотя стоимость этих изделий, вызывает желание сэкономить (только одна термошайба для поликарбонатных листов обойдется около 3 грн), искать «нетрадиционные» способы крепежа специалисты не&nbsp;рекомендуют.</P>\r\n<P>Подобные расчеты показывают, что для получения качественной конструкции необходимы незначительные финансовые затраты. Именно это является для многих заказчиков основополагающим фактором при выборе поликарбонатных листов для кровельной системы.</P>\r\n<P>Для повышения конкурентоспособности многие производители работают над расширением ассортимента своей продукции. Новинками на&nbsp;украинском рынке являются 16&nbsp;мм (Х/3, Н/6) и&nbsp;20&nbsp;мм (Н/6) сотовые поликарбонатные листы, способных выдерживать большие нагрузки и&nbsp;энергосберегающих поликарбонатных листов.</P>\r\n<P>Мировая практика многолетнего использования сотового поликарбоната в&nbsp;архитектуре (торговые и&nbsp;спортивные центры, зимние сады и&nbsp;оранжереи, выставочные залы и&nbsp;крытые переходы) показала его преимущества, и&nbsp;эти преимущества будут с&nbsp;успехом реализовываться украинскими дизайнерами и&nbsp;архитекторами.</P>\r\n<P>По&nbsp;мнению специалистов, применение этого материала украинским строительным комплексом будет возрастать в&nbsp;среднем на&nbsp;25–30% в&nbsp;год. Учитывая интерес застройщиков к&nbsp;этому материалу, некоторые производители поликарбонатных листов, обладающие достаточными финансовыми ресурсами, планируют расширять свое производство.</P>',1,3,NULL,1237999624,NULL),(5,'Статья о поликарбонатных теплицах','article5.htm','Время, когда использовались стеклянные или пленочные теплицы ушло. Они стремительно вытесняются теплицами покрытыми уникальным материалом – сотовым поликарбонатом.\r\nВ странах Европы довольно давно ощущается проблема стоимости энергоресурсов, и именно этим материалом покрыто множество теплиц. Этот материал является превосходным теплоизолятором благодаря воздушным камерам, не связанных друг с другом. К примеру, сотовый поликарбонат в два с лишним раза превосходит по уровню теплоизоляции полиэтиленовую пленку или простое остекление, и это панель толщина которой всего 4мм и 6мм...','<p>Время, когда использовались стеклянные или пленочные теплицы ушло. Они стремительно вытесняются теплицами покрытыми уникальным материалом – сотовым поликарбонатом.<br>В странах Европы довольно давно ощущается проблема стоимости энергоресурсов, и именно этим материалом покрыто множество теплиц. Этот материал является превосходным теплоизолятором благодаря воздушным камерам, не связанным друг с другом. К примеру, сотовый поликарбонат в два с лишним раза превосходит по уровню теплоизоляции полиэтиленовую пленку или простое остекление, и это панель, толщина которой всего 4 мм и 6 мм. <br>Светопроницаемость составляет порядка 90% у двухслойной панели и не снижается при долговременном использовании. Вредное ультрафиолетовое излучение, которое негативно сказывается на растениях и человеке, практически полностью задерживается. Благодаря ультрафиолетовому стабилизатору, который присутствует в составе материала или в структуре прозрачного лака стабилизирующего слоя, находящегося на поверхности, обеспечивается надежная защита от негативного воздействия ультрафиолетовых лучей. <br>Сотовый поликарбонат рассеивает солнечный свет, отражая его от любой поверхности препятствующей проникновению лучей (ребра жесткости, верхнего и нижнего слоя). Внутри возникает «тепличный эффект» из-за того, что излучаемое объектами тепло остается в теплице. От стекла поликарбонат отличается тем, что имеет высокую эластичность и ударопрочность. При транспортировке панель можно свернуть в рулон, диаметр которого не более метра. Для теплицы из поликарбоната капитальный фундамент не обязателен, так как панели довольно устойчивые и легкие (1 кв.м весит 800 г). <a title=\"Сборные конструкции теплиц\" href=\"/constructions/hothouses/gallery-hothouses/\" target=\"_self\">Сборная конструкция теплицы</a> имеет штыри, которые входят в землю (на 40 см), и таким образом хорошо поддерживает саму конструкцию теплицы. Также можно обойтись неглубоким бетонным фундаментом или фундаментом из бруса. <br>Сотовый поликарбонат на протяжении десяти лет гарантированно будет сохранять изначальную светопроницаемость и прочность. Согласно заявлению производителя,&nbsp;срок эксплуатации поликарбоната&nbsp;составляет порядка тридцати лет.</p>\r\n<p><span class=\"tx2\">Преимущества поликарбоната очевидны:</span></p>\r\n<p>1. Прочный (в 200 раз прочнее стекла) <br>2. Высокая светопроницаемость (до 96%) <br>3. Чрезвычайная легкость (в 6 раз легче стекла) <br>4. Защита от ультрафиолетового излучения <br>5. Огнестойкость (самозатухание) <br>6. Удобство эксплуатации <br>7. Превосходная теплоизоляция <br>8. Удобство установки <br>9. Возможность холодной гибки <br>10. Не вреден для окружающей среды<br>Благодаря уникальным свойствам и характеристикам сотового поликарбоната&nbsp;архитекторы не&nbsp;останавливаются на достигнутом.&nbsp;Поликарбонат используется в строительстве зимних садов, навесов, козырьков и других конструкций в которых требуется <a href=\"/\">прозрачная кровля</a>.</p><!--noindex--><br><!--/noindex-->',1,2,NULL,1240123265,NULL),(6,'Отопление теплиц','article6.htm','Вопрос выбора отопительной системы для теплицы напрямую зависит от ее размера, системы отопления в вашем доме и, конечно же, суммы денег, которую вы готовы на это выделить. Виды отопления и обогрева теплиц...','<p>Вопрос выбора отопительной системы для теплицы напрямую зависит от ее размера, системы отопления в вашем доме и, конечно же, суммы денег, которую вы готовы на это выделить. <br>Сразу же отметим, что возможности эксплуатации теплиц без систем обогрева довольно ограничены, и не только в холодные зимние месяцы. Так, начав отопление еще в апреле, вы можете продлить сезонные работы более чем на три месяца. И уже в мае можно будет высаживать рассаду в саду, теплице или парнике. Первые урожаи, таким образом, появятся в июне, при этом останется время и для второго или даже третьего урожая.<br>При этом тропические или средиземноморские культуры необходимо выращивать в обогреваемых теплицах в течение всего года. Специалисты отмечают, что в отоплении нуждаются даже теплицы из самых качественных изолирующих материалов, которые на самом деле предназначены лишь для поддержания температуры выше нуля.<br>Нужно учитывать, что при обогреве теплицы только в одной точке, тепло в ней будет распределяться неравномерно. Для улучшения доставки подогретого воздуха в остальные части теплицы понадобится вентилятор. Однако у него есть недостаток – в процессе своей работы он охлаждает воздух. <br>Опытные садоводы советуют найти возможность не давать восходящему теплу быстро выходить через наружное покрытие теплицы. Также желательно добиться его распределения по всей площади. Подогретая вода, циркулирующая по трубам, смонтированным под полом или внутри помещения, может послужить хорошим в этом помощником. <br>Чем больше труб будет в теплице, тем меньше можно нагревать в них воду - тепло в данном случае отдается экономно и медленно. Также, чем больше диаметр труб, тем меньше необходимая скорость течения воды. Следует отметить, однако, что система труб достаточно медленно нагревается. <br>Можно использовать и конвекторы. Они снижают массу воды, имея в то же время довольно большую площадь отражения. В теплицы следует устанавливать большие конвекторы – в ином случае выходная температура непосредственно возле них будет слишком высокой. Для предотвращения же сухости воздуха, которая может повысить заболеваемость растений, необходимы относительно низкие и равномерные температуры.<br><br><span style=\"font-size: 17px; line-height: 17px; color: rgb(48, 65, 5);\">Стоимость отопления теплиц<br></span><span style=\"font-weight: bold;\">Отопление</span> также необходимо проектировать исходя из конкретных условий. Например, если теплица хорошо теплоизолирована (теплица – термос) и расположена на приусадебном участке, недалеко от дома, тогда вполне реально проложить теплотрассу (дешевле над землей, воздушную) между домом и теплицей, и в этот же канал теплотрассы вложить шланг подачи воды в теплицу. Тогда морозы не страшны ни водопроводу, ни теплице. Именно этот вариант я использую для своей теплицы. Увеличение потребления газа для отопления дома практически не заметно, да еще и лампы освещения хорошо греют воздух в теплице. В дневное время терморегуляторы отключают отопление в теплице и включают дополнительное вентилирование, чтобы удержать заданную температуру.</p><p>&nbsp;&nbsp; Если для Вас такой способ отопления по какой-либо причине невозможен, тогда необходимо устанавливать автономное отопление. Вариантов очень много, какой из них избрать – будем решать вместе. </p>\r\n<p>Следует отметить, что стоимость отопления теплиц многими переоценивается. Проще всего узнать потребность в тепле можно, запросив информацию у изготовителя. На основе предоставленных им данных подбирается и устанавливается подходящая отопительная система. Для приблизительного вычисления мощности обогрева подойдет простая формула:</p><p>Общая площадь стекла х Разница температур х Коэффициент теплопередачи = Мощность обогрева. <br>В основном, для быстрых и простых расчетов берется площадь стекла и умножается на величину К - 7,6. Разница же температур вычисляется на основе нужной вам температуры внутри теплицы и предположительной минимальной температуры снаружи. Допустим, в вашей местности самая низкая температура равна -15°С, а внутри теплицы вам нужно поддерживать ее на уровне +10°С – таким образом, разница составит 25°С. При поверхности остекления теплицы равной 50 м2 получится такое решение:<br>50 м2 (площадь стекла) х 25 К (разница температур) х 7,6 Вт/м2 (величина К) = 9500 Вт (мощность обогрева). [К = градус Кельвина].<br>То есть, на отопление стеклянной теплицы такой площади понадобится 9500 Ватт. Это, конечно, немалая мощность. Решением может стать замена стекла толщиной 4 мм на двойное гофрированное стекло толщиной 16 мм (величина К для него составляет 2,9), а также покрытие теплицы пленкой «с пупырышками». В результате этого потребление энергии для обогрева существенно снизится.</p>\r\n<h2>Электрическое отопление</h2>\r\n<p>Данный вид обогрева является наиболее эффективным решением для небольших теплиц с хорошей изоляцией, которые отапливаются непостоянно или только для поддержания плюсовой температуры. Для этих целей будет вполне достаточно тепличного вентилятора с хорошими показателями распределения тепла и безопасности. При этом специальные отопительные системы способны подавать тепло различными дозами. Для начала можно установить минимальный режим, и только, если тепла не будет хватать, открыть дополнительные вентили.<br>Хорошей надежностью и прочностью обладают так называемые ребристые радиаторы с термостатами. Тепло, с регулируемой температурой, распределяется по длинному корпусу. На рынке имеются радиаторы длиной от 150 до 250 см мощностью 2000 Ватт. Также следует обратить внимание, что в теплицах, где постоянно удерживается температура выше 10°С, независимо от мощности обогревателя необходимо предусмотреть влияние ночного похолодания.<br>Можно использовать для теплиц и водяное отопление с электроподогревом. Отметим, что водный обогрев сам по себе наиболее выгоден для теплиц. Вода нагревается в бойлере, после чего перекачивается в пластиковые трубы циркуляционным насосом. Такие трубы можно проложить вдоль внешних стенок теплицы или между растениями.<br>Подключение к существующей системе отопления<br>В финансовом плане самым выгодным вариантом является подключение к уже существующей отопительной системе. Сначала, тем не менее, надо убедиться, что котел сможет обеспечить требуемое давление. При этом ведущие к теплице трубы следует утеплить, что само по себе недешево и оправдывается, только если теплица находится не дальше 10 м от дома. Нужно принять во внимание и то, что обогрев теплицы необходим, прежде всего, ночью. Однако современные отопительные регулируемые системы именно в это время обычно снижают температуру – так что нужно учесть приоритетное подключение к теплице.</p>\r\n<h2>Газовое отопление в теплице</h2>\r\n<p>В случае, когда обогрев теплице нужен всего лишь несколько недель в году, оптимальным вариантом могут стать газовые баллоны. Если же вы собираетесь отапливать теплицу круглогодично, понадобится резервуар с жидким газом или подключение к общей сети. Обогревают маленькие теплицы катализаторными горелками с платиновым покрытием и термостатической регулирующей системой. При этом благодаря чрезвычайно высокому коэффициенту полезного действия выделение угарного газа вследствие неполного сгорания исключено. <br>Специалисты отмечают, что при установке любой газовой системы следует позаботиться о достаточной подаче кислорода. Для этих целей нужна выхлопная система. Кислород, необходимый для нее, может подаваться через прямое подключение к внешней стене или дымовую трубу.<br>Вообще, хорошая циркуляция воздуха является залогом успеха. Отлично регулируется вентиляция в форме жалюзи – тем не менее, она не подходит для зимних теплиц, потому что створки жалюзи плотно закрыть не получится. Так что перед наступлением холодов такие теплицы необходимо герметизировать дополнительным слоем пленки.<br></p>\r\n<h3>Дополнительные приспособления в теплице</h3>\r\n<p>Так как заморозки способны свести на нет всю работу, для контроля температуры в теплице желательно предусмотреть установку сигнального устройства. Сейчас в продаже есть модели, сигнализирующие о снижении или повышении температуры в заданных пределах, отключении тока и т.д. Возможно и обустройство дополнительного источника обогрева.<br></p>\r\n<h2>Подробнее о теплицах</h2>\r\n<p>• <a title=\"Купить обогреватель\" href=\"/obogrevately/\" target=\"_self\">Обогреватели<br></a>•&nbsp;<a title=\"Описание продажы теплиц, в рассрочку и кредит\" href=\"http://polikarbonatvs.com.ua/services/sale-hothouses/\" target=\"_blank\"><span style=\"COLOR: #810081\">Описание&nbsp;продажы теплиц в рассрочку и кредит<br></span></a>• <a title=\"Теплицы и парники изготовление и виды теплиц, преимущества теплиц\" href=\"http://polikarbonatvs.com.ua/constructions/hothouses/\" target=\"_blank\"><span style=\"COLOR: #810081\">Изготовление и описание&nbsp;преимущества теплицы из поликарбоната<br></span></a>• <a title=\"Фотогалерея теплиц из поликарбоната\" href=\"http://polikarbonatvs.com.ua/constructions/hothouses/gallery-hothouses/\" target=\"_blank\"><span style=\"COLOR: #810081\">Фотогалерея теплиц</span></a><br>• <a title=\"Статьи о поликарбонатных теплицах, теплицы\" href=\"http://polikarbonatvs.com.ua/articles/article5.htm\" target=\"_blank\"><span style=\"COLOR: #810081\">Статьи о поликарбонатных теплицах</span></a><br>• Вы также&nbsp;можете <a href=\"http://polikarbonatvs.com.ua/ufiles/Image/Instrukciya.doc\"><span style=\"COLOR: rgb(129,0,129)\">скачать инструкцию по монтажу теплицы</span></a>&nbsp;(2.05 Мб) </p>',1,4,NULL,1245350274,NULL),(7,'Основные формы теплиц','article7.htm','Внешний вид теплицы выбирается не столько на основании соображений дизайна, сколько в зависимости от растений, которые вы намерены там выращивать. От этого зависят ширина теплицы, высота стен и конька крыши, угол и форма ее ската...','<span style=\"FONT-WEIGHT: bold\">\r\n<p>Качество теплицы можно оценить уже по внешнему виду, однако ее практичность проверяется только во время эксплуатации. Предназначение теплиц состоит в превращении солнечного света в тепло для растений, а также их защите от холода, дождя и ветра. Материал и конструкция теплиц могут различаться по своим характеристикам - иногда определить, что конкретно подойдет вам, можно только в процессе пользования.</p>\r\n<p><span style=\"FONT-WEIGHT: bold\">Виды теплиц и их формы</span><span style=\"FONT-WEIGHT: bold\"></span></p></span>\r\n<p><a title=\"Фото теплиц из поликарбоната\" href=\"/constructions/hothouses/gallery-hothouses/\" target=\"_self\">Внешний вид теплицы</a> выбирается не столько на основании соображений дизайна, сколько в зависимости от растений, которые вы намерены там выращивать. От этого зависят ширина теплицы, высота стен и конька крыши, угол и форма ее ската. Так, теплица с грунтовыми грядками будет шире, чем оснащенная стеллажами и столами. Такими обоснованными соображениями большинство садоводов руководствуются уже давно. Ширина, внешний вид и форма крыши теплиц для огурцов, винограда или помидоров различны. </p>\r\n<p><img border=\"0\" alt=\"\" src=\"/ufiles/Image/001.jpg\"></p>\r\n<p>Стандартная теплица была сконструирована еще в начале 50-х годов ХХ века. Ее габариты определяются размером стекол и стандартами, до сих пор применимыми в промышленном растениеводстве. Изобретение для крупных хозяйств стало впоследствии доступным для садоводов-любителей. А вскоре появились конструкции, упрощающие монтирование перекрытий.</p><span style=\"FONT-WEIGHT: bold\">\r\n<p>Двухскатные теплицы</p></span>\r\n<p>Наибольшей популярностью у покупателей пользуются прямоугольные теплицы с двухскатной крышей. Такая теплица имеет прямые стены, а угол скатов крыши обычно составляет 25-30 градусов, в зависимости от ширины и высоты конструкции. У стандартной любительской теплицы скаты крыши в основном размещены под углом 26,5 градусов. Для такой теплицы можно подобрать различную высоту стены.</p><span style=\"FONT-WEIGHT: bold\">\r\n<p>Теплицы и павильоны округлой формы (арочные теплицы)</p></span>\r\n<p><img style=\"WIDTH: 120px; MARGIN-BOTTOM: 5px; HEIGHT: 115px; MARGIN-RIGHT: 5px\" border=\"0\" alt=\"\" align=\"left\" src=\"/ufiles/Image/002.jpg\" width=\"120\" height=\"127\">На самом деле так называемые «круглые теплицы» таковыми не являются. Это шести-, восьми- или даже двенадцатиугольные конструкции. Однако из-за своей относительной округлости выглядят они достаточно элегантно. Недостатком такого типа строения является плохая циркуляция воздуха. Улучшить воздухообмен в данном случае можно, установив помимо форточек в крыше одну или несколько дополнительных боковых отдушин.<br></p>\r\n<p><br><span style=\"FONT-WEIGHT: bold\">Пристроенные теплицы</span></p>\r\n<p>Прилегающие к стенам домов конструкции были началом «тепличной» истории. Это позволяло экономить на отоплении, а также на стекле, которое в прошлом было довольно дорогим материалом. Выгодность такого размещения теплицы не утратила своей обоснованности и в наше время. К тому же отсутствие необходимости выходить из дома является очевидным преимуществом, особенно важным при необходимости постоянного ухода за растениями.</p>\r\n<p>Отметим, что стена дома, к которой пристроена теплица, должна иметь хорошую влагозащищенность. Помимо этого она должна накапливать тепло. Следует учесть и такой нюанс – стены темного цвета поглощают свет, а светлые - отражают. Подключение пристроенных теплиц к системам коммуникаций дома – электроэнергии, водоснабжению и отоплению – реализуется проще по сравнению с другими их видами. Единственным недостатком такого вида теплиц можно назвать их малую освещенность. Поэтому для выращивания в них рассады предпочтительно выбрать южное направление.</p><span style=\"FONT-WEIGHT: bold\">\r\n<p>Солярий</p></span>\r\n<p>Для поддержания в теплице круглогодичной положительной температуры в наших широтах будет недостаточно только солнечной энергии. Конечно, масса общего света в течение всего года существенно превышает потребности растений. Однако его мощность не распределена равномерно, что справедливо и для суток. </p>\r\n<p>Определенное решение предлагает теплица-солярий, способная накапливать тепло светового излучения. Сейчас солярием называют все, что лишь отчасти и по внешнему виду относится к описанным типам строений. Когда обращенная к югу площадь теплицы больше северной - появляется новый вид солярия. В принципе, все теплицы основываются на принципе солярия. Однако специалисты рекомендуют называть «солярием» только те строения, в которых энергия Солнца принимается и аккумулируется особенно эффективно. Это достигается, например, расположением теплицы в южном направлении с наклоном крыши, предусматривающим соответствие положению Солнца зимой. Также используются такие методы накапливания солнечной энергии, как большие емкости с водой, водонагреватели, солнечные батареи и т.д. Сюда относятся и насаждения, предназначенные для охлаждения в жаркие летние дни.</p><span style=\"FONT-WEIGHT: bold\">\r\n<p>Грунтовые теплицы</p></span>\r\n<p>Для тропических растений, например, орхидей или бромелиевых очень хорошо подойдут грунтовые теплицы. Растения же для холодных и теплых теплиц, а также альпийские растения при высокой температуре окружающей среды только в грунтовых теплицах могут получить необходимую для своего нормального развития низкую температуру и высокую влажность.</p><span style=\"FONT-WEIGHT: bold\">\r\n<p>Теплицы из поликарбоната – простор для формы</p></span>\r\n<p>В последнее время популярными становятся практичные <a title=\"Теплиці и парники\" href=\"/constructions/hothouses/\" target=\"_self\">теплицы и конструкции из поликарбоната</a>, уже получившие широкое распространение за рубежом. Этот легкий, гибкий и ударопрочный материал позволяет проектировать и создавать конструкции разнообразнейшей формы. Он, например, прекрасно подходит для строительства теплиц с округлой крышей или других построек, где требуются изгибы материала покрытия. Все это делает поликарбонат очень перспективным материалом как для теплиц, так и павильонов, оранжерей и других строений, способных украсить ваш приусадебный участок. </p>\r\n<p><img style=\"WIDTH: 402px; HEIGHT: 274px\" border=\"0\" alt=\"\" src=\"/ufiles/Image/Tepluca 1.jpg\" width=\"576\" height=\"430\"></p>\r\n<p><span style=\"color: rgb(48, 65, 5); font-size: 17px; line-height: 17px;\">Подробнее о теплицах</span></p>\r\n<p>• <a title=\"Описание продажы теплиц, в рассрочку и кредит\" href=\"http://polikarbonatvs.com.ua/services/sale-hothouses/\" target=\"_blank\"><span style=\"COLOR: #810081\">Описание&nbsp;продажы теплиц в рассрочку и кредит<br></span></a>• <a title=\"Теплицы и парники изготовление и виды теплиц, преимущества теплиц\" href=\"http://polikarbonatvs.com.ua/constructions/hothouses/\" target=\"_blank\"><span style=\"COLOR: #810081\">Изготовление и описание&nbsp;преимущества теплицы из поликарбоната<br></span></a>• <a title=\"Фотогалерея теплиц из поликарбоната\" href=\"http://polikarbonatvs.com.ua/constructions/hothouses/gallery-hothouses/\" target=\"_blank\"><span style=\"COLOR: #810081\">Фотогалерея теплиц</span></a><br>• <a title=\"Статьи о поликарбонатных теплицах, теплицы\" href=\"http://polikarbonatvs.com.ua/articles/article5.htm\" target=\"_blank\"><span style=\"COLOR: #810081\">Статьи о поликарбонатных теплицах</span></a><br>• Вы также&nbsp;можете <a href=\"http://polikarbonatvs.com.ua/ufiles/Image/Instrukciya.doc\"><span style=\"COLOR: rgb(129,0,129)\">скачать инструкцию по монтажу теплицы</span></a>&nbsp;(2.05 Мб) </p>',1,5,NULL,1246023725,NULL),(8,'О поликарбонате','article8.htm','Поликарбонат в качестве нового строительного материала появился на нашем рынке относительно недавно. Следует отметить, что этот материал является всего лишь одной из разновидностей поликарбоната, который также может быть монолитным и использоваться как оргстекло. Применяется полимер и для изготовления брони – при определенной толщине его не пробивает даже пистолетная пуля...','<P>Поликарбонат в качестве нового строительного материала появился на нашем рынке относительно недавно. Следует отметить, что сотовый поликарбонат является всего лишь одной из разновидностей поликарбоната, который также может быть монолитным и использоваться как оргстекло. Применяется монолитный поликарбонат и для изготовления брони – при определенной толщине его не пробивает даже пистолетная пуля. </P>\r\n<P>Все эти преимущества способствуют повышению спроса на конструкции из поликарбоната. Отметим, что для изготовления того же козырька или навеса будет недостаточно только поликарбоната. Здесь применяется крепежная арматура, которая, в зависимости от пожеланий заказчика, может быть, например, кованой. Это превращает подобную конструкцию в красивый кованый элемент.</P>\r\n<P>Растет интерес и к другой продукции из поликарбоната. Так, у дачников, овощеводов и сельскохозяйственных предприятий приобретают популярность соответственно как небольшие дачные теплицы, так и промышленные теплицы из сотового поликарбоната. Их отличает приемлемая стоимость, меньшие по сравнению со стеклянными теплицами расходы на обогрев, прочность, долгий срок эксплуатации и др.</P>\r\n<P>Вообще же, это материал, давно зарекомендовавший себя с хорошей стороны. В настоящее время он применяется практически повсеместно. Производится он путем поликонденсации хлорангидрида угольной кислоты и дифенилолпропана. Так как производные угольной кислоты являются карбонатами, этот вид материала и получил свое название сотового поликарбоната. </P>\r\n<P>Использование современных технологий позволило сотовому поликарбонату приобрести свойства, значительно превосходящие характеристики других материалов, ранее применявшихся в строительстве. Во-первых, он имеет высокую устойчивость к различным погодным условиям, сохраняя свои свойства в диапазоне температур от -60 до +80 градусов. Помимо этого, сотовый поликарбонат обладает достаточно высоким показателем вязкости, что позволяет изгибать его в холодном состояния без каких-либо деформаций или потери других качеств материала. </P>\r\n<P>К тому же благодаря своей структуре поликарбонат имеет небольшой вес - он почти в 16 раз легче стекла. Характеризуется сотовый поликарбонат и высокой износоустойчивостью. Если монтаж проведен правильно, то гарантированный срок эксплуатации материала составит 10 лет. В действительности же поликарбонат может прослужить значительно дольше - более 30 лет, не утрачивая при этом изначальных свойств. </P>\r\n<P>Известен сотовый поликарбонат и своей высокой ударопрочностью. Это практически полностью исключает возможность его деформации. Человеческими усилиями очень трудно нарушить целостность поликарбоната - данный материал в 200 прочнее обычного стекла. Отметим, что даже при нарушении своей структуры он не образует осколков.</P>\r\n<P>Немаловажным свойством поликарбоната является и его высокая пожаробезопасность. Он не воспламеняется в огне и не способствует его распространению в отличие от пластика и многих других материалов. Поликарбонат относится к категории трудновоспламеняемых материалов: класс В1 по европейской классификации (стандарт DIN4102). Это позволяет применять сотовый поликарбонат в местах с высокими требованиями пожаробезопасности: галереях, магазинах, наземных переходах и т.д. </P>\r\n<P>К существенным преимуществам сотового поликарбоната над другими традиционными материалами относят также его высокие показатели светопроницаемости, звуко- и теплоизоляции. Светопроницаемость листа из поликарбоната колеблется в пределах 80-90% в зависимости от его толщины, что дает возможность существенно уменьшить затраты на использование электроэнергии. </P>\r\n<P>Уникальные свойства поликарбоната привели к тому, что сейчас он используется почти везде: для покрытия теплиц и парников, при строительстве зданий, витрин, гостиниц, складских помещений, галерей, изготовлении рекламных щитов и т.д. Вдобавок поликарбонат просто монтируется и обеспечивает легкость самой устанавливаемой конструкции, что снижает объем необходимых работ с одновременным ростом их качества и эффективности. По этим причинам поликарбонат продолжает распространяться на рынке, завоевывая все новые сферы деятельности человека в качестве одного из наиболее выгодных и практичных материалов.</P>',1,6,NULL,1246527598,NULL),(9,'Освещение в теплицах: роскошь или необходимость?','article9.htm','Можно с уверенностью утверждать, что правильное освещение в теплицах является залогом хорошего роста растений. Свет используется в качестве источника энергии ...','<p>Можно с уверенностью утверждать, что правильное освещение в теплицах является залогом хорошего роста растений. Свет используется в качестве источника энергии для преобразования хлорофиллом неорганических веществ в органические. Из него же растения получают жизненно необходимое для своего роста тепло. Активность растений также напрямую зависит от количества света - когда дни удлиняются, развитие растений ускоряется, и наоборот. <br>Однако естественного освещения не всегда бывает достаточно. Это может быть обусловлено как плохой погодой, так и высокой потребностью конкретного растения в свете. Тем не менее, эта проблема легко решается с помощью искусственного освещения. <br>Время созревания плодов, цветения, период роста или покоя подземных частей растений – на все это влияет интенсивность света. Поэтому, прежде чем начинать применение искусственного освещения, что может изменить период цветения или приблизить время сбора урожая, необходимо изучить основы такого влияния. <br>Больше всего нуждаются в свете такие овощные культуры как огурцы, болгарский перец, помидоры, салат, –&nbsp; они требуют до 10 часов непрерывного освещения в сутки. Электрический свет в основном используется для выращивания рассады. Молодые, еще не окрепшие саженцы очень нуждаются в специальных комфортных условиях. Взрослые растения уже не столь требовательны.<br>При установке в теплице искусственного освещения следует обратить внимание, что ассимиляционный свет имеет меньшую область спектра, чем тот, который нужен глазу человека для различения цветов. По этой причине для растений производятся специальные светильники, излучающие свет только в синем и красном спектрах. <br>Выбор на рынке сейчас состоит из галогенных, люминесцентных или натриевых ламп. Отметим, что в зимнее время дополнительное освещение должно составлять порядка 2000-3000 люкс. Это потребует около 120-150 Вт на квадратный метр в зависимости от типа лампы. <br>Наиболее целесообразными для обустройства теплицы являются энергосберегающие лампы. Например, люминесцентная энергосберегающая лампа, именуемая сокращенно «экономкой», представляет собой трубку с электродами, наполненную парами ртути и аргоном (инертным газом), изнутри стенки лампы укрыты люминофором. Ультрафиолет образуется в результате контакта двигающихся под напряжением внутри лампы электронов с парами ртути. В результате его прохождения через люминофор, образуется видимый глазу свет.<br>Несмотря на свою более высокую по сравнению с обычной лампой накаливания цену, энергосберегающая лампа благодаря своим техническим особенностям в 5 раз экономнее. Именно поэтому, специалисты очень рекомендуют люминесцентные лампы для обустройства теплицы или парника. <br>Немаловажным преимуществом «экономок» является и то, что они не нагреваются – это очень важно для растений. Благодаря этому свойству энергосберегающих ламп температура в теплице остается неизменной, не влияя при этом на влажность воздуха. Считается, что размещение люминесцентных ламп вблизи растений является для них полностью безопасным.<br>Дополнительное освещение в основном монтируется только над рассадой, молодыми растениями или черенками. Для этого изготавливаются специальные рамы, оснащенные трубчатыми «экономками». Их можно закрепить на высоте 1 м над полками с будущей рассадой. Очень полезны для растений и ультрафиолетовые лампы – они ускоряют рост и помогают бороться с микробами и вредителями. Чтобы улучшить освещение, настоятельно рекомендуется применять в теплицах рефлекторы.<br>Необходимая продолжительность искусственного освещения напрямую зависит от степени естественной освещенности. Обычно дополнительный свет включают в утренние и вечерние часы, иногда и в пасмурные дни, особенно зимой или весной. При этом не советуется включать освещение на более чем 15 часов.<br>Для обустройства искусственного освещения в теплице необходимы начальные знания по установке электропроводки и соблюдение техники безопасности с учетом высокой влажности грунта. Конечно же, лучше будет, если система светильников будет установлена квалифицированными специалистами. <a title=\"теплицы\" href=\"/constructions/hothouses/\" target=\"_self\">Теплицы</a> дачные могут использоваться без дополнительного освещение, если в зимний период вы не панируете что-либо выращивать.</p>\r\n<h2>Освещение в теплице стоимость</h2>\r\n<p>В каждом конкретном случае <span style=\"FONT-WEIGHT: bold\">освещение</span> проектируется под конкретное растение, которое Вы хотите выращивать. Например: редису достаточно 10000 люксов, а укропу или томатам не помешает и 15000 люксов. Если, к примеру, взять небольшую теплицу площадью 30 кв. м,&nbsp; то для редиса будет достаточно 4 натриевые фитолампы высокого давления мощностью 600 ватт; для более светолюбивых растений количество ламп будет больше, или то же количество ламп, но большей мощности. Кроме того, растения, которые выращивают на зелень – салат, петрушка, капуста, перьевой лук и т.д., предпочтительнее освещать или досвечивать металлогалогеновыми лампами, а плодоносящие культуры натриевыми лампами. Итог: необходимо четко определиться - что Вы хотите выращивать в теплице. И еще один совет – найдите хотя бы на первый год работы агронома – технолога по теплицам, только не теоретика, а того, который имеет практический опыт работы в теплице, иначе можете потерять время и деньги.</p>',1,7,NULL,1246973684,NULL),(10,'Затенение в теплицах','article10.htm','По словам специалистов, более эффективным является именно наружное затенение теплицы, так как внутреннее не препятствует проникновению тепла. К тому же наружное затенение из пластмассы способно защитить покрытие от града...','<p>В наших широтах интенсивность освещенности для тенелюбивых и молодых растений может стать избыточной, уже начиная с марта. Из-за этого они сначала меняют цвет на внешней стороне листьев, прекращается ассимиляция. Наряду с освещенностью растет и температура. <br>Для противодействия таким негативным влияниям применяют частичное затенение - например, для ящиков с рассадой, молодых растений и т.д. Делается это с помощью тех же газетных листов или кусков ткани. Снаружи <a title=\"Теплицы из поликарбоната\" href=\"/constructions/hothouses/\" target=\"_self\">теплицу</a> можно затенить специальными пластиковыми полотнами или джутовой сеткой. Недостатком при этом является то, что затеняющие маты нельзя закрепить полностью неподвижно. <br>Однако существуют и регулируемые приспособления для затенения: из скрепленных друг с другом пластиковых роликов или алюминиевых штанг. С использованием экспонометра это превращается в оптимальное устройство для затенения. Его можно установить внутри теплицы в тех местах, где появилась проблема с рассадой или посевом, особенно если растений в теплице много. Такое внутреннее затенение будет эффективным только при наличии хорошей циркуляции воздуха за счет вентиляции в крыше.<br>Поэтому, по словам специалистов, более эффективным является именно наружное затенение теплицы, так как внутреннее не препятствует проникновению тепла. К тому же наружное затенение из пластмассы способно защитить покрытие от града. При наружном затенении следует учитывать, что форточки должны открываться свободно.<br>Добавим, что кроме пластин и различных полотен для затенения теплицу также можно покрыть специальной затеняющей краской. Благодаря особенностям состава она сама по себе смывается со стен теплицы во время летних дождей. Если дождей недостаточно, такую краску можно удалить механическим способом. <br>Натуральное затенение с помощью растений внутри теплицы также является очень действенным методом, так как они защищают от чрезмерного солнца, одновременно повышая влажность в теплице. Для этих целей, в зависимости от нужной температуры в теплице, подойдут пассифлора, аристолохия или филодендроны. <br>Следует отметить, что при использовании сбрасывающих листву растений зимой понадобится ее уборка. Учтите также, что позитивным эффектом повышенной транспирации растений в тепле является снижение температуры. За растениями следует внимательно следить, так как в затененных участках могут завестись вредные насекомые. В таком случае есть смысл обратиться к помощи полезных насекомых.<br>Что касается особенностей <a title=\"Конструкции теплиц\" href=\"/constructions/hothouses/gallery-hothouses/\" target=\"_self\">конструкции теплицы</a>, то ее наклонные стены должны располагаться под прямым углом к световому потоку, что обеспечит максимальное его проникновение. При этом летом угол наклона не играет существенной роли ввиду высокой интенсивности светового потока. <br>Так называемые пристенные теплицы с односкатной крышей обычно устанавливают к южной стороне дома в саду или на балконе. Это же правило можно применить и к теплицам с двускатной крышей, если они пристроены фронтоном к стене - конек крыши в таком случае располагается в направлении с севера на юг. Считается, что именно это направление наиболее эффективно и при установке теплицы в саду. Благодаря этому растения получают приблизительно одинаковое количество солнечной энергии в течение всего дня. <br>Ориентация с востока на запад используется, если в теплице выращиваются культуры с различными требованиями к освещенности. Таким образом, солнечная южная и затененная северная стороны будут иметь различную освещенность. Эти критерии применимы и для пристенных теплиц.</p>',1,8,NULL,1246976944,NULL),(11,'Уникальная теплица-термос из поликарбоната','article11.htm','Теплицу-термос из поликарбоната может построить у себя каждый прямо на даче. Остается купить сборную теплицу, и собрать ее самостоятельно или заказать монтаж у производителя...','<p><span style=\"FONT-WEIGHT: bold\">Теплицу-термос из поликарбоната </span>может построить у себя каждый прямо на даче. Остается купить сборную теплицу, и собрать ее самостоятельно или заказать монтаж у производителя.</p>\r\n<p><span style=\"FONT-WEIGHT: bold\">Собрать конструкцию теплицы- термос очень легко, по инструкции сборке теплиц. </span>Под заказ теплица изготовляется как в ширину так и длину&nbsp; 3, 4, 5, метра, а длина может быть любой - 4 м, 6, 8, 10, 20 м и т.д. Длина теплицы может быть любой и в ней растут тысячи различных растений. Эта <span style=\"FONT-WEIGHT: bold\">дачная теплица - термос из пластика&nbsp;</span>можно назвать:&nbsp;\"как промышленный вариант\", она полностью доказала свою рентабельность. При этом выращивать в ней можно абсолютно все культуры: и цветы, овощи, и экзотику. Все это прекрасно плодоносит - урожайность в 2-3 раза выше, нежели в обычной теплице. </p>\r\n<p><span style=\"FONT-WEIGHT: bold\" class=\"tx2\">Зимняя теплица- термос<br></span>Например, в простой теплице, в зимние месяцы при 20 ° С лимоны не цветут, а в <span style=\"FONT-WEIGHT: bold\">теплице-термосе из поликарбоната</span> они цветут даже при 10 ° С. Даже в пасмурный день освещенность в ней в 1,8 раза выше, чем на улице (без всяких дополнительных источников освещения). При этом если на улице -30 ° С мороза, то в теплице-термосе 3 ° С (без отопления)! Тепло распределяется равномерно по всему объему теплицы: возле стен, возле покрытия и т.д. Это очень важно для растений. Вы знаете, как с каждым годом дорожают энергоресурсы. Теплица-термос из поликарбоната потребляет в 15 раз меньше тепла. Ее покрытие не рассеивает лучи, экономит 50% энергии и в 200 раз мощнее, чем стекло. </p>\r\n<p><span style=\"FONT-WEIGHT: bold\">Поликарбонатные теплицы - термос </span>можно использовать и развивать свой <a title=\"Тепличный бизнес\" href=\"/constructions/industrial-hothouses/\" target=\"_self\">тепличный бизнес.</a> С одной термопластиковой теплицы 3х6, можно зарабатывать на овощах, продавая по (3 гр.) в год приносит от 12-15 тис. грн. Используя несколько теплиц, можно увеличивать свои доходы в разы. Металлоемкость теплицы из поликарбоната очень низкая, то есть она имеет где-то 30% металла по сравнению с обычной теплицей. Такие <span style=\"FONT-WEIGHT: bold\"><a title=\"Теплицы из поликарбоната\" href=\"/constructions/hothouses/\" target=\"_blank\">теплицы из поликарбоната</a> </span>и <span style=\"FONT-WEIGHT: bold\"><a title=\"Строительство теплиц\" href=\"/constructions/industrial-hothouses/\" target=\"_self\">строительство теплиц </a></span><span style=\"FONT-WEIGHT: bold\">в Украине</span> производит компания \"Вишневый Сад Плюс\" </p>\r\n<p>Учитывая размеры теплиц, можно выращивать арбузы, клубнику, овощи круглогодично получать большой урожай. Хотя получать помидоры в январе или декабре обычными теплицами практически невозможно, а в теплице из поликарбоната - это возможно.</p>\r\n<p><br><!--/noindex--></p>',1,9,NULL,1251112632,NULL),(12,'Как выбрать поликарбонат по качеству и цене?','article12.htm','Рекомендации по выбору поликарбоната\r\nВ Украине на сегодняшний день существует много разновидностей поликарбоната от мировых производителей таких брендов как POLIGAL, MAKROLON, DAZE, NOVATTRO, MARLON, PLASTILUX, POLYNEX, EUROLUX, AKTUAL, ALEXDORF, VIZOR, HAIGAO и другие, которые делятся по цене и  качеству сотового поликарбоната...','<P>В Украине на сегодняшний день существует много разновидностей поликарбоната от мировых производителей таких брендов как:&nbsp;POLYSIDE, POLIGAL, MONOGAL, MAKROLON, DAZE, NOVATTRO, MARLON, PLASTILUX, POLYNEX, PALRAM, SUNLITE,&nbsp;AKTUAL, ALEXDORF, VIZOR, HAIGAO и другие, которые&nbsp;ожно разделить на 2 ценовые категории, дорогие и дешевые. Соотношение цена- качество. В чем разница? Некоторые бренды поликарбоната как&nbsp;POLYSIDE, POLYGAL относится к категории&nbsp; премиум класса.</P>\r\n<P><SPAN style=\"FONT-WEIGHT: bold\">Зачем покупать дешевый китайский поликарбонат. если он не послужит и года? </SPAN></P>\r\n<P><SPAN style=\"FONT-WEIGHT: normal\">Подумайте сами, неужели здесь есть эклономия. Рекомендуем покпать качественный поликарбонат POLYGAL&nbsp;и POLYSIDE и будет Вам счастье и спокойствие в этом мире. В Украине поликарбонат тм \"POLYGAL\" в сравнении с \"POLYSIDE\"</SPAN>&nbsp;стоит&nbsp;чуть больше. Это вполне проверенный бренд, который не только качественный, но и дешевле других подобных дорогих аналогов. Низкая цена поликарбоната достигнута за счет большого спроса на рынке, что в свою очередь позволяет закупать качественный поликарбонат по низкой цене&nbsp;и импортировать большими партиями в Украину. Именно по этой причине сотовый поликарбонат (Полисайд и Полигаль) держит хорошие конкурирующие позиции, низкие цены в сегменте этой дорогой нише. Сотовый поликарбонат \"POLYGAL\" и \"POLYSIDE\"&nbsp;существенно дешевле других аналогов качества таких тм как:&nbsp; MAKROLON, NOVATRO, MORLON, DHAZE и другие. </P>\r\n<P>Сайт&nbsp;\"Вишневый Сад\" предлагает большой выбор поликарбоната всех брендов от дорогих до мало бюджетных материалов: PLASTILUX, POLYNEX, EUROLUX, ALEXDORF, AKTUAL, HAIGAO, VIZOR и др. с полным набором комплектующих&nbsp; и разнообразием цветов.</P>\r\n<P>Пластиковые материалы сертифицированы и имеют гарантию качества, <BR>Осуществляется: сервис, доставка, монтаж. Гибкая система скидок!<BR>Чтобы&nbsp;приобрести поликарбонат и определиться с выбором <A title=\"Связь с нами\" href=\"/contacts/\" target=_self>Звоните!&nbsp;</A><BR>Рекомендации по выбору поликарбоната.<BR></P>\r\n<P align=center><A title=\"Позвонить или написать вопрос\" href=\"/contacts/\" target=_self><IMG border=0 alt=\"Позвонить или написать\" src=\"/ufiles/Image/Vopros.PNG\"></A></P>',1,10,NULL,1255686987,NULL),(13,'Выращивание томатов (помидоры)','article13.htm','Помидоры выращивают в теплицах и на открытом грунте. Урожайность помидоров зависит, главным образом, от двух основных факторов: сорта и технологии выращивания. Технологический процесс включает ряд агротехнических операций, выполнение которых является обязательным.','<p>Помидоры на открытом грунте высевают на второй год после внесения органических удобрений. Лучшими предшественниками для помидоров в Лесостепи являются такие культуры: огурец, лук, кукуруза на силос, озимая пшеница, капуста. Нельзя размещать его после культур из семьи пасленовых (картофеля, перца, баклажана), поскольку они имеют общие болезни и вредителей. На одном и том же месте помидоры можно выращивать не раньше, чем через 3-4 года.<br>Правильное возделывание грунта имеет решающее значение, как в борьбе с сорняками, так и для получения высоких урожаев плодов. После уборки предшественника поле лущат перекрестным методом на глубину 6-8 см лущильником типа ЛДГ-10. С появлением восходов сорняков проводят второе лущение на глубину 16-18 см плугом-лущильником ППЛ-10-25А. Поле с неровным рельефом следует выравнивать планировщиком. Потом вносят органические и минеральные удобрения и пропахивают на глубину 27-30 см.Поле, которое рано освободилось от предшественника, обрабатывают по типу полупара = 2-3 культивации на глубину 10-12 см, проводят провокационные и влагозаряжающие поливы и культивацию чизелем-культиватором на глубину 16-18 см.</p><p>Весной зябь боронуют в 2-3 следа поперек направления пахоты или по диагонали тяжелыми боронами. Потом с появлением всходов сорняков проводят несколько культиваций, сначала на глубину 10-12, следующие = 6-8 см. Перед высаживанием рассады проводят влагозаряжающие поливы, вносят гербициды и культивируют на глубину 16-18 см. При выращивании помидоров безрассадным способом площадь обрабатывают так, чтобы она была выровненной, грунт был мелкогрядковым, пригодным для точного высева семян.<br>На производстве выращивают сорта помидоров интенсивного типа, способные формировать до 800-1000 ц/га плодов. Формирование такого урожая возможно лишь при достаточном количестве питательных веществ в грунте. Помидоры при урожайности 500 ц/га выносят из грунта 479 кг основных элементов питания. От начала роста и развития до фазы цветения помидоры требуют больше фосфора и калия, в период роста листовой поверхности = азота, в начале плодоношения и в период созревания = калия и фосфора. Во время выращивания рассады помидоры используют до 2% потребности в питательных веществах, в период цветения = до 15% и плодоношения = 85%.<br>Соотношение минеральных удобрений, их дозы, сроки внесения значительно влияют на ранний и общий урожай плодов помидоров. Общеизвестно, что чрезмерное азотное питание усиливает рост и тормозит созревание плодов. А внесение азота на фоне полной обеспеченности фосфором и калием ускоряет созревание плодов. Фосфор, как правило, также содействует раннему созреванию. Внесение органических удобрений под предшественник ускоряет отдачу раннего урожая, а перегноя = непосредственно под помидоры. Ранний урожай увеличивается при совместном внесении органических и минеральных удобрений. Ориентировочные дозы минеральных удобрений под помидоры приведены в таблице 1.<br>Помидоры выращивают рассадным и безрассадным способами. Рассаду лучше высаживать в пасмурные дни или в вечернее время. Если рассада переросшая, то ее высаживают с наклоном. Грунт до или сразу же после высадки должен быть хорошо увлажненным. Через 2-3 дня после высадки проводят подсадку растений вместо тех, которые выпали, и снова проводят полив.<br>Схема посадки рассады зависит от типа грунта и вида орошения. На капельном орошении применяется схема 120+60х33 (между капельными трубками расстояние 1,8 м, ширина ленты = 60 см). Количество растений на 1 га составляет 33,67 тыс.<br>Семена высеивают в хорошо подготовленный грунт на глубину 1 см, но не глубже, поскольку при более глубокой посадке в грунт и недостаточной энергии прорастания семян возникает проблема с их всхожестью. Норма высева устанавливается в зависимости от качества семян, типа сеялки, колеблясь в пределах от 0,3 до 1 кг/га. После посева для лучшей и одновременной всхожести желательно провести коткование.<br>Грунт на глубине высева семян может быть влажным, при посеве в недостаточно влажный грунт возможна гибель семян, что приведет к изреженности посевов. В лесостепной зоне оптимальный срок высева = 20-30 апреля. Температура грунта на глубине высева обязательно должна быть не ниже 13оС (см. табл. 3). Определяется температура с помощью грунтового термометра.<br>При небольшом количестве влаги посевы поливают нормой до 250 м3/га и разрыхляют грунт. В фазу белой ниточки у сорняков проводят довсходовое боронование, а при необходимости и культивацию междурядий на глубину 6-8 см с движением агрегатов по направляющим бороздам. Междурядные культивации проводят от мелких (6-8 см) к глубокой (10-12 см), а последнее распушивание-уплотнение = перед смыканием растений в междурядьях на глубину 20-25 см.<br>При рассадной культуре проводят две культивации, вторую = на глубину посадки рассады (14-16 см) поперек будущих рядков. После посадки рассаду поливают и разрыхляют грунт в междурядьях на глубину 6-8 см, междурядье возделывают после каждого полива.<br>Наблюдение за появлением вредителей, развитием болезней и их количественный учет составляют составную часть интегрированной системы мер по защите растений. Проводят их с целью корректировки годовых планов, определение оптимальных сроков химических обработок посевов, выпуска трихограммы, принятие оперативных решений о дополнительных мерах, если в них возникнет необходимость.<br>Заблаговременное планирование системы мер по защите растений служит общей основой для расчета финансовых затрат, количества рабочих, подготовки техники, приобретения пестицидов и т.п. Но для эффективного предотвращения потерь урожая и экономии затраты материальных ресурсов нужно принимать конкретные решения о проведении тех или других мер борьбы с вредителями, болезнями растений и сорняками.<br>Основные сорняки, вредители и болезни помидоров<br>Сорняки = это растения, которые не культивируются на данном поле, но прорастают вместе с культурными и конкурируют с ними за свет, воду и питательные вещества, снижают производительность культурных растений и ухудшают качество продукции и могут приводить к их гибели. Кроме того, они содействуют распространению вредителей и болезней, усложняют технологию выращивания культур, уборки и переработки урожая. На борьбу с ними расходуется больше всего энергоносителей от общего количества применяемых в земледелии, и все же на сорняки приходится больше трети потерь урожая от вредных организмов.<br>Разнообразие сорняков в агрофитоценозах Украины составляет около 300 наиболее вредных и распространенных видов сорняков. Для зоны Лесостепи Украины она составляет от 7-10 до 38-46 видов на поле.<br>Принимая решения об опрыскивании гербицидами вегетирующей культуры, необходимо учитывать ее фенофазу и свойства гербицидных препаратов, так как стойкость культурных растений к химическим веществам значительно изменяется на протяжении фенологического развития. Таким образом, целесообразность использования гербицидов определяется по данным сравнения выявленной или прогнозируемой численности сорняков с экономическим порогом их вредоносности.<br>Основными вредителями помидоров в лесостепной зоне являются колорадский жук, совка, тля. В период от посевов до появления всходов большой вред помидорам наносят грунтовые вредители, такие как: проволочники, волчки и ростовые мухи.<br>Колорадский жук. Массово повреждает картофель, баклажаны, томаты и прочие растения из семьи пасленовых. Зимуют жуки в грунте на глубине до 30 см. Начало выхода по зонам разное. В зоне Степи жуки выходят во второй декаде апреля, а на Полесье и в Лесостепи = в конце апреля или в первой декаде мая. Как жуки, так и личинки интенсивно питаются листвой. Кроме того, жуки обгрызают плоды пасленовых. В лесостепных районах массовый вред они наносят в период с 15 июня по 20 июля. В зависимости от зоны колорадский жук дает по 2 или 3 поколения за год. Самки перезимовавшего поколения более плодородны. Часть популяции перезимовавших жуков впадает в повторную диапаузу.<br>Оранжерейная, или персиковая тля наиболее опасна для помидоров, повреждает также баклажаны, петрушку, сельдерей, салат, столовую свеклу и разные декоративные растения. На листках, стеблях, побегах, цветах тля образовывает большие колонии, питается соком растений, приводит к скручиванию листвы и к задержке роста, при сильном повреждении растения гибнут. Она является переносчиком вирусных болезней: мозаики, ствола, стрика помидоров.<br>Хлопчатниковая совка. Всеядный вредитель. Кроме томатов, повреждает баклажаны, перец, а также капусту, фасоль, свеклу и другие культуры. Зимует в стадии куколки в грунте. Мотыльки первого поколения в условиях открытого грунта летают в мае. Самки откладывают яйца кучками на нижней стороне листков. Имаго второго поколения вылетают в июле-августе.<br>В теплицах гусеницы огородной совки возрождаются в феврале-марте. Лет мотыльков второго поколения проходит в апреле-мае. Гусеницы второй генерации развиваются в июне-июле, питаясь листвой и плодами пасленовых культур.<br>Помидорная совка. Полифаг. Повреждает, кроме пасленовых, лук, чеснок, капусту, горох, салат, кукурузу и прочие культуры, в т.ч. сорняки. Гусеницы ведут ночной образ жизни, объедают листву растений, а у перца, томатов и баклажан вгрызаются в середину плодов. Днем они неактивны, прячутся под комочками земли, под растительными остатками. Массово повреждают томаты в <a title=\"теплицы\" href=\"/constructions/hothouses/\" target=\"_self\">теплицах</a>.<br>Проволочники = это личинки жуков щелкунов. Повреждают проволочники овощные культуры во все фазы развития, начиная от высевания семян или посадки рассады в грунт и до уборки урожая. В высеянных семенах проволочники выгрызают зародыш, у всходов и рассады подгрызают или перегрызают подземную часть стебля, от чего молодые растения гибнут. У взрослых растений проволочники вгрызаются в стебли, продвигаясь вглубь их. Поврежденные растения значительно отстают в росте, становятся менее продуктивными.<br>Медведка (волчок) повреждает овощные культуры лишь на влажных грунтах, возле водохранилищ, на пойменных землях с высоким уровнем залегания подпочвенных вод и в условиях орошения. Большой вред медведка наносит рассаде и ранним овощным культурам в теплицах под пленкой и парниках, где питается сначала высеянными семенами, а потом корешками растений. Копая ходы, она подгрызает или перегрызает корешки и стебли, выгребает из грунта молодые растения. Наибольший вред овощным культурам наносит рано весной и в первой половине лета.<br>Наиболее распространенными болезнями томатов в лесостепной зоне являются: фитофтороз, альтернариоз, септориоз, черная бактериальная пятнистость.<br>Фитофтороз при эпифитотийном развитии уничтожает урожай на 60-100%. Поражаются зеленые плоды, листки и стебли. На плодах образовываются коричнево-бурые твердые расплывчатые пятна. Во влажную погоду они покрываются светло-серым налетом грибницы. Пораженные плоды загнивают. На листках образовываются серо-бурые пятна, которые быстро увеличиваются в размерах. На стеблях болезнь обнаруживается в виде темно-бурых полос. Оптимальные условия для развития возбудителя фитофтороза = температура 20-24оС, влажность воздуха не ниже 75%.<br>Септориоз поражает листки стебля чашелистики, черенки, изредка зеленые плоды. На нижних листках, иногда на семядолях появляются грязновато-белые пятна с темным окаймлением и темными пятнышками-пикниками гриба. При большом поражении пятна сливаются, листки буреют, засыхают и опадают. Оптимальные условия для развития возбудителя = температура 25оС и относительная влажность воздуха около 95%.<br>Альтернариоз = болезнь, которая поражает семядольные и настоящие листки, черенки, стебли и плоды. На нижних, а потом и верхних листках образовываются круглые темно-бурые пятна с четко выраженной зональностью. Постепенно они покрывают значительную часть поверхности листка, вследствие чего пораженные листки отмирают. На плодах болезнь проявляется возле плодоножки или в местах растрескивания ткани в виде вдавленных шарообразных черных пятен, на стеблях = в виде продолговатых зональных пятен. Быстрому распространению болезни содействуют температура 25-30оС и дожди или густые росы.<br>Черная бактериальная пятнистость поражает растения на протяжении вегетационного периода. Внешние признаки болезни проявляются на листках, стеблях и плодах. На листках образовываются многочисленные мелкие маслянистые пятна, которые быстро увеличиваются в размере. В центре они черные, ткань вокруг них желтеет. При сильном поражении пятна сливаются, листки желтеют. На плодах пятна черные, блестящие, выпуклые, неправильной формы. Пораженные плоды загнивают. На стеблях пятна черные, удлиненной формы.<br>Ориентировочные затраты на производство помидоров приведены в таблице 4.<br>Исходя из цены реализации помидоров 0,4 грн/кг, которую предлагает перерабатывающее предприятие, и запланированной урожайности 70 т/га, валовой доход будет составлять 28 тыс. грн., учитывая затраты на производство и реализацию продукции, ожидаемый чистый доход будет составлять 13472 грн., а себестоимость 1 кг помидоров будет составлять 0,21 грн. Если сравнить выращивание зерновых культур и ожидаемый чистый доход в сумме 1000-1500 грн., то следует отметить, что доход от выращивания 1 га помидор на капельном орошении равняется доходу от выращивания 10 га зерновых.<br>Таким образом, производство помидоров в Лесостепи Украины при условии тщательного соблюдения всех элементов технологии и гарантированного рынка сбыта может быть довольно прибыльным и выгодным бизнесом для фермерских хозяйств.<br><span style=\"FONT-WEIGHT: bold\">В <a title=\"Строительство промышленных теплиц\" href=\"/constructions/industrial-hothouses/\" target=\"_self\">промышленных теплицах</a> помидоры выращивают на гидропонике</span>. Определенный сорт помидор позволяет на протяжении всего года получать плоды с одного кв. м. от 40 до 60 кг.) томатов.<br></p>',1,11,NULL,1256468187,NULL),(14,'Вентиляция, влажность воздуха в теплице. автоматика проветривания','article14.htm','Системы кондиционирования, автоматическое проветривания и климат контроль в теплице. увлажнение воздуха в теплице. Цена вопроса?','<p><span style=\"FONT-WEIGHT: bold\">Вентиляция.</span> Параметры и способы вентилирования зависят в основном от типа теплицы, от способа ее отопления, от заданной температуры. В зависимости от задач, применяется активная вентиляция (принудительная), пассивная (автоматическое открытие-закрытие мембран или форточек), или же комбинированная. <br><span style=\"FONT-WEIGHT: bold\">Стоимость комплекса работ по автоматической вентиляции составляет 3000 гривен.</span></p>\r\n<p><span style=\"FONT-WEIGHT: bold\">Влажность воздуха. </span>Для задания параметров влажности воздуха применяются аэрозольные системы впрыска в теплицах. Некоторые культуры растений в теплицах не требуют жесткого задания параметров влажности воздуха. Устанавливать или нет аппаратуру по заданию влажности – это решать Вам совместно с агрономом – технологом. <br><span style=\"FONT-WEIGHT: bold\">Стоимость монтажа, настройки автоматической системы управления влажностью воздуха составляет 3000 гривен.</span></p>\r\n<p><span style=\"FONT-WEIGHT: bold\">Чтобы узнать больше&nbsp;о строительстве теплиц: освещения, отопления, вентиляции и проветривания&nbsp;рекомендуем приобрести&nbsp;дополнительный видеокурс по строительстве и обогреву в теплицах.</span></p><!--noindex--><p>&nbsp;<span style=\"font-weight: bold;\">• </span><a title=\"Обогрев теплицы, отопление в теплицах\" href=\"/articles/article6.htm\" target=\"_self\" style=\"font-weight: bold;\">Отопление в теплице обогрев</a></p><p><span style=\"FONT-WEIGHT: bold\">• <a title=\"Освещение в теплице\" href=\"/articles/article9.htm\" target=\"_self\">Освещение в теплице</a></span></p>',1,NULL,NULL,1293008320,NULL),(16,'Как выбрать теплицу из поликарбоната?','article16.htm','В этой статье мы поговорим о том, на что обратить внимание при выборе теплицы из поликарбоната...','<P>В этой статье мы поговорим о том, на что обратить внимание при выборе теплицы из поликарбоната. <BR>Естественно, что вопрос цены стоит в самых первых рядах. И если хотите сэкономить — лучше не покупать теплицу в сезон. «Сезоном» считается осень и весна. Спрос в это время существенно повышается, а следственно — цена тоже. <BR>Размер будущей теплицы — очень индивидуальный вопрос, ведь он очень сильно зависит от того, что вы собираетесь выращивать и в каких количествах.&nbsp; Например, для выращивания рассады большая теплица совершенно не нужна. А вот для овощей вам очень сильно пригодится такая теплица, которую можно расширять с помощью специальных модулей. <BR>Должно понимать, что наличие дополнительных форточек и прочих закрываемых отверстий очень сильно влияет на микроклимат. Стоит призадуматься о том, чтобы приобрести автоматические устройства, которые бы обеспечивали автоматическое открывание форточек. <BR>Определитесь также и с устройствами, которые обеспечивают освещение и полив, а если планируете использовать теплицу целый год — то и с отоплением. Для овощей и фруктов все эти системы — просто незаменимы. <BR>Если говорить о материале, из которого должна быть выполнена теплица, то рекомендуем остановится на поликарбонате. Он&nbsp; тонкий и пропускает много света, но при этом — прочен и обладает прекрасной теплоизоляцией. Поликарбонатные конструкции могут служить до тридцати лет, если за ними ухаживать и подготавливать конструкцию к зиме. <BR>&nbsp;Отдельно стоит поговорить и таком немаловажном аспекте, как материал, из которого выполнен каркас вашей теплицы. Используют несколько основных решений, каждое из которых имеет свои преимущества и недостатки. </P>\r\n<H3>Дерево</H3>\r\n<P>Не очень дорогой вариант. Огромным плюсом дерева есть то, что оно «дышит» и вбирает в себя тепло, отдавая его ночью, так что о микроклимате можете не беспокоится. Но вот минус такого выбора тоже налицо: влажность, со временем — гниение. Деревянные каркасы подходят для мест с сухим климатом. <BR>ПВХ или пластик<BR>ПВХ-каркасы — не плохой выбор для тех, кто не хочет морочится со сборкой. Такой каркас очень лёгкий и стоит небольших денег. Теплопроводность ПВХ профиля — очень низка, поэтому можно забыть о мостках холода. Легкость такой конструкции даст возможность двигать её, когда почва иссякнет на одном участке. Минус — неустойчивость, ведь даже не большие порывы ветра могут сорвать такую теплицу, если она не закреплена. Поэтому, такой вариант подходит только для мягкого климата. </P>\r\n<H3>Алюминий</H3>\r\n<P>Красивый вид но достаточно дорогое удовольствие.&nbsp; при этом — каркас лёгкий. Оптимальный вариант — каркас из алюминиевой трубы квадратной формы. Легкость такого каркаса одновременно есть и недостатком, а также&nbsp; недостатком этого каркаса можно выделить и то что алюминий&nbsp; мягкий метал и прочность конструкции он сохраняет за счет ребер жесткости, малейшая ошибка в монтаже или лишнее просверленное отверстие может негативно&nbsp; повлиять на конструкцию при снежных нагрузках а также&nbsp; закреплять теплицу нужно очень и очень тщательно. Теплопроводность — очень высока, так что теплица будет быстро остывать. <BR>При выборе теплицы нужно учитывать особенности климата: влажность или сухость воздуха, температуру и еще очень многие факторы. Только выбирая теплицу тщательно, вы сделаете правильный выбор. </P>\r\n<H3>Оцинкованная сталь</H3>\r\n<P>&nbsp;Достаточно крепкая конструкция, при толщине металла 2 мм и заводском горячим оцинковании эта теплица прослужит много лет , она также красиво смотрится и не подвержена коррозии в столь агрессивной влажной среде, цена более чем приемлема, а по сроку службы может достойно конкурировать любыми вышеперечисленными аналогами.&nbsp;&nbsp;&nbsp;&nbsp; <BR></P>',1,12,NULL,1369294440,NULL),(17,'Как подготовить теплицу к зиме?','article17.htm','Нужно будет удалить растения, которые уже отплодоносили. После — обработать почву и внутренние стенки теплицы для должного обеззараживания...','<P>Подготовка теплицы к зиме — очень важный этап, ведь от этого зависит её сохранность и то, сколь долго она вам прослужит. Лучше всего делать это осенью, сразу после окончания цикла посадка-уборка, когда теплиц временно пустует. Банально потому, чтобы не мешать растениям и не терять на дезинфекцию лишнее время. </P>\r\n<P>Нужно будет удалить растения, которые уже отплодоносили. После — обработать почву и внутренние стенки теплицы для должного обеззараживания. Это могут быть препараты Витавакс, Максим, коллоидная сера, негашеная известь, оксид меди. Обрабатывать теплицу ими нужно ночью, когда попрохладней, ведь химпрепараты токсичны. Работайте осторожно и с использованием средств защиты. </P>\r\n<P>Примерно через две недели нужна повторная обработка. Кроме того — уделите внимание конструкции парника. Очистите от остатков растений территорию теплицы, обратите внимание на трубы отопления и водоснабжения, проводку. Дело в том, что там любят зимовать паразиты. После — еще одна влажная обработка известью. <BR>Но, очень многие задаются вопросом «А можно ли обойтись без всех этих агрессивных химикатов?» Можно иногда, но если речь идёт не о промышленных масштабах. Для ручной дезинфекции можно использовать биопрепараты, которых хоть и слабей, но не столь агрессивны, как химия. Кстати, эти средства очень и очень полезно использовать в целях профилактики. Они не только помогают в борьбе с вредителями, но и благотворно влияют на почву.<BR>Конечно, лучше всего каждые 3-5 лет менять почву в теплице, но на это способен не каждый хозяин. Если менять почву невпроворот —нужно хотя бы её термально обработать, а после (ведь все живое таким образом было уничтожено) — внести полезные микробы. <BR></P>\r\n<P>Кстати говоря, химпрепараты действуют эффективно только в очень небольшом спектре температур, так что работают далеко не всегда эффективно, а использование биопрепаратов будет давать позитивный эффект еще и в следующем сезоне, а вот химия — наоборот, имеет негативное последствие (на овощи). </P>\r\n<P>Хорошо зарекомендовали себя био. инсектециды: Битоксибациллин, Фитоверм, Боверин, Актофит, Лапитоцид. Из биофунгицидов можно смело использовать: Гаупсин, Фитоспорин, Фитоцид и Триходермин. </P>\r\n<P>Кстати, биопрепараты усилят действие химикатов. Например, Липосам существенно продлевает действие пестицидов. А это значит, что подобные комбинации экономят ваши деньги, ведь хим.препаратов приходится покупать меньше. Кстати, биопрепараты не требуют проветривания (несколько дней) перед тем, как там можно безопасно работать людям. Это очень сильно ускоряет процесс работы. </P>\r\n<P>Очень важно понимать, что пользоваться удобрениями нужно, строго учитывая их электропроводимость, растворимость и кислотность.<BR>Удобрения нужны для того, чтобы повысить уровень гумуса в почве. Для этого используют перегной, навоз, торф или компост. <BR>Если вы собираетесь использовать тырсу — будьте осторожны ведь нельзя забывать про дубильные вещества и кислотность. Поэтому не стоит использовать такие породы дерева, как дуб, ель, да и вообще — любую хвою. </P>\r\n<P>Только благодаря тщательной подготовке к зиме можно строить оптимистичные планы на следующий тепличный сезон. В этой статье мы поговорили о том, как правильно готовить теплицу к зиме изнутри. А вопросов наружной консервации мы коснемся в отдельной статье. <BR></P>',1,13,NULL,1369727796,NULL),(18,'Поликарбонат цены и размеры','article18.htm','Сотовый поликарбонат цена и размеры листа, полезная информация про сотовый поликарбонат.','<span id=\"docs-internal-guid-6c251d09-cbab-2437-1243-ac7c5a83204e\">\r\n<p style=\"TEXT-ALIGN: justify; LINE-HEIGHT: 1.38; MARGIN-TOP: 0pt; MARGIN-BOTTOM: 10pt\" dir=\"ltr\"><span style=\"BACKGROUND-COLOR: transparent; FONT-FAMILY: Arial; WHITE-SPACE: pre-wrap; FONT-SIZE: 14px; VERTICAL-ALIGN: baseline\"><img src=\"/ufiles/Image/PPolikarbonat_foto.jpg\" alt=\"\" align=\"\" border=\"0px\"> </span></p><p style=\"TEXT-ALIGN: justify; LINE-HEIGHT: 1.38; MARGIN-TOP: 0pt; MARGIN-BOTTOM: 10pt\" dir=\"ltr\"><span style=\"BACKGROUND-COLOR: transparent; FONT-FAMILY: Arial; WHITE-SPACE: pre-wrap; FONT-SIZE: 14px; VERTICAL-ALIGN: baseline\">Поликарбонат – популярный светопрозрачный материал, который широко распространен в строительстве и является достойной альтернативой стеклу. Основная привлекательность его состоит в возможности восстанавливать свой состав даже после воздействия высокой температуры, то есть переработка полимерного материала возможно в неограниченном количестве. </span><span style=\"LINE-HEIGHT: 1.38; BACKGROUND-COLOR: transparent; FONT-FAMILY: Arial; WHITE-SPACE: pre-wrap; FONT-SIZE: 14px\">Поликарбонатные плиты, изготавливаемые из полимерного гранулированного пластика используются в производстве и быту в качестве кровли. Сотовые пластины имеют высокую ударную прочность, отчего их можно использовать в качестве навесов, ограждений и перегородок. Сотовый поликарбонат без гранул используется и с целью выполнения декоративной функции, совмещенной с повышенной прочностью. Антивандальные свойства обеспечивают долгий срок его службы и надежность конструкций, отчего он применим в различных сферах промышленности, вплоть до щитов наружной рекламы.</span></p>\r\n<p style=\"TEXT-ALIGN: justify; LINE-HEIGHT: 1.38; MARGIN-TOP: 0pt; MARGIN-BOTTOM: 10pt\" dir=\"ltr\"><span style=\"LINE-HEIGHT: 1.38; BACKGROUND-COLOR: transparent; FONT-FAMILY: Arial; WHITE-SPACE: pre-wrap; FONT-SIZE: 14px\">Изготовление термопласта в двух формах – ячеистой и монолитной, обуславливает разные стандартные размеры плит. Монолитные прозрачные листы внешне похожи на стекло, но имеют гораздо более высокую прочность и меньший вес, его стандартные размеры 2,05*3,05 м. В зависимости от преследуемых целей, используются плиты толщиной от 2 до 12 мм.</span></p>\r\n<p style=\"TEXT-ALIGN: justify; LINE-HEIGHT: 1.38; MARGIN-TOP: 0pt; MARGIN-BOTTOM: 10pt\" dir=\"ltr\"><span style=\"BACKGROUND-COLOR: transparent; FONT-FAMILY: Arial; WHITE-SPACE: pre-wrap; FONT-SIZE: 14px; VERTICAL-ALIGN: baseline\">Сотовый поликарбонат имеет внутреннюю ребристую структуру, которая увеличивает толщину плиты, она исчисляется от 4 до 32 мм. Стандартный лист сотового имеет размеры 2,1*6 м и 2,1*12 м. </span><span style=\"LINE-HEIGHT: 18px; BACKGROUND-COLOR: transparent; FONT-FAMILY: Arial; WHITE-SPACE: pre-wrap; FONT-SIZE: 14px\">Цена на материал рассчитывается в соответствии с толщиной листа. Минимальная стоимость у монолитной плиты с толщиной 2 мм или ячеистой от 4 мм.</span></p></span>',1,NULL,NULL,1459410963,NULL),(19,'Размеры листов поликарбоната. Формирование цены','article19.htm','В этой статье Вы узнаете о размерах поликарбоната, отличие монолитного от сотового в размерах и стоимости.','<span id=\"docs-internal-guid-f4ce95f0-0e91-8fa8-a6f2-f1dea6a17bc8\"><p dir=\"ltr\" style=\"line-height:1.38;margin-top:0pt;margin-bottom:10pt;text-align: justify;\"><span style=\"font-size: 14.6667px; font-family: Arial; vertical-align: baseline; white-space: pre-wrap; background-color: transparent;\">Использование поликарбоната распространилось не только в строительстве на городском уровне, но и активно используется в промышленности. Многие сооружения на улицах города оснащены этим видом пластика – навесы, витрины, наружная реклама и многое другое. Но и каждый современный хозяин знает, что поликарбонат – лидер среди прозрачного кровельного материала и его применение служит надежным вариантом на долгие годы.</span></p><p dir=\"ltr\" style=\"line-height:1.38;margin-top:0pt;margin-bottom:10pt;text-align: justify;\"><span style=\"font-size: 14.6667px; font-family: Arial; vertical-align: baseline; white-space: pre-wrap; background-color: transparent;\">Различают два вида поликарбоната: монолитный и сотовый. Среди особенностей монолитного: прозрачный, прочный, однослойный, стойкий к ударам и внешнему механическому воздействию, хорошо пропускает световые лучи. Сотовый поликарбонат: двухслойный, имеет ребра жесткости, легкий, прочный, хорошо гнется, пропускает до 80% видимого света.</span></p><p dir=\"ltr\" style=\"line-height:1.38;margin-top:0pt;margin-bottom:10pt;text-align: justify;\"><span style=\"font-size: 14.6667px; font-family: Arial; vertical-align: baseline; white-space: pre-wrap; background-color: transparent;\">Что же касается ценообразования на материал – его цена зависит от параметров толщины и размера самого листа. Монолитный термопласт имеет один слой, структура которого единая и плотная. Стандартная толщина листа – от 2 до 12 миллиметров, а именно: 2, 3, 4, 5, 6, 8, 10 и 12. Размеры стандартного листа составляют 2,05 на 3,05 метра.</span></p><p dir=\"ltr\" style=\"line-height:1.38;margin-top:0pt;margin-bottom:10pt;text-align: justify;\"><span style=\"font-size: 14.6667px; font-family: Arial; vertical-align: baseline; white-space: pre-wrap; background-color: transparent;\">Сотовый поликарбонат имеет ячеистую структуру и благодаря камерам воздуха, которые располагаются между продольными ребрами прочности, так называемыми, сотами, он довольно легкий. Цена зависит от того, насколько сложна структура – блоки бывают однокамерные, двухкамерные и усиленные, слои могут накладываться несколько раз. Толщина сотового блока бывает от 4 до 32 миллиметров: 4, 6, 8, 10, 16, 25 и 32. Стандартный размер листа выпускается в единой ширине – 2,1 метра, возможная длина листа – 6 или 12 метров.</span></p><span style=\"font-size: 14.6667px; font-family: Arial; vertical-align: baseline; white-space: pre-wrap; background-color: transparent;\">Если заказывать поликарбонат от производителя, можно сделать индивидуальный заказ и купить половину листа, так же выбрать толщину и необходимый для вашего интерьера цвет. Чтобы узнать цены на материал, свяжитесь с нами и получите консультацию по всем необходимым вопросам.</span></span>',1,NULL,NULL,1460533463,NULL),(20,'Поликарбонат цена и размеры листа, область применения','article20.htm','Сотовый поликарбонат размеры листа, различие между размерами сотового и монолитного поликарбоната.','<span id=\"docs-internal-guid-f4ce95f0-0e98-c082-795b-e0bb6315c651\"><p dir=\"ltr\" style=\"line-height:1.38;margin-top:0pt;margin-bottom:10pt;text-align: justify;\"><span style=\"font-size: 14.6667px; font-family: Arial; vertical-align: baseline; white-space: pre-wrap; background-color: transparent;\">Поликарбонат стал материалом номером один в области строительства и сооружения кровельных конструкций, благодаря своей прочности и легкости. Мы уже рассматривали преимущества поликарбоната, и приводили примеры почему стоит предпочесть его силикатному или органическому стеклу. </span><span style=\"font-family: Arial; font-size: 14.6667px; white-space: pre-wrap; line-height: 1.38; background-color: transparent;\">Как правило, на уровне городского и промышленного строительства делаются большие партии закупок прочного пластика толщиной свыше 5 миллиметров, чтобы обеспечить надежность конструкций. Ударопрочный и легкий материал чрезвычайно прост в монтаже и не требует еде годной замены, не подвергается влиянию погодных условий, легко очищается от загрязнений при помощи воды и легкого мыльного раствора.</span></p><p dir=\"ltr\" style=\"line-height:1.38;margin-top:0pt;margin-bottom:10pt;text-align: justify;\"><span style=\"font-size: 14.6667px; font-family: Arial; vertical-align: baseline; white-space: pre-wrap; background-color: transparent;\">Эти преимущества привлекли пользователя и в более локальных масштабах, дачники и владельцы загородных домов используют его элементы в строительстве. Из поликарбоната можно соорудить небольшие перегородки внутри помещения и использовать в качестве дизайнерского элемента. Для наружного применения его используют для сооружения теплиц и беседок, остекления балконов и террас.</span></p><p dir=\"ltr\" style=\"line-height:1.38;margin-top:0pt;margin-bottom:10pt;text-align: justify;\"><span style=\"font-size: 14.6667px; font-family: Arial; vertical-align: baseline; white-space: pre-wrap; background-color: transparent;\">Приобретение поликарбоната – это существенный вклад в развитие вашего участка, ведь материал не только современный и надежный, но и готов прослужить длительное время без особого ухода. Именно поэтому выпуск сырья представлен в разных расцветках и размерах, чтобы вы могли подобрать оптимальное количество материала для себя.</span></p><p dir=\"ltr\" style=\"line-height:1.38;margin-top:0pt;margin-bottom:10pt;text-align: justify;\"><span style=\"font-size: 14.6667px; font-family: Arial; vertical-align: baseline; white-space: pre-wrap; background-color: transparent;\">Стандартный размер зависит от вида поликарбоната и может индивидуально обсуждаться при заказе у производителя. Монолитный поликарбонат в стандартном размере 2,05 на 3,05 метра можно выбрать в толщине от 2 до 12 миллиметров.</span></p><p dir=\"ltr\" style=\"line-height:1.38;margin-top:0pt;margin-bottom:10pt;text-align: justify;\"><span style=\"font-size: 14.6667px; font-family: Arial; vertical-align: baseline; white-space: pre-wrap; background-color: transparent;\">Сотовые блоки поликарбоната изначально толще благодаря двухслойности и представлены в размерах 2,1 на 6 и 2,1 на 12 метров. Толщина листов от 4 до 32 миллиметров.</span><span style=\"font-family: Arial; font-size: 14.6667px; white-space: pre-wrap; line-height: 18px; background-color: transparent;\">Цветной поликарбонат выпускается преимущественно в холодных цветах – зеленом, синем, изумрудном, сером. Есть прозрачные и серые панели. Более теплые цвета – желтый и красный выпускаются на заказ, поскольку являются менее востребованными.</span></p></span>',1,NULL,NULL,1460534956,NULL),(21,'Прозрачный сотовый поликарбонат - область использования','article21.htm','Прозрачный сотовый поликарбонат - область использования, стандартные размеры,','<span id=\"docs-internal-guid-d1ac88fc-cd1c-6dcc-08d7-4f52cf038843\"><p dir=\"ltr\" style=\"line-height:1.38;margin-top:0pt;margin-bottom:10pt;text-align: justify;\"><span style=\"font-size: 14.6667px; font-family: Arial; vertical-align: baseline; white-space: pre-wrap; background-color: transparent;\">Сотовый поликарбонат зарекомендовал себя как легкий, прочный и светопропускающий материал. Благодаря высокой ударопрочности&nbsp;</span><span style=\"font-family: Arial; font-size: 14.6667px; line-height: 20.24px; white-space: pre-wrap;\">и надежности </span><span style=\"font-family: Arial; font-size: 14.6667px; white-space: pre-wrap; line-height: 1.38; background-color: transparent;\"> <span style=\"font-weight: bold;\">прозрачный сотовый поликарбонат</span> используется при строительстве наружных ограждений, при оформлении помещений, для внутреннего декора и фасадной рекламы.</span></p><p dir=\"ltr\" style=\"line-height:1.38;margin-top:0pt;margin-bottom:10pt;text-align: justify;\"><span style=\"font-size: 14.6667px; font-family: Arial; vertical-align: baseline; white-space: pre-wrap; background-color: transparent;\">Сотовые листы или, как из еще называют, ячеистые, обладают теплоизоляционным свойствами, благодаря камерам воздуха, которые заполняю расстояние между продольными ребрами жесткости. Прозрачность и светопроницаемость материала делает его достойной альтернативной стеклу, более надежной и доступной, способной прослужит долгие годы в неизменном виде.</span></p><p dir=\"ltr\" style=\"line-height:1.38;margin-top:0pt;margin-bottom:10pt;text-align: justify;\"><span style=\"font-size: 14.6667px; font-family: Arial; vertical-align: baseline; white-space: pre-wrap; background-color: transparent;\">Кроме использования в качестве кровельных козырьков и навесов в павильонах, его можно заметить в офисных здания в качестве разделите</span></p><p dir=\"ltr\" style=\"line-height:1.38;margin-top:0pt;margin-bottom:10pt;text-align: justify;\"><span style=\"font-size: 14.6667px; font-family: Arial; vertical-align: baseline; white-space: pre-wrap; background-color: transparent;\">Светопропускающие способности сотовых плит нашли свое применение при установке навесов и козырьков, которые не препятствуют попаданию солнечных и искусственных лучей в сооруженные тоннели. На автобусных остановках и витринах уличных магазинчиков особенно важно установить такой навес, который бы выдерживал перепады температуры и был стойким к различного рода внешним факторам, вроде ударов града.</span></p><p dir=\"ltr\" style=\"line-height:1.38;margin-top:0pt;margin-bottom:10pt;text-align: justify;\"><span style=\"font-size: 14.6667px; font-family: Arial; vertical-align: baseline; white-space: pre-wrap; background-color: transparent;\">Цветовые решения СПК позволяют подобрать подходящий к дизайну экстерьера материал, который представляется в стандартном белом, то есть прозрачном, синем, зеленом, красном и сером оттенках. Пропускная способность зависит как от цвета, так и от толщины листа поликарбрната, и составляет от 25 до 85%.</span></p><span style=\"font-size: 14.6667px; font-family: Arial; vertical-align: baseline; white-space: pre-wrap; background-color: transparent;\">Стандартные размеры поликарбоната 2100 мм ширина, и 6000 или 12000 мм длина. Толщина плиты, в отличие от монолитной, больше из-за ребристой внутренней структуры, и представлена от 4 до 32 мм. Цветные блоки продаются погонными листами, нарезанными от 1 до 9 метров в длину, при неизменной ширине 2100 мм.</span></span>',1,NULL,NULL,1463730153,NULL),(22,'Дачная теплица – королева на вашем участке','article22.htm','Тепличное сооружение – гордость каждого хозяина, особенно, если построил он ее собственными руками. Но процесс это трудоемкий и требует серьезного подхода, причем планирование расположения и конструкции не менее интересно, ем само возведение.','<span id=\"docs-internal-guid-0471eb75-4524-8e10-013f-77ff895e2970\"><p dir=\"ltr\" style=\"line-height:1.38;margin-top:0pt;margin-bottom:10pt;text-align: justify;\"><span style=\"font-size: 14.6667px; font-family: Arial; vertical-align: baseline; white-space: pre-wrap; background-color: transparent;\">Тепличное сооружение – гордость каждого хозяина, особенно, если построил он ее собственными руками. Но процесс это трудоемкий и требует серьезного подхода, причем планирование расположения и конструкции не менее интересно, ем само возведение.</span></p><p dir=\"ltr\" style=\"line-height:1.38;margin-top:0pt;margin-bottom:10pt;text-align: justify;\"><span style=\"font-size: 14.6667px; font-family: Arial; vertical-align: baseline; white-space: pre-wrap; background-color: transparent;\">Безусловно, конструкции и материалы – это чрезвычайно важно, но если вы все-таки решили построить теплицу, нужно решить на какой части участка вы будете ее устанавливать. Здесь уже можно начинать разрабатывать план, ведь нужно учесть несколько факторов:</span></p><p dir=\"ltr\" style=\"line-height:1.38;margin-top:0pt;margin-bottom:10pt;text-align: justify;\"><span style=\"font-size: 14.6667px; font-family: Arial; vertical-align: baseline; white-space: pre-wrap; background-color: transparent;\">- расположение относительно сторон света – рекомендуется устанавливать в южной стороне, где наилучшее освещение и защита от порывов ветра от рядом стоящих объектов;</span></p><p dir=\"ltr\" style=\"line-height:1.38;margin-top:0pt;margin-bottom:10pt;text-align: justify;\"><span style=\"font-size: 14.6667px; font-family: Arial; vertical-align: baseline; white-space: pre-wrap; background-color: transparent;\">- расположение на участке – вопреки стереотипам, теплицу не нужно размещать в закутке, а напротив – открытая местность дает возможность разгуляться при сооружении конструкции, а ближайшие деревья не будут загораживать лучи солнечного света;</span></p><p dir=\"ltr\" style=\"line-height:1.38;margin-top:0pt;margin-bottom:10pt;text-align: justify;\"><span style=\"font-size: 14.6667px; font-family: Arial; vertical-align: baseline; white-space: pre-wrap; background-color: transparent;\">- почва – грунт на выбранном месте должен лежать более или менее ровным слоем. Даже если вы будете выкапывать большой котлован, неровная почва может проседать, что неблагоприятно скажется на сооружении;</span></p><p dir=\"ltr\" style=\"line-height:1.38;margin-top:0pt;margin-bottom:10pt;text-align: justify;\"><span style=\"font-size: 14.6667px; font-family: Arial; vertical-align: baseline; white-space: pre-wrap; background-color: transparent;\">- положение в пространстве – помимо того, что нужно правильное место, теплицу нужно установить и нужной стороной. Рекомендуется размещать теплицу таким образом, чтобы она смотрела с востока на запад, это обусловлено наилучшим попаданием солнечных лучей внутрь помещения.</span></p><p dir=\"ltr\" style=\"line-height:1.38;margin-top:0pt;margin-bottom:10pt;text-align: justify;\"><span style=\"font-size: 14.6667px; font-family: Arial; vertical-align: baseline; white-space: pre-wrap; background-color: transparent;\">- накрытие - сотовый <a href=\"http://polikarbonatvs.com.ua/\">поликарбонат</a> от известного производителя, желательно с гарантией, обязательно с защитой от UV лучей.</span></p><span style=\"font-size: 14.6667px; font-family: Arial; vertical-align: baseline; white-space: pre-wrap; background-color: transparent;\">Лучше всего заранее создать план участка, рассчитать необходимые параметры, что поможет и при покупке материалов, так можно будет предварительно скорректировать форму и предупредить появление спорных моментов. Кроме того, план необходим чтобы продумать размеры теплицы и ее соотношение с другими элементами ландшафта. Ведь теплица – это неотъемлемый атрибут владений каждого огородника и смотреться она должна органично и привлекательно.</span></span>',1,NULL,NULL,1470038981,NULL),(23,'Дачная теплица – правильно выбираем размер','article23.htm','Соорудить теплицу – дело непростое, но если вы загорелись идеей, пора творить.','<p class=\"MsoNormal\">Соорудить теплицу – дело непростое, но если вы загорелись\r\nидеей, пора творить. И первое, что стоит сделать – это воплотить желаемое на\r\nбумаге. Визуально изобразите план своего участка с точными масштабами, чтобы\r\nтеплица пропорционально сочеталась с остальными элементами. О важности\r\nправильного месторасположения мы говорили в предыдущих статьях, а сегодня\r\nуделим внимание габаритам теплицы.</p><p class=\"MsoNormal\">В зависимости от общей площади участка, ваша теплица должна\r\nорганично вписываться в ландшафтный дизайн. Немаловажно учитывать и цели\r\nпостройки теплицы – если это выращивание культур для небольшой семьи, вполне\r\nсгодятся средние габариты. Если же вашей целью является реализация продуктов из\r\nсобственной теплицы, понадобится помещение побольше.<o:p></o:p></p><p class=\"MsoNormal\">Итак, основные параметры:<o:p></o:p></p><p class=\"MsoNormal\">- ширина теплицы – самое важное, так как это забирает\r\nсвободную площадь на участке и позволяет выращивать определенное количество\r\nкультур. С учетом оптимального расхода материалов, для среднестатистической\r\nсемьи для 3-4 человек подойдет парник шириной 3-4 метра. Это оптимальное\r\nрасстояние для расположения грядок, между которыми необходимо сделать\r\nкомфортные проходные ряды.<o:p></o:p></p><p class=\"MsoNormal\">- длина теплицы - зависит от ваших предпочтений и суммы,\r\nкоторую вы готовы выделить на стройматериалы. С учетом удобной обработки грядок\r\nи формирования проходов, нормальная длина теплицы 4 метра. Для выращивания\r\nбольшого количества культур можно продлить ее до 6 метров. Не забывайте\r\nсмотреть на соотношение с площадью участка, чтобы не добиться эффекта огромного\r\nпавильона прямо на территории дачи.<o:p></o:p></p><p class=\"MsoNormal\">- высота – параметр тоже довольно зависящий от бюджета, но\r\nотталкиваться стоит от 2,5 – 3 метров. Чтобы комфортной была работа в теплице и\r\nв ней не слишком быстро накапливалась влага, это оптимальная высота.\r\nВыращивание высокорослых культур предполагает индивидуальный подход к\r\nпостроению.<o:p></o:p></p><p class=\"MsoNormal\">Расход материалов – каркасной части и листового пластика, <a href=\"http://polikarbonatvs.com.ua/\">поликарбонат</a> которым вы будете покрывать теплицу, стоит приобретать уже после точного\r\nутверждения размеров парника. Если вам нужна помощь в расчете необходимых\r\nпараметров, обратитесь к нам за помощью по номеру, указанному в разделе\r\nКонтакты. Также у нас можно заказать готовую теплицу и материалы для сооружения\r\nвашей собственной конструкции.<o:p></o:p></p><p class=\"MsoNormal\"><o:p></o:p></p><p style=\"margin-top:0cm;margin-right:0cm;margin-bottom:10.0pt;margin-left:\r\n0cm;text-align:justify\">\r\n\r\n\r\n\r\n\r\n\r\n\r\n\r\n\r\n\r\n\r\n\r\n\r\n\r\n\r\n\r\n</p><p class=\"MsoNormal\"><o:p>&nbsp;</o:p></p>',1,NULL,NULL,1470039171,NULL),(24,'Пластик листовой – сотовый и монолитный поликарбонат','article24.htm','Сотовый и монолитный поликарбонат - анализ сфер применения, структура материала, вариация толщин и размеров.','<p class=\"MsoNormal\" style=\"margin-bottom: 10pt;\"><span lang=\"RU\"><span style=\"font-weight: bold;\">Сотовый\r\nполикарбонат</span> – это листовой пластик, выполненный из полимерных материалов.\r\nСлавится своими ударопрочными, светопрозрачными и легкими свойствами, которые\r\nнашли применение в строительстве, архитектуре, промышленности и в бытовой\r\nсфере.&nbsp;</span>Соты,\r\nиз которых состоят листы поликарбоната формируются из продольных ребер\r\nжесткости. Пространство между этими каналами заполнено воздухом, что улучшает\r\nтеплоизоляцию и звукоизоляцию материала. Эти продольные каналы делают\r\nполикарбонат более прочным и стойким к ударам, поэтому его используют в\r\nгородском строительстве. Что\r\nкасается веса поликарбоната, он в 10 раз легче обычного стекла и преуспевает\r\nнад конкурентом как в качестве прозрачной кровли, так и в интерьерных решениях. Стандартные\r\nразмеры сотового поликарбоната выпускаются длиной в 6 или 12 метров, ширина при\r\nэтом всегда 2,1 метра. Касаемо толщины, ее диапазон от 4 до 16 миллиметров, что\r\nпрямо пропорционально вливает на вес поликарбонатной плиты. Стандартный лист\r\nдлиной в 6 метров составляет 10 килограмм.</p>\r\n\r\n<p class=\"MsoNormal\" style=\"margin-bottom: 10pt;\"><span lang=\"RU\">Сотовый\r\nполикарбонат имеет хорошую способность пропускать лучи видимого света, при\r\nэтом, эти показатели остаются неизменными при выборе цветного пластика.\r\nСтандартные плиты представлены в красном, синем, зеленом, бирюзовом, и\r\nбронзовом цветах. Стоимость цветного пластика ненамного пресыщает обычный\r\nполикарбонат.&nbsp;</span>Чтобы\r\nкупить листовой пластик по доступной цене, обратитесь к нам – мы поможем вам с\r\nвыбором и проконсультируем по всем необходимым вопросам. Чтобы сделать покупку\r\nпрямо сейчас, звоните по контактному номеру!</p>\r\n\r\n<p class=\"MsoNormal\" style=\"margin-bottom: 10pt;\"><span lang=\"RU\"><span style=\"font-weight: bold;\">Монолитный\r\nполикарбонат</span> – это пластичная масса, выплавленная при помощи экструдера и\r\nсформированная в листы продолговатой формы. Свойства монолитного поликарбоната\r\nстали использоваться в многих сферах, в том числе в строительстве, как\r\nдостойная альтернатива стеклу.</span><span lang=\"RU\"><o:p></o:p></span></p>\r\n\r\n<p class=\"MsoNormal\" style=\"margin-bottom: 10pt;\"><span lang=\"RU\">Действительно,\r\nпрозрачный надежный материал уже давно нуждался в усовершенствовании, так как\r\nстандартное силикатное стекло имеет достаточно большой вес и подвержено\r\nмеханическим повреждениям, раскрашиваясь на мелкие опасные осколки.&nbsp;</span>Монолитный\r\nполикарбонат славится своей прочностью на гораздо более высоком уровне, нежели\r\nоргстекло и другие листовые материалы. Плиты толщиной от 6 миллиметров\r\nиспользуются в качестве антивандальной защиты на крупных предприятиях и в\r\nбанковской сфере, при их помощи остекляют общественное помещения и даже люки\r\nсамолетов. Вес\r\nмонолитной плиты несколько больше сотового поликарбоната, так как его\r\nпространство внутри заполнено воздухом, но это делает его более прочным и\r\nнадежным. Никакие погодные условия - давление снежного слоя, перепад\r\nтемпературы и градовые осадки не страшны поликарбонату. Листовой пластик\r\nостается неизменно привлекательным и прозрачным, его поверхность не тускнеет, и\r\nне мутнеет со временем. Для\r\nзащиты от ультрафиолетовых лучей, которые при длительном воздействии способны\r\nвлиять на состояние материала, его покрывают специальной пленкой. При этом,\r\nпропуская способность света составляет около 90% и не ухудшается в течение\r\nвсего срока службы.</p>\r\n\r\n<span lang=\"RU\">Качественный, безопасный и\r\nсоответствующий всем требованиям <a href=\"http://polikarbonatvs.com.ua/materials\">поликарбонат</a>, вы можете купить в нашем\r\nмагазине, связавшись с менеджером. Воспользуйтесь возможностью шагать в ногу со\r\nвременем, используя инновационные материалы высокого качества с гарантией\r\nбезопасности для вас и вашей семьи.</span>',1,NULL,NULL,1470119878,NULL),(25,'Что такое оргстекло и где его купить?','article25.htm','Как расшифровать понятие \"оргстекло\", что общего между акрилом и оргстеклом или это одно и тоже? Ответ на этот вопрос и не только в этой статье.','<h1 style=\"margin: 0cm 0cm 10pt;\"><span lang=\"RU\" style=\"background-image: initial; background-attachment: initial; background-size: initial; background-origin: initial; background-clip: initial; background-position: initial; background-repeat: initial;\">Что такое оргстекло и где\r\nего купить?</span></h1><p style=\"margin: 0cm 0cm 10pt;\">Оргстекло – это синтетический материал, полученный путем литья или\r\nэкструзии акриловых смол. Два разных способа получения полимера наделяют его\r\nразными свойствами, которые используются в зависимости от требований к\r\nприменению.<br>Экструзионный способ – это расплавление гранул полимерного метилметакрилата\r\nв специальном аппарате до вязкого состояния, после чего его выливают на\r\nзеркальные пластины определенного размера и выжидают процесс застывания. При\r\nпомощи экструдера можно выплавить листы разной толщины и длины. Органические\r\nсвойства оргстекла из экструдера имеет меньший показатель ударопрочности и\r\nхимической стойкости, выдерживает воздействие температур в диапазоне 150-170°С,\r\nно хорошо склеивается. Полученное путем литья оргстекло имеет большую прочность и химическую\r\nстойкость. Мономерную смесь заливают в подготовленные формы из силикатного\r\nстекла и ожидают процесса полимеризации до получения твердой пластины. Литьевой\r\nматериал отличается лучшей способностью выдерживать высокие температуры, легко\r\nполируется и обрабатывается. Термопластичность материала позволяет восстанавливать ему свои свойства\r\nпосле застывания или использовать после переработки неограниченное количество\r\nраз. Среди особенностей органического стекла – его легкость и ударопрочность.\r\nИмея в 2,5 раза меньший вес по сравнению с обычным стеклом, его прочность\r\nпревышает показатель конкурента в 5 раз. Кроме того, оргстекло влагостойкое,\r\nпропускает и рассеивает свет, не портится под влиянием ультрафиолета, и хорошо\r\nизолирует шум.&nbsp;Применение полимерного материала нашло широкое использование в промышленных\r\nи строительных сферах для остекления балконов, перегородок, торговых витрин,\r\nтепличных помещений и оранжерей. Кроме того, его используются для декоративного\r\nоформления интерьеров и рекламных щитов, вывесок и баннеров.<br><br><span style=\"font-size: 17px; line-height: 17px; color: rgb(48, 65, 5);\">Как\r\nприменяют оргстекло и где его купить?<br><br></span>Широкое использование в промышленной, бытовой и других сферах объясняется\r\nрядом положительных свойств, которыми обладает оргстекло:</p><p style=\"margin: 0cm 0cm 10pt;\"><span lang=\"RU\">1.&nbsp;</span><span style=\"font-weight: bold;\">Прозрачность</span> – именно это качество в первую\r\nочередь ставит материал в конкуренцию традиционному силикатному стеклу, так как\r\nвозможность сооружать светопрозрачную кровлю или остекление, была востребована\r\nеще много веков назад.<br><span lang=\"RU\">2. </span><span style=\"font-weight: bold;\">Легкость</span> – начиная сравнивать со с обычным\r\nстеклом, мы обнаруживаем, что оргстекло в 2,5 раза легче, что обеспечивает\r\nболее простую технологию монтажа и транспортировки.<br><span lang=\"RU\">3. </span><span style=\"font-weight: bold;\">Прочность</span> – сравнительно с другими видами стекла,\r\nполимер метилметакрилата прочнее в 10 раз и является менее хрупким, не\r\nразлетаясь на мелкие осколки при механическом повреждении. При необходимости\r\nнаделить оргстекло антивандальными качествами, в раскаленный сплав добавляют\r\nнеобходимые примеси.<br><span lang=\"RU\">4.&nbsp;</span><span style=\"font-weight: bold;\">Светопроницаемость</span> – сквозь листы органического\r\nстекла проходит около 93% света, при этом, смешивание с красителями и придание\r\nцвета листам не снижает параметры пропуска лучей. При необходимости на\r\nповерхность добавляется матовое покрытие, которое имеет пропускную способность\r\nвидимого света от 20 до 75%.<br><span lang=\"RU\">5. </span><span style=\"font-weight: bold;\">Химическая стойкость</span> – воздействие неорганических\r\nвеществ и растворов никак не влияет на качество и внешний вид стекла, к тому\r\nже, но не подвержено пагубному влиянию влаги.</p>\r\n\r\n<p style=\"margin: 0cm 0cm 10pt;\"><span lang=\"RU\">Широкое применение этого материала обосновано на вышеуказанных свойствах,\r\nкоторые выгодно используются в городком и промышленном строительстве,\r\nоформлении ландшафтного интерьера и декора помещения.<br></span><br><a href=\"http://polikarbonatvs.com.ua/materials\">Купить оргстекло</a> можно на нашем сайте, позвонив нам по указанному номеру. Мы ответим на все ваши вопросы и быстро доставим качественные материалы куда угодно.</p>',1,NULL,NULL,1470122414,NULL),(26,'Монолитный поликарбонат','article26.htm','Область применения монолитного поликарбоната, преимущество этого вида пластика над другими кровельными материалами, срок службы.','<h1 style=\"margin-bottom: 10pt;\"><span lang=\"RU\" style=\"background-image: initial; background-attachment: initial; background-size: initial; background-origin: initial; background-clip: initial; background-position: initial; background-repeat: initial;\">Монолитный поликарбонат – преимущества использования</span></h1>\r\n\r\n<p class=\"MsoNormal\" style=\"margin-bottom: 10pt;\"><span lang=\"RU\">Свойства\r\nмонолитного поликарбоната давно применяются в строительной сфере с большим\r\nуспехом. Пластичный материал – один из лидирующих на рынке прозрачной кровли,\r\nтак как соответствует всем требованиям и имеет преимущества над другими\r\nсветопропускающими элементами.&nbsp;</span>Наиболее\r\nвыдающейся характеристикой монолитного поликарбоната является прочность. Этот\r\nпоказатель в разы обходит конкурентов – силикатное и органическое стекло. Листы\r\nполикарбоната в 250 раз прочнее обычного стекла и в 10 раз выносливее, чем\r\nакриловое. Это позволяет использовать его в различных областях строительства –\r\nдля остекления масштабных конструкций, сооружения павильонов и навесов. Существуют\r\nпанели поликарбоната разной толщины – от 2 до 12 мм, каждые из которых\r\nпо-разному воспринимают ударное воздействие. Так, листы с толщиной свыше 5 мм\r\nиспользуют в качестве антивандальной защиты для амуниции и защитных средств\r\nбезопасности. Конструкции, выполненные из сверхпрочного материала, не\r\nрастрескиваются, и не ломаются от ударов тяжелыми предметами, их невозможно\r\nразрезать или разбить. В\r\nсилу того, что пластик довольно гибкий и сохраняет свои свойства, применение\r\nраспространилось и для укрытия помещений разной формы - крытые бассейны,\r\nтеплицы, арочные конструкции. Химическая стойкость, способность изолировать\r\nзвуки, теплопроводимость и неизменное состояние в широком диапазоне температур\r\nделают монолитный поликарбонат привлекательным для использования во всех сферах\r\nдеятельности.<br><br><span style=\"font-size: 17px; line-height: 17px; color: rgb(48, 65, 5);\">Какова цена поликарбоната?</span></p>\r\n\r\n<p class=\"MsoNormal\" style=\"margin-bottom: 10pt;\"><span lang=\"RU\">Что\r\nже касается расценок на поликарбонат? Многих, кто детально не знаком с\r\nуниверсальными свойствами, расценки приводят в недоумение, но мы спешим\r\nразвеять их – этот материал является одним из самых ярких представителей\r\nсоотношения «цена-качество».&nbsp;</span>Благодаря\r\nсвоей ударной прочности материал не требует частой замены (<span style=\"font-weight: bold;\">срок службы от 10\r\nлет</span>) и производит защиту от внешнего механического влияния. Общественные места,\r\nпомещения с высокой нагрузкой и здания, связанные с повышенным риском,\r\nоснащаются именно поликарбонатом, что обеспечивает долгий срок службы. Именно\r\nэтот фактор влияет на формирование расценок на листы поликарбоната, но\r\nсохранность материала на протяжении всего срока службы оправдывает\r\nустановленные производителем цены.</p>\r\n\r\n<p class=\"MsoNormal\"><span lang=\"RU\">Поэтому если вы желаете оснастить свой балкон, теплицу\r\nили витрину магазина прочным и надежным материалом - <a href=\"http://polikarbonatvs.com.ua/materials\">монолитный поликарбонат</a> Ваш правильный выбор и забудьте о заботах касательно механической прочности\r\nконструкции на долгие года. Заказать материал можно на нашем сайте, мы поможем\r\nвам с выбором, быстро и качественно оставим ваш заказ. Звоните прямо сейчас по\r\nуказанным контактам.</span><span lang=\"RU\"><o:p></o:p></span></p>',1,NULL,NULL,1470127129,NULL),(27,'Забор из поликарбоната, дополнительная защита','article27.htm','Чем обшить кованный забор? Как защитить свой двор от посторонних взглядов? Наиболее простое и выгодное решение - сотовый поликарбонат.','<p style=\"margin: 0cm 0cm 10pt;\"><span lang=\"RU\">Поликарбонат – материал, используемый в\r\nстроительстве последние 20 лет. Широкое применение пластичного пластика\r\nсохраняется благодаря его прочности и гибкости, стойкости к механическим и\r\nхимическим воздействиям.&nbsp;</span><span lang=\"RU\">Применение поликарбоната дачниками – уже\r\nустоявшаяся традиция, так как материал надежный, прочный и имеет универсальные\r\nвозможности. Про теплицы из поликарбоната и их преимущества мы уже говорили в предыдущих\r\nстатьях, сегодня же поговорим еще об одном практическом использованием пластика\r\nдля облагораживания участка.</span> Применение плит поликарбоната для постройки\r\nзабора – это довольно экономный вариант, не требующий много усилий.\r\nПолупрозрачный прочным материал смотрится органично на металлическом кованном\r\nкаркасе и в качестве подшивки для уже существующего кованого сооружения с\r\nопределенным узором.</p><p style=\"margin: 0cm 0cm 10pt;\">Чаще всего, поликарбонат для установки забора\r\nвыбирают сотовый, так как он не абсолютно прозрачен, имеет меньший вес, а\r\nзначит – проще в монтаже. Толщина листа, необходимая для постройки ограждения –\r\nот 3,5 до 8 мм. Структура зависит от ваших предпочтений – можно выбрать\r\nстандартный лист с сотами, которые создают одну камеру или усиленный –\r\nоснащенный дополнительными ребрами жесткости.<o:p></o:p></p>\r\n\r\n<p style=\"margin: 0cm 0cm 10pt;\"><span lang=\"RU\">Преимуществами использования поликарбоната в\r\nкачестве ограждения:</span><span lang=\"RU\"><o:p></o:p></span></p>\r\n\r\n<p style=\"margin: 0cm 0cm 10pt;\"><span lang=\"RU\">- способность звукоизоляции, будет поглощать шум трассы или города,\r\nсоседнего участка;</span><span lang=\"RU\"><o:p></o:p></span></p>\r\n\r\n<p style=\"margin: 0cm 0cm 10pt;\"><span lang=\"RU\">- светопрозрачность – в зависимости от цвета и качества финиша,\r\nполикарбонат способен пропускать до 60% видимого света;</span><span lang=\"RU\"><o:p></o:p></span></p>\r\n\r\n<p style=\"margin: 0cm 0cm 10pt;\"><span lang=\"RU\">- доступность – листы полимерного пластика в цене гораздо дешевле, чем\r\nкамень или кирпич, при этом служат долго и выглядят привлекательно;</span><span lang=\"RU\"><o:p></o:p></span></p>\r\n\r\n<p style=\"margin: 0cm 0cm 10pt;\"><span lang=\"RU\">- непривередливость в уходе – поликарбонат не выгорает, не царапается, и не\r\nтребует специального ухода. Иногда можно промывать его слабым мыльным раствором\r\nили просто свободным потоком воды, что очистит его от загрязнений.</span><span lang=\"RU\"><o:p></o:p></span></p>\r\n\r\n<span lang=\"RU\">Установка поликарбоната на кованный каркас под\r\nсилу любому хозяину - металлические трубы можно сварить самостоятельно или\r\nзаказать готовую сборку. Предварительно металлические профили вкапываются в\r\nземлю на уровне 1-1,5 метра и бетонируются для прочности. Затем заранее\r\nразмеченные и вырезанные листы необходимо прикрепить к столбам при помощи\r\nсаморезов, рекомендуется просверливать отверстия между ребрами жесткости, чтобы\r\nобеспечить плотное прилегание. Сами листы располагать нужно сотами вниз, по\r\nнаправлению ребер жесткости. <span lang=\"RU\">&nbsp;</span><span lang=\"RU\">Цена на &nbsp;<a href=\"http://polikarbonatvs.com.ua/\">забор из поликарбоната</a> будет зависеть\r\nот толщины и структуры, а также от того, на какой каркас вы устанавливаете\r\nполикарбонат. Можно приобрести готовые ворота и оснастить их дополнительной\r\nзащитой, а можно самостоятельно соорудить металлический каркас. Использование\r\nполимерного пластика поможем вам существенно сэкономить, ведь внешний вид\r\nцветного поликарбоната ничуть не хуже забора из сплошного камня.</span></span>',1,NULL,NULL,1470728803,NULL),(28,'Монтаж сотового и монолитного поликарбоната, советы по монтажу','article28.htm','Советы по монтажу сотового и монолитного поликарбоната, условия необходимые для длительного срока службы Вашей конструкции.','<p style=\"margin: 0cm 0cm 10pt;\">Установка сотового поликарбоната в качестве прозрачной кровли очень\r\nпопулярна среди дачников и владельцев загородных участков. Сегодня мы расскажем\r\nо том, какие тонкости стоит соблюдать, чтобы сотовый поликарбонат служил долго\r\nи имел привлекательный внешний вид на протяжении долгих лет.<br>Главные правила при установке:<br>1. &nbsp;&nbsp;&nbsp;Ребра жесткости должны идти по\r\nнаправлению листов, то есть вертикально.<br>2. &nbsp;&nbsp;&nbsp;Внешней стороной поликарбоната\r\nдолжна служить та, у которое есть специальное пленочное покрытие для защиты от\r\nультрафиолетовых лучей.<br>3. &nbsp;&nbsp;&nbsp;При креплении на металлический\r\nкаркас, балки нужно окрасить в белый цвет, чтобы минимизировать нагревание и\r\nдеформацию.<br>4. &nbsp;&nbsp;&nbsp;Верхние торцы листов нужно\r\nгерметизировать поликарбонатными или алюминиевыми профилями.<br>5. &nbsp;&nbsp;&nbsp;Нижние торцы нельзя оставлять\r\nоткрытым, чтобы влага и пыли не попадали внутрь. Это приводит к снижению срока\r\nслужбы и к уменьшению светопрозрачности панелей.<br>6. &nbsp;&nbsp;&nbsp;Нижний край поликарбонатного листа\r\nлучше всего обработать перфорированной лентой, которая препятствует образовании\r\nконденсата.<br>7. &nbsp;&nbsp;&nbsp;Разрезать листы толщиной от 4 о 10\r\nмм можно простым строительным ножиком, но, чтобы избежать неровного края, используйте\r\nпилу с высокой скоростью.<br>8. &nbsp;&nbsp;&nbsp;Ни в коем случае нельзя использовать\r\nобычный скотч для герметизации краев плиты или же герметизировать их\r\nчрезвычайно плотно.<br>9. &nbsp;&nbsp;&nbsp;Ребра жесткости в арочной\r\nконструкции должны располагаться вдоль дуги, а при скатной конструкции - вдоль\r\nската.<br>Правильный <a href=\"http://polikarbonatvs.com.ua/\">монтаж сотового поликарбоната</a> поможет вам сэкономить на услугах\r\nмастера, но всю работу нужно производить осторожно, следуя рекомендациям. &nbsp;<br><span style=\"color: rgb(48, 65, 5); font-size: 17px; line-height: 17px;\"><br>Монтаж монолитного поликарбоната</span></p><p style=\"margin: 0cm 0cm 10pt;\"><span lang=\"RU\">Применение монолитного поликарбоната распространено в\r\nстроительстве из-за универсальных свойств и долговечности материала. Не\r\nпоследнюю роль в популярности играет и простота монтажа.&nbsp;</span>Надежный, прочный и прозрачный пластик удобно\r\nустанавливать, как на плоские, так и изогнутые каркасы.&nbsp;<span style=\"text-align: justify;\">При монтаже монолитного поликарбоната в\r\nкачестве остекления периметра, нужно учитывать, что при температурном\r\nвоздействии или большой весовой нагрузке, например, под тяжестью снега, лист\r\nможет проседать.&nbsp;<br>Монолитный поликарбонат соединяют с помощью алюминиевых профилей типа крышка/база, прижимных планок и кровельных саморезов. Тип соединительного профиля подбирается исходя из пожелания заказчика и типа конструкции.</span></p>\r\n\r\n<span style=\"white-space:pre-wrap\"></span><p style=\"margin: 0cm 0cm 10pt;\"><span style=\"font-family: Arial, sans-serif; font-size: 11pt; line-height: 107%;\"><br></span></p>',1,NULL,NULL,1470817258,NULL),(29,'Поликарбонат ТитанПласт','article29.htm','Производство качественного поликарбоната ТитанПласт, характеристики поликарбоната Белорусского производства.','<h1 style=\"margin: 0cm 0cm 10pt;\"><span lang=\"RU\" style=\"line-height: 18px; color: rgb(0, 0, 0); font-size: 12px;\">Поликарбонат по праву заслуживает считаться одним из лучших кровельных\r\nматериалов на рынке прозрачной кровли. При этом, существует множество\r\nпроизводителей из разных стран, которые предлагают продукцию разного качества,\r\nценовой категории.</span><span style=\"line-height: 18px; color: rgb(0, 0, 0); font-size: 12px;\"> </span><span style=\"line-height: 18px; color: rgb(0, 0, 0); font-size: 12px;\">С</span><span lang=\"RU\" style=\"line-height: 18px; color: rgb(0, 0, 0); font-size: 12px;\">отовый\r\nполикарбонат используется в таких сферах:</span></h1><h1 style=\"margin: 0cm 0cm 10pt;\"><span lang=\"RU\" style=\"line-height: 18px; color: rgb(0, 0, 0); font-size: 12px;\"><ol><li><span style=\"line-height: 18px;\">Тепличное хозяйство;</span></li><li><span style=\"line-height: 18px;\">Обустройство навесов, козырьков,\r\nавтомобильных навесов, накрытий над бассейнами;</span></li><li><span lang=\"RU\" style=\"line-height: 18px;\"><span style=\"font-variant-numeric: normal; font-stretch: normal;\">&nbsp;</span></span><span lang=\"RU\" style=\"line-height: 18px;\">Для обустройства перегородок внутри\r\nпомещений;</span></li><li><span style=\"line-height: 18px;\">Остекление промышленных цехов.<br></span></li></ol><span lang=\"RU\"></span></span></h1>\r\n\r\n<p style=\"margin: 0cm 0cm 10pt;\"><span lang=\"RU\">На сегодня известным и надежным считается сотовый <a href=\"http://polikarbonatvs.com.ua/materials\">поликарбонат ТитанПласт</a>\r\nпроизводства Беларусь, который изготавливается на заводе в городе Новополоцк.\r\nПроизводство открыто в 2014 году и выпускает известные марки поликарбоната,\r\nсреди которых Sotek и TitanPlast.</span> Завод ТитанПласт оснащен итальянским\r\nоборудование компании Omipa – ведущим производителем оборудования для\r\nпроизводства пластика.<br>Поликарбонат Титан Пласт отличается высокой прочностью и качеством\r\nпродукции, поскольку изготавливается только из первичного высококачественного сырья.\r\nИспользование поликарбоната белорусского производства возможно в наружных и\r\nвнутренних работах, основное преимущество – высокая плотность, наличие УФ защит.\r\nЗащитный УФ слой наносится на листы путем соэкструзии и защищает поликарбонат\r\nот разрушающего воздействия солнечных лучей.</p>\r\n\r\n<p style=\"margin: 0cm 0cm 10pt;\"><span lang=\"RU\" style=\"font-weight: bold;\">Основные преимущества:</span><span lang=\"RU\"><o:p></o:p></span></p>\r\n\r\n<p style=\"margin: 0cm 0cm 10pt;\"><ul><li><span style=\"line-height: 18px;\">Использование первичного сырья – гарантия долговечности поликарбоната;</span></li><li><span style=\"line-height: 18px;\">УФ-защита – все листы имеет дополнительную защиту от солнца, что\r\nпозволяет с легкостью использовать их в наружном строительстве и обустройстве\r\nрекламных щитов. Такой материал служит до 15 лет снаружи и до 25 в помещении,\r\nсохраняет красивый внешний вид и не портится при воздействии погодных условий;</span></li><li><span style=\"line-height: 18px;\">большой ассортимент продукции – завод TitanPlast изготавливает\r\nполикарбонат любой толщины и цвета, вы можете выбрать из предлагаемого\r\nдиапазона;</span></li><li><span style=\"line-height: 18px;\">гарантия от производителя – только надежные и проверенные компании\r\nпредоставляют гарантию на поликарбонат до 14 лет и обещают качественный и долгий\r\nсрок службы;</span></li><li><span style=\"line-height: 18px;\">соответствие цены и качества – вкладывая деньги в проверенное сырье, вы\r\nбудете уверенны в том, что делаете выгодную инвестицию на долгие годы.</span></li></ul></p>\r\n\r\n<p style=\"margin: 0cm 0cm 10pt;\"><span lang=\"RU\">Чтобы сделать покупку или индивидуальный заказ, звоните нам по номеру\r\nтелефона, указанному на сайте и наш менеджер ответит на все ваши вопросы прямо\r\nсейчас.</span><span lang=\"RU\"><o:p></o:p></span></p>\r\n\r\n<p class=\"MsoNormal\"><span lang=\"RU\">&nbsp;</span></p>',1,NULL,NULL,1471859042,NULL);
/*!40000 ALTER TABLE `tbl_articles` ENABLE KEYS */;
UNLOCK TABLES;

--
-- Table structure for table `tbl_articles_categories`
--

DROP TABLE IF EXISTS `tbl_articles_categories`;
/*!40101 SET @saved_cs_client     = @@character_set_client */;
/*!40101 SET character_set_client = utf8 */;
CREATE TABLE `tbl_articles_categories` (
  `article_id` int(11) NOT NULL,
  `category_id` int(11) NOT NULL,
  KEY `FK_articles_categories_article_id` (`article_id`),
  KEY `FK_articles_categories_category_id` (`category_id`),
  CONSTRAINT `FK_articles_categories_article_id` FOREIGN KEY (`article_id`) REFERENCES `tbl_articles` (`id`) ON DELETE CASCADE ON UPDATE CASCADE,
  CONSTRAINT `FK_articles_categories_category_id` FOREIGN KEY (`category_id`) REFERENCES `tbl_article_categories` (`id`) ON DELETE CASCADE ON UPDATE CASCADE
) ENGINE=InnoDB DEFAULT CHARSET=utf8 COLLATE=utf8_unicode_ci;
/*!40101 SET character_set_client = @saved_cs_client */;

--
-- Dumping data for table `tbl_articles_categories`
--

LOCK TABLES `tbl_articles_categories` WRITE;
/*!40000 ALTER TABLE `tbl_articles_categories` DISABLE KEYS */;
INSERT INTO `tbl_articles_categories` VALUES (3,2),(5,3),(4,2),(6,3),(7,3),(8,2),(9,3),(10,3),(11,3),(12,2),(13,3),(14,3),(16,3),(17,3),(18,2),(19,2),(20,2),(21,2),(22,2),(23,2),(24,2),(25,2),(26,2),(27,2),(28,2),(29,2);
/*!40000 ALTER TABLE `tbl_articles_categories` ENABLE KEYS */;
UNLOCK TABLES;

--
-- Table structure for table `tbl_banner_items`
--

DROP TABLE IF EXISTS `tbl_banner_items`;
/*!40101 SET @saved_cs_client     = @@character_set_client */;
/*!40101 SET character_set_client = utf8 */;
CREATE TABLE `tbl_banner_items` (
  `id` int(11) NOT NULL AUTO_INCREMENT,
  `banner_id` int(11) NOT NULL,
  `filesystem` varchar(100) COLLATE utf8_unicode_ci NOT NULL,
  `path` varchar(255) COLLATE utf8_unicode_ci NOT NULL,
  `title` varchar(255) COLLATE utf8_unicode_ci DEFAULT NULL,
  `caption` varchar(255) COLLATE utf8_unicode_ci DEFAULT NULL,
  `link` varchar(255) COLLATE utf8_unicode_ci DEFAULT NULL,
  `size` int(11) NOT NULL,
  `mime_type` varchar(255) COLLATE utf8_unicode_ci NOT NULL,
  `created_at` int(11) NOT NULL,
  `updated_at` int(11) NOT NULL,
  `sort` int(11) DEFAULT NULL,
  PRIMARY KEY (`id`),
  KEY `FK_banner_items_banner_id` (`banner_id`),
  KEY `sort` (`sort`),
  CONSTRAINT `FK_banner_items_banner_id` FOREIGN KEY (`banner_id`) REFERENCES `tbl_banners` (`id`) ON DELETE CASCADE ON UPDATE CASCADE
) ENGINE=InnoDB AUTO_INCREMENT=4 DEFAULT CHARSET=utf8 COLLATE=utf8_unicode_ci;
/*!40101 SET character_set_client = @saved_cs_client */;

--
-- Dumping data for table `tbl_banner_items`
--

LOCK TABLES `tbl_banner_items` WRITE;
/*!40000 ALTER TABLE `tbl_banner_items` DISABLE KEYS */;
INSERT INTO `tbl_banner_items` VALUES (1,4,'local','/banners/4/Obogravatel-baner2.JPG','jhgjghj fghgfhgf',NULL,'/obogrevately/',4567,'image/jpeg',1475428851,1477340593,1),(2,8,'local','/banners/8/1.jpg','111','<h1>Поликарбонатные шайбы и профиля</h1>\r\n\r\n<p>Для монтажа поликарбонатных листов предусмотрены специальные<br />\r\nкомплектующие. Для непосредственного крепления<br />\r\nполикарбоната предусмотрены специальные шайбы.</p>\r\n','',179741,'image/jpeg',1477341307,1477421158,2),(3,8,'local','/banners/8/2.jpg','2222','<h1>Монолитный поликарбонат</h1>\r\n\r\n<p>Это самый гибкий, прочный и легкий<br />\r\nпрозрачный пластик из всех существующих<br />\r\nна сегодняшний день.</p>\r\n\r\n<p>&nbsp;</p>\r\n','',200875,'image/jpeg',1477341332,1477421158,1);
/*!40000 ALTER TABLE `tbl_banner_items` ENABLE KEYS */;
UNLOCK TABLES;

--
-- Table structure for table `tbl_banners`
--

DROP TABLE IF EXISTS `tbl_banners`;
/*!40101 SET @saved_cs_client     = @@character_set_client */;
/*!40101 SET character_set_client = utf8 */;
CREATE TABLE `tbl_banners` (
  `id` int(11) NOT NULL AUTO_INCREMENT,
  `name` varchar(255) COLLATE utf8_unicode_ci NOT NULL,
  `status` tinyint(1) DEFAULT '1',
  `created_at` int(11) NOT NULL,
  `updated_at` int(11) NOT NULL,
  PRIMARY KEY (`id`)
) ENGINE=InnoDB AUTO_INCREMENT=9 DEFAULT CHARSET=utf8 COLLATE=utf8_unicode_ci;
/*!40101 SET character_set_client = @saved_cs_client */;

--
-- Dumping data for table `tbl_banners`
--

LOCK TABLES `tbl_banners` WRITE;
/*!40000 ALTER TABLE `tbl_banners` DISABLE KEYS */;
INSERT INTO `tbl_banners` VALUES (4,'Обогреватели нового поколения',1,1475428851,1475428851),(8,'Main banner',1,1477341307,1477341307);
/*!40000 ALTER TABLE `tbl_banners` ENABLE KEYS */;
UNLOCK TABLES;

--
-- Table structure for table `tbl_brands`
--

DROP TABLE IF EXISTS `tbl_brands`;
/*!40101 SET @saved_cs_client     = @@character_set_client */;
/*!40101 SET character_set_client = utf8 */;
CREATE TABLE `tbl_brands` (
  `id` int(11) NOT NULL AUTO_INCREMENT,
  `name` varchar(255) COLLATE utf8_unicode_ci NOT NULL,
  `created_at` int(11) NOT NULL,
  `updated_at` int(11) NOT NULL,
  PRIMARY KEY (`id`)
) ENGINE=InnoDB DEFAULT CHARSET=utf8 COLLATE=utf8_unicode_ci;
/*!40101 SET character_set_client = @saved_cs_client */;

--
-- Dumping data for table `tbl_brands`
--

LOCK TABLES `tbl_brands` WRITE;
/*!40000 ALTER TABLE `tbl_brands` DISABLE KEYS */;
/*!40000 ALTER TABLE `tbl_brands` ENABLE KEYS */;
UNLOCK TABLES;

--
-- Table structure for table `tbl_categories`
--

DROP TABLE IF EXISTS `tbl_categories`;
/*!40101 SET @saved_cs_client     = @@character_set_client */;
/*!40101 SET character_set_client = utf8 */;
CREATE TABLE `tbl_categories` (
  `id` int(11) NOT NULL AUTO_INCREMENT,
  `tree` int(11) DEFAULT NULL,
  `lft` int(11) NOT NULL,
  `rgt` int(11) NOT NULL,
  `depth` int(11) NOT NULL,
  `name` varchar(255) COLLATE utf8_unicode_ci NOT NULL,
  `slug` varchar(255) COLLATE utf8_unicode_ci NOT NULL,
  `description` text COLLATE utf8_unicode_ci NOT NULL,
  `content` text COLLATE utf8_unicode_ci NOT NULL,
  `image_id` int(11) DEFAULT NULL,
  `status` tinyint(1) NOT NULL DEFAULT '1',
  `template_id` int(11) DEFAULT NULL,
  `facet_set_id` int(11) DEFAULT NULL,
  `created_at` int(11) NOT NULL,
  `updated_at` int(11) NOT NULL,
  PRIMARY KEY (`id`),
  KEY `lft_rgt` (`lft`,`rgt`),
  KEY `depth` (`depth`),
  KEY `tree` (`tree`),
  KEY `slug` (`slug`),
  KEY `name` (`name`),
  KEY `FK_categories_image_id` (`image_id`),
  CONSTRAINT `FK_categories_image_id` FOREIGN KEY (`image_id`) REFERENCES `tbl_category_files` (`id`) ON DELETE SET NULL ON UPDATE CASCADE
) ENGINE=InnoDB DEFAULT CHARSET=utf8 COLLATE=utf8_unicode_ci;
/*!40101 SET character_set_client = @saved_cs_client */;

--
-- Dumping data for table `tbl_categories`
--

LOCK TABLES `tbl_categories` WRITE;
/*!40000 ALTER TABLE `tbl_categories` DISABLE KEYS */;
/*!40000 ALTER TABLE `tbl_categories` ENABLE KEYS */;
UNLOCK TABLES;

--
-- Table structure for table `tbl_category_files`
--

DROP TABLE IF EXISTS `tbl_category_files`;
/*!40101 SET @saved_cs_client     = @@character_set_client */;
/*!40101 SET character_set_client = utf8 */;
CREATE TABLE `tbl_category_files` (
  `id` int(11) NOT NULL AUTO_INCREMENT,
  `filesystem` varchar(100) COLLATE utf8_unicode_ci NOT NULL,
  `path` varchar(255) COLLATE utf8_unicode_ci NOT NULL,
  `title` varchar(255) COLLATE utf8_unicode_ci NOT NULL,
  `size` int(11) DEFAULT NULL,
  `mime_type` varchar(255) COLLATE utf8_unicode_ci NOT NULL,
  `created_at` int(11) DEFAULT NULL,
  `updated_at` int(11) DEFAULT NULL,
  PRIMARY KEY (`id`)
) ENGINE=InnoDB DEFAULT CHARSET=utf8 COLLATE=utf8_unicode_ci;
/*!40101 SET character_set_client = @saved_cs_client */;

--
-- Dumping data for table `tbl_category_files`
--

LOCK TABLES `tbl_category_files` WRITE;
/*!40000 ALTER TABLE `tbl_category_files` DISABLE KEYS */;
/*!40000 ALTER TABLE `tbl_category_files` ENABLE KEYS */;
UNLOCK TABLES;

--
-- Table structure for table `tbl_category_meta`
--

DROP TABLE IF EXISTS `tbl_category_meta`;
/*!40101 SET @saved_cs_client     = @@character_set_client */;
/*!40101 SET character_set_client = utf8 */;
CREATE TABLE `tbl_category_meta` (
  `id` int(11) NOT NULL AUTO_INCREMENT,
  `entity_id` int(11) DEFAULT NULL,
  `meta_title` varchar(70) COLLATE utf8_unicode_ci NOT NULL,
  `meta_keywords` varchar(255) COLLATE utf8_unicode_ci NOT NULL,
  `meta_description` varchar(160) COLLATE utf8_unicode_ci NOT NULL,
  `meta_robots` varchar(50) COLLATE utf8_unicode_ci NOT NULL,
  `custom_meta` text COLLATE utf8_unicode_ci NOT NULL,
  PRIMARY KEY (`id`),
  KEY `FK_category_meta_entity_id` (`entity_id`),
  CONSTRAINT `FK_category_meta_entity_id` FOREIGN KEY (`entity_id`) REFERENCES `tbl_categories` (`id`) ON DELETE CASCADE ON UPDATE CASCADE
) ENGINE=InnoDB DEFAULT CHARSET=utf8 COLLATE=utf8_unicode_ci;
/*!40101 SET character_set_client = @saved_cs_client */;

--
-- Dumping data for table `tbl_category_meta`
--

LOCK TABLES `tbl_category_meta` WRITE;
/*!40000 ALTER TABLE `tbl_category_meta` DISABLE KEYS */;
/*!40000 ALTER TABLE `tbl_category_meta` ENABLE KEYS */;
UNLOCK TABLES;

--
-- Table structure for table `tbl_config`
--

DROP TABLE IF EXISTS `tbl_config`;
/*!40101 SET @saved_cs_client     = @@character_set_client */;
/*!40101 SET character_set_client = utf8 */;
CREATE TABLE `tbl_config` (
  `id` int(11) NOT NULL AUTO_INCREMENT,
  `key` varchar(100) COLLATE utf8_unicode_ci NOT NULL,
  `value` text COLLATE utf8_unicode_ci,
  `context` varchar(100) COLLATE utf8_unicode_ci DEFAULT NULL,
  PRIMARY KEY (`id`),
  KEY `key` (`key`),
  KEY `context` (`context`)
) ENGINE=InnoDB DEFAULT CHARSET=utf8 COLLATE=utf8_unicode_ci;
/*!40101 SET character_set_client = @saved_cs_client */;

--
-- Dumping data for table `tbl_config`
--

LOCK TABLES `tbl_config` WRITE;
/*!40000 ALTER TABLE `tbl_config` DISABLE KEYS */;
/*!40000 ALTER TABLE `tbl_config` ENABLE KEYS */;
UNLOCK TABLES;

--
-- Table structure for table `tbl_eav_attributes`
--

DROP TABLE IF EXISTS `tbl_eav_attributes`;
/*!40101 SET @saved_cs_client     = @@character_set_client */;
/*!40101 SET character_set_client = utf8 */;
CREATE TABLE `tbl_eav_attributes` (
  `id` int(11) NOT NULL AUTO_INCREMENT,
  `name` varchar(100) COLLATE utf8_unicode_ci NOT NULL,
  `presentation` varchar(255) COLLATE utf8_unicode_ci NOT NULL,
  `unit` varchar(50) COLLATE utf8_unicode_ci DEFAULT NULL,
  `type` varchar(100) COLLATE utf8_unicode_ci NOT NULL,
  `entity_type` varchar(100) COLLATE utf8_unicode_ci NOT NULL,
  `field_config_data` text COLLATE utf8_unicode_ci,
  `rules_config_data` text COLLATE utf8_unicode_ci,
  `predefined_values` tinyint(1) DEFAULT '0',
  PRIMARY KEY (`id`),
  KEY `name` (`name`),
  KEY `entity_type` (`entity_type`)
) ENGINE=InnoDB AUTO_INCREMENT=11 DEFAULT CHARSET=utf8 COLLATE=utf8_unicode_ci;
/*!40101 SET character_set_client = @saved_cs_client */;

--
-- Dumping data for table `tbl_eav_attributes`
--

LOCK TABLES `tbl_eav_attributes` WRITE;
/*!40000 ALTER TABLE `tbl_eav_attributes` DISABLE KEYS */;
INSERT INTO `tbl_eav_attributes` VALUES (1,'thickness002','Толщина','мм','string','product','a:1:{s:9:\"fieldType\";s:9:\"textInput\";}',NULL,1),(2,'grade002','Марка','','string','product','a:1:{s:9:\"fieldType\";s:9:\"textInput\";}',NULL,1),(3,'color002','Цвет','','string','product','a:1:{s:9:\"fieldType\";s:9:\"textInput\";}',NULL,1),(4,'tape003','Тип профиля','','string','product','a:1:{s:9:\"fieldType\";s:9:\"textInput\";}',NULL,1),(5,'th003','Толщина профиля','мм','string','product','a:1:{s:9:\"fieldType\";s:9:\"textInput\";}',NULL,0),(6,'razmer003','Размер теплицы','м','string','product','a:1:{s:9:\"fieldType\";s:9:\"textInput\";}',NULL,0),(7,'type002','Тип','','string','product','a:1:{s:9:\"fieldType\";s:9:\"textInput\";}',NULL,1),(8,'made002','Производство','','string','product','a:1:{s:9:\"fieldType\";s:9:\"textInput\";}',NULL,1),(9,'itemsize002','Размер листа','м','string','product','a:1:{s:9:\"fieldType\";s:9:\"textInput\";}',NULL,1),(10,'itemprice002','Цена за лист','грн','string','product','a:1:{s:9:\"fieldType\";s:9:\"textInput\";}',NULL,0);
/*!40000 ALTER TABLE `tbl_eav_attributes` ENABLE KEYS */;
UNLOCK TABLES;

--
-- Table structure for table `tbl_eav_entity_values`
--

DROP TABLE IF EXISTS `tbl_eav_entity_values`;
/*!40101 SET @saved_cs_client     = @@character_set_client */;
/*!40101 SET character_set_client = utf8 */;
CREATE TABLE `tbl_eav_entity_values` (
  `id` int(11) NOT NULL AUTO_INCREMENT,
  `entity_id` int(11) NOT NULL,
  `entity_type` varchar(100) COLLATE utf8_unicode_ci NOT NULL,
  `attribute_id` int(11) NOT NULL,
  `attribute_name` varchar(100) COLLATE utf8_unicode_ci NOT NULL,
  `attribute_type` varchar(100) COLLATE utf8_unicode_ci NOT NULL,
  `value_id` int(11) NOT NULL,
  `string_value` varchar(255) COLLATE utf8_unicode_ci NOT NULL,
  `value_entity_id` int(11) DEFAULT NULL,
  PRIMARY KEY (`id`),
  KEY `entity_id` (`entity_id`),
  KEY `entity_type` (`entity_type`),
  KEY `FK_eav_entity_values_attribute_id` (`attribute_id`),
  KEY `FK_eav_entity_values_value_id` (`value_id`),
  KEY `attribute_name` (`attribute_name`),
  KEY `string_value` (`string_value`),
  KEY `value_entity_id` (`value_entity_id`),
  CONSTRAINT `FK_eav_entity_values_attribute_id` FOREIGN KEY (`attribute_id`) REFERENCES `tbl_eav_attributes` (`id`) ON DELETE CASCADE ON UPDATE CASCADE,
  CONSTRAINT `FK_eav_entity_values_value_id` FOREIGN KEY (`value_id`) REFERENCES `tbl_eav_values` (`id`) ON DELETE CASCADE ON UPDATE CASCADE
) ENGINE=InnoDB DEFAULT CHARSET=utf8 COLLATE=utf8_unicode_ci;
/*!40101 SET character_set_client = @saved_cs_client */;

--
-- Dumping data for table `tbl_eav_entity_values`
--

LOCK TABLES `tbl_eav_entity_values` WRITE;
/*!40000 ALTER TABLE `tbl_eav_entity_values` DISABLE KEYS */;
/*!40000 ALTER TABLE `tbl_eav_entity_values` ENABLE KEYS */;
UNLOCK TABLES;

--
-- Table structure for table `tbl_eav_product_values`
--

DROP TABLE IF EXISTS `tbl_eav_product_values`;
/*!40101 SET @saved_cs_client     = @@character_set_client */;
/*!40101 SET character_set_client = utf8 */;
CREATE TABLE `tbl_eav_product_values` (
  `id` int(11) NOT NULL AUTO_INCREMENT,
  `entity_id` int(11) NOT NULL,
  `attribute_id` int(11) NOT NULL,
  `attribute_name` varchar(100) COLLATE utf8_unicode_ci NOT NULL,
  `attribute_type` varchar(100) COLLATE utf8_unicode_ci NOT NULL,
  `value_id` int(11) DEFAULT NULL,
  `string_value` varchar(255) COLLATE utf8_unicode_ci DEFAULT NULL,
  `value_entity_id` int(11) DEFAULT NULL,
  PRIMARY KEY (`id`),
  KEY `FK_eav_product_values_entity_id` (`entity_id`),
  KEY `FK_eav_product_values_attribute_id` (`attribute_id`),
  KEY `FK_eav_product_values_value_id` (`value_id`),
  KEY `attribute_name` (`attribute_name`),
  KEY `string_value` (`string_value`),
  KEY `value_entity_id` (`value_entity_id`),
  CONSTRAINT `FK_eav_product_values_attribute_id` FOREIGN KEY (`attribute_id`) REFERENCES `tbl_eav_attributes` (`id`) ON DELETE CASCADE ON UPDATE CASCADE,
  CONSTRAINT `FK_eav_product_values_entity_id` FOREIGN KEY (`entity_id`) REFERENCES `tbl_products` (`id`) ON DELETE CASCADE ON UPDATE CASCADE,
  CONSTRAINT `FK_eav_product_values_value_id` FOREIGN KEY (`value_id`) REFERENCES `tbl_eav_values` (`id`) ON DELETE CASCADE ON UPDATE CASCADE
) ENGINE=InnoDB AUTO_INCREMENT=767 DEFAULT CHARSET=utf8 COLLATE=utf8_unicode_ci;
/*!40101 SET character_set_client = @saved_cs_client */;

--
-- Dumping data for table `tbl_eav_product_values`
--

LOCK TABLES `tbl_eav_product_values` WRITE;
/*!40000 ALTER TABLE `tbl_eav_product_values` DISABLE KEYS */;
INSERT INTO `tbl_eav_product_values` VALUES (1,86,9,'itemsize002','value',45,NULL,NULL),(2,87,3,'color002','value',71,NULL,NULL),(3,38,10,'itemprice002','string',NULL,'641,21',NULL),(4,38,1,'thickness002','value',62,NULL,NULL),(5,45,9,'itemsize002','value',44,NULL,NULL),(6,45,3,'color002','value',77,NULL,NULL),(7,87,1,'thickness002','value',62,NULL,NULL),(8,11,6,'razmer003','string',NULL,'2х3х4',NULL),(9,11,5,'th003','string',NULL,'20х20х2',NULL),(10,11,4,'tape003','value',31,NULL,NULL),(11,86,10,'itemprice002','string',NULL,'498,83',NULL),(12,86,8,'made002','value',35,NULL,NULL),(13,88,3,'color002','value',74,NULL,NULL),(14,88,1,'thickness002','value',62,NULL,NULL),(15,89,9,'itemsize002','value',45,NULL,NULL),(16,89,3,'color002','value',76,NULL,NULL),(17,90,2,'grade002','value',17,NULL,NULL),(18,90,7,'type002','value',32,NULL,NULL),(19,91,2,'grade002','value',17,NULL,NULL),(20,91,7,'type002','value',32,NULL,NULL),(21,92,2,'grade002','value',17,NULL,NULL),(22,92,7,'type002','value',32,NULL,NULL),(23,117,7,'type002','value',32,NULL,NULL),(24,117,3,'color002','value',76,NULL,NULL),(25,117,2,'grade002','value',18,NULL,NULL),(26,117,1,'thickness002','value',62,NULL,NULL),(27,78,9,'itemsize002','value',46,NULL,NULL),(28,78,3,'color002','value',77,NULL,NULL),(29,78,1,'thickness002','value',61,NULL,NULL),(30,78,8,'made002','value',34,NULL,NULL),(31,78,2,'grade002','value',16,NULL,NULL),(32,79,10,'itemprice002','string',NULL,'1031,81',NULL),(33,79,9,'itemsize002','value',46,NULL,NULL),(34,79,3,'color002','value',71,NULL,NULL),(35,79,1,'thickness002','value',61,NULL,NULL),(36,79,8,'made002','value',34,NULL,NULL),(37,79,2,'grade002','value',16,NULL,NULL),(38,79,7,'type002','value',33,NULL,NULL),(39,80,10,'itemprice002','string',NULL,'1474,00',NULL),(40,80,9,'itemsize002','value',46,NULL,NULL),(41,80,3,'color002','value',77,NULL,NULL),(42,80,1,'thickness002','value',68,NULL,NULL),(43,80,8,'made002','value',34,NULL,NULL),(44,80,2,'grade002','value',16,NULL,NULL),(45,80,7,'type002','value',33,NULL,NULL),(46,81,10,'itemprice002','string',NULL,'1547,75',NULL),(47,81,9,'itemsize002','value',46,NULL,NULL),(48,81,3,'color002','value',71,NULL,NULL),(49,81,1,'thickness002','value',68,NULL,NULL),(50,81,8,'made002','value',34,NULL,NULL),(51,81,2,'grade002','value',16,NULL,NULL),(52,81,7,'type002','value',33,NULL,NULL),(53,78,7,'type002','value',33,NULL,NULL),(54,82,9,'itemsize002','value',46,NULL,NULL),(55,82,3,'color002','value',77,NULL,NULL),(56,82,1,'thickness002','value',62,NULL,NULL),(57,82,8,'made002','value',35,NULL,NULL),(58,82,2,'grade002','value',16,NULL,NULL),(59,82,7,'type002','value',33,NULL,NULL),(60,83,10,'itemprice002','string',NULL,'2001,69',NULL),(61,83,9,'itemsize002','value',46,NULL,NULL),(62,83,3,'color002','value',71,NULL,NULL),(63,83,1,'thickness002','value',62,NULL,NULL),(64,83,8,'made002','value',34,NULL,NULL),(65,83,2,'grade002','value',16,NULL,NULL),(66,83,7,'type002','value',33,NULL,NULL),(67,84,10,'itemprice002','string',NULL,'2383,06',NULL),(68,84,9,'itemsize002','value',46,NULL,NULL),(69,84,3,'color002','value',77,NULL,NULL),(70,84,1,'thickness002','value',69,NULL,NULL),(71,84,8,'made002','value',34,NULL,NULL),(72,84,2,'grade002','value',16,NULL,NULL),(73,84,7,'type002','value',33,NULL,NULL),(74,85,10,'itemprice002','string',NULL,'2502,13',NULL),(75,85,9,'itemsize002','value',46,NULL,NULL),(76,85,3,'color002','value',77,NULL,NULL),(77,85,1,'thickness002','value',69,NULL,NULL),(78,85,8,'made002','value',34,NULL,NULL),(79,85,2,'grade002','value',16,NULL,NULL),(80,85,7,'type002','value',33,NULL,NULL),(81,82,10,'itemprice002','string',NULL,'1906,31',NULL),(82,78,10,'itemprice002','string',NULL,'982,69',NULL),(83,86,7,'type002','value',32,NULL,NULL),(84,86,1,'thickness002','value',62,NULL,NULL),(85,86,2,'grade002','value',17,NULL,NULL),(86,87,8,'made002','value',35,NULL,NULL),(87,87,2,'grade002','value',17,NULL,NULL),(88,87,7,'type002','value',32,NULL,NULL),(89,88,8,'made002','value',35,NULL,NULL),(90,88,2,'grade002','value',17,NULL,NULL),(91,88,7,'type002','value',32,NULL,NULL),(92,89,1,'thickness002','value',62,NULL,NULL),(93,89,8,'made002','value',35,NULL,NULL),(94,89,2,'grade002','value',17,NULL,NULL),(95,89,7,'type002','value',32,NULL,NULL),(96,89,10,'itemprice002','string',NULL,'513,70',NULL),(97,86,3,'color002','value',77,NULL,NULL),(98,87,9,'itemsize002','value',45,NULL,NULL),(99,87,10,'itemprice002','string',NULL,'513,70',NULL),(100,88,9,'itemsize002','value',45,NULL,NULL),(101,88,10,'itemprice002','string',NULL,'513,70',NULL),(102,90,8,'made002','value',35,NULL,NULL),(103,90,1,'thickness002','value',62,NULL,NULL),(104,90,3,'color002','value',75,NULL,NULL),(105,90,9,'itemsize002','value',45,NULL,NULL),(106,90,10,'itemprice002','string',NULL,'513,70',NULL),(107,91,8,'made002','value',35,NULL,NULL),(108,91,1,'thickness002','value',62,NULL,NULL),(109,91,3,'color002','value',78,NULL,NULL),(110,91,9,'itemsize002','value',45,NULL,NULL),(111,91,10,'itemprice002','string',NULL,'513,70',NULL),(112,92,8,'made002','value',35,NULL,NULL),(113,92,1,'thickness002','value',62,NULL,NULL),(114,92,3,'color002','value',73,NULL,NULL),(115,92,9,'itemsize002','value',45,NULL,NULL),(116,92,10,'itemprice002','string',NULL,'513,70',NULL),(117,93,10,'itemprice002','string',NULL,'814.21',NULL),(118,93,9,'itemsize002','value',45,NULL,NULL),(119,93,3,'color002','value',77,NULL,NULL),(120,93,1,'thickness002','value',63,NULL,NULL),(121,93,8,'made002','value',35,NULL,NULL),(122,93,2,'grade002','value',17,NULL,NULL),(123,95,8,'made002','value',35,NULL,NULL),(124,94,10,'itemprice002','string',NULL,'838.78',NULL),(125,94,9,'itemsize002','string',NULL,'2,1х6',NULL),(126,94,8,'made002','value',35,NULL,NULL),(127,94,7,'type002','value',32,NULL,NULL),(128,94,3,'color002','value',71,NULL,NULL),(129,94,2,'grade002','value',17,NULL,NULL),(130,94,1,'thickness002','value',63,NULL,NULL),(131,95,7,'type002','value',32,NULL,NULL),(132,95,3,'color002','value',74,NULL,NULL),(133,95,2,'grade002','value',17,NULL,NULL),(134,95,1,'thickness002','value',63,NULL,NULL),(135,95,9,'itemsize002','string',NULL,'2,1х6',NULL),(136,95,10,'itemprice002','string',NULL,'838.78',NULL),(137,96,1,'thickness002','value',63,NULL,NULL),(138,96,2,'grade002','value',17,NULL,NULL),(139,96,3,'color002','value',76,NULL,NULL),(140,96,7,'type002','value',32,NULL,NULL),(141,96,8,'made002','value',35,NULL,NULL),(142,96,9,'itemsize002','string',NULL,'2,1х6',NULL),(143,96,10,'itemprice002','string',NULL,'838.78',NULL),(144,97,9,'itemsize002','string',NULL,'2,1х6',NULL),(145,97,8,'made002','value',35,NULL,NULL),(146,97,7,'type002','value',32,NULL,NULL),(147,97,3,'color002','value',75,NULL,NULL),(148,97,2,'grade002','value',17,NULL,NULL),(149,97,1,'thickness002','value',63,NULL,NULL),(150,99,9,'itemsize002','string',NULL,'2,1х6',NULL),(151,99,8,'made002','value',35,NULL,NULL),(152,99,7,'type002','value',32,NULL,NULL),(153,99,3,'color002','value',73,NULL,NULL),(154,99,2,'grade002','value',17,NULL,NULL),(155,99,1,'thickness002','value',63,NULL,NULL),(156,97,10,'itemprice002','string',NULL,'838.78',NULL),(157,100,1,'thickness002','value',64,NULL,NULL),(158,100,2,'grade002','value',17,NULL,NULL),(159,100,3,'color002','value',77,NULL,NULL),(160,100,7,'type002','value',32,NULL,NULL),(161,100,8,'made002','value',35,NULL,NULL),(162,100,9,'itemsize002','string',NULL,'2,1х6',NULL),(163,100,10,'itemprice002','string',NULL,'970.83',NULL),(164,101,1,'thickness002','value',64,NULL,NULL),(165,101,2,'grade002','value',17,NULL,NULL),(166,101,3,'color002','value',71,NULL,NULL),(167,101,7,'type002','value',32,NULL,NULL),(168,101,8,'made002','value',35,NULL,NULL),(169,101,9,'itemsize002','string',NULL,'2,1х6',NULL),(170,101,10,'itemprice002','string',NULL,'999.94',NULL),(171,99,10,'itemprice002','string',NULL,'838.78',NULL),(172,102,1,'thickness002','value',64,NULL,NULL),(173,102,2,'grade002','value',17,NULL,NULL),(174,102,3,'color002','value',74,NULL,NULL),(175,102,7,'type002','value',32,NULL,NULL),(176,102,8,'made002','value',35,NULL,NULL),(177,102,9,'itemsize002','string',NULL,'2,1х6',NULL),(178,102,10,'itemprice002','string',NULL,'999.94',NULL),(179,103,1,'thickness002','value',64,NULL,NULL),(180,103,2,'grade002','value',17,NULL,NULL),(181,103,3,'color002','value',76,NULL,NULL),(182,103,7,'type002','value',32,NULL,NULL),(183,103,8,'made002','value',35,NULL,NULL),(184,103,9,'itemsize002','string',NULL,'2,1х6',NULL),(185,103,10,'itemprice002','string',NULL,'999.94',NULL),(186,104,1,'thickness002','value',64,NULL,NULL),(187,104,2,'grade002','value',17,NULL,NULL),(188,104,3,'color002','value',75,NULL,NULL),(189,104,7,'type002','value',32,NULL,NULL),(190,104,8,'made002','value',35,NULL,NULL),(191,104,9,'itemsize002','string',NULL,'2,1х6',NULL),(192,104,10,'itemprice002','string',NULL,'999.94',NULL),(193,105,1,'thickness002','value',64,NULL,NULL),(194,105,2,'grade002','value',17,NULL,NULL),(195,105,3,'color002','value',78,NULL,NULL),(196,105,7,'type002','value',32,NULL,NULL),(197,105,8,'made002','value',35,NULL,NULL),(198,105,9,'itemsize002','string',NULL,'2,1х6',NULL),(199,105,10,'itemprice002','string',NULL,'999.94',NULL),(200,106,1,'thickness002','value',64,NULL,NULL),(201,106,2,'grade002','value',17,NULL,NULL),(202,106,3,'color002','value',73,NULL,NULL),(203,106,7,'type002','value',32,NULL,NULL),(204,106,8,'made002','value',35,NULL,NULL),(205,106,9,'itemsize002','string',NULL,'2,1х6',NULL),(206,106,10,'itemprice002','string',NULL,'999.94',NULL),(207,107,1,'thickness002','value',65,NULL,NULL),(208,107,2,'grade002','value',17,NULL,NULL),(209,107,3,'color002','value',77,NULL,NULL),(210,107,7,'type002','value',32,NULL,NULL),(211,107,8,'made002','value',35,NULL,NULL),(212,107,9,'itemsize002','string',NULL,'2,1х6',NULL),(213,107,10,'itemprice002','string',NULL,'1147.36',NULL),(214,108,1,'thickness002','value',65,NULL,NULL),(215,108,2,'grade002','value',17,NULL,NULL),(216,108,3,'color002','value',71,NULL,NULL),(217,108,7,'type002','value',32,NULL,NULL),(218,108,8,'made002','value',35,NULL,NULL),(219,108,9,'itemsize002','string',NULL,'2,1х6',NULL),(220,108,10,'itemprice002','string',NULL,'1181.88',NULL),(221,109,1,'thickness002','value',65,NULL,NULL),(222,109,2,'grade002','value',17,NULL,NULL),(223,109,3,'color002','value',74,NULL,NULL),(224,109,7,'type002','value',32,NULL,NULL),(225,109,8,'made002','value',35,NULL,NULL),(226,109,9,'itemsize002','string',NULL,'2,1х6',NULL),(227,109,10,'itemprice002','string',NULL,'1181.88',NULL),(228,110,1,'thickness002','value',65,NULL,NULL),(229,110,2,'grade002','value',17,NULL,NULL),(230,110,3,'color002','value',76,NULL,NULL),(231,110,7,'type002','value',32,NULL,NULL),(232,110,8,'made002','value',35,NULL,NULL),(233,110,9,'itemsize002','string',NULL,'2,1х6',NULL),(234,110,10,'itemprice002','string',NULL,'1181.88',NULL),(235,111,9,'itemsize002','string',NULL,'2,1х6',NULL),(236,111,8,'made002','value',35,NULL,NULL),(237,111,7,'type002','value',32,NULL,NULL),(238,111,3,'color002','value',75,NULL,NULL),(239,111,2,'grade002','value',17,NULL,NULL),(240,111,1,'thickness002','value',65,NULL,NULL),(241,111,10,'itemprice002','string',NULL,'1181.88',NULL),(242,112,1,'thickness002','value',65,NULL,NULL),(243,112,2,'grade002','value',17,NULL,NULL),(244,112,3,'color002','value',78,NULL,NULL),(245,112,7,'type002','value',32,NULL,NULL),(246,112,8,'made002','value',35,NULL,NULL),(247,112,9,'itemsize002','string',NULL,'2,1х6',NULL),(248,112,10,'itemprice002','string',NULL,'1181.88',NULL),(249,113,1,'thickness002','value',65,NULL,NULL),(250,113,2,'grade002','value',17,NULL,NULL),(251,113,3,'color002','value',73,NULL,NULL),(252,113,7,'type002','value',32,NULL,NULL),(253,113,8,'made002','value',35,NULL,NULL),(254,113,9,'itemsize002','string',NULL,'2,1х6',NULL),(255,113,10,'itemprice002','string',NULL,'1181.88',NULL),(256,114,10,'itemprice002','string',NULL,'421.85',NULL),(257,114,9,'itemsize002','string',NULL,'2,1х6',NULL),(258,114,8,'made002','value',35,NULL,NULL),(259,114,7,'type002','value',32,NULL,NULL),(260,114,3,'color002','value',77,NULL,NULL),(261,114,2,'grade002','value',18,NULL,NULL),(262,114,1,'thickness002','value',62,NULL,NULL),(263,115,1,'thickness002','value',62,NULL,NULL),(264,115,2,'grade002','value',18,NULL,NULL),(265,115,3,'color002','value',71,NULL,NULL),(266,115,7,'type002','value',32,NULL,NULL),(267,115,8,'made002','value',35,NULL,NULL),(268,115,9,'itemsize002','string',NULL,'2,1х6',NULL),(269,115,10,'itemprice002','string',NULL,'434.57',NULL),(270,116,1,'thickness002','value',62,NULL,NULL),(271,116,2,'grade002','value',18,NULL,NULL),(272,116,3,'color002','value',74,NULL,NULL),(273,116,7,'type002','value',32,NULL,NULL),(274,116,8,'made002','value',35,NULL,NULL),(275,116,9,'itemsize002','string',NULL,'2,1х6',NULL),(276,116,10,'itemprice002','string',NULL,'434.57',NULL),(277,117,8,'made002','value',35,NULL,NULL),(278,117,9,'itemsize002','string',NULL,'2,1х6',NULL),(279,117,10,'itemprice002','string',NULL,'434.57',NULL),(280,118,1,'thickness002','value',62,NULL,NULL),(281,118,2,'grade002','value',18,NULL,NULL),(282,118,3,'color002','value',75,NULL,NULL),(283,118,7,'type002','value',32,NULL,NULL),(284,118,8,'made002','value',35,NULL,NULL),(285,118,9,'itemsize002','string',NULL,'2,1х6',NULL),(286,118,10,'itemprice002','string',NULL,'434.57',NULL),(287,119,1,'thickness002','value',62,NULL,NULL),(288,119,2,'grade002','value',18,NULL,NULL),(289,119,3,'color002','value',78,NULL,NULL),(290,119,7,'type002','value',32,NULL,NULL),(291,119,8,'made002','value',35,NULL,NULL),(292,119,9,'itemsize002','string',NULL,'2,1х6',NULL),(293,119,10,'itemprice002','string',NULL,'434.57',NULL),(294,120,1,'thickness002','value',62,NULL,NULL),(295,120,2,'grade002','value',18,NULL,NULL),(296,120,3,'color002','value',73,NULL,NULL),(297,120,7,'type002','value',32,NULL,NULL),(298,120,8,'made002','value',35,NULL,NULL),(299,120,9,'itemsize002','string',NULL,'2,1х6',NULL),(300,120,10,'itemprice002','string',NULL,'434.57',NULL),(301,121,1,'thickness002','value',63,NULL,NULL),(302,121,2,'grade002','value',18,NULL,NULL),(303,121,3,'color002','value',77,NULL,NULL),(304,121,7,'type002','value',32,NULL,NULL),(305,121,8,'made002','value',35,NULL,NULL),(306,121,9,'itemsize002','string',NULL,'2,1х6',NULL),(307,121,10,'itemprice002','string',NULL,'688.46',NULL),(308,122,1,'thickness002','value',63,NULL,NULL),(309,122,2,'grade002','value',18,NULL,NULL),(310,122,3,'color002','value',71,NULL,NULL),(311,122,7,'type002','value',32,NULL,NULL),(312,122,8,'made002','value',35,NULL,NULL),(313,122,9,'itemsize002','string',NULL,'2,1х6',NULL),(314,122,10,'itemprice002','string',NULL,'709.25',NULL),(315,236,9,'itemsize002','value',45,NULL,NULL),(316,236,8,'made002','value',35,NULL,NULL),(317,236,7,'type002','value',32,NULL,NULL),(318,236,3,'color002','value',77,NULL,NULL),(319,236,2,'grade002','value',17,NULL,NULL),(320,236,1,'thickness002','value',66,NULL,NULL),(321,236,10,'itemprice002','string',NULL,'1990,04',NULL),(322,237,10,'itemprice002','string',NULL,'2049.77',NULL),(323,237,9,'itemsize002','value',45,NULL,NULL),(324,237,3,'color002','value',71,NULL,NULL),(325,237,1,'thickness002','value',66,NULL,NULL),(326,237,8,'made002','value',35,NULL,NULL),(327,237,2,'grade002','value',17,NULL,NULL),(328,237,7,'type002','value',32,NULL,NULL),(329,238,1,'thickness002','value',66,NULL,NULL),(330,238,2,'grade002','value',17,NULL,NULL),(331,238,3,'color002','value',74,NULL,NULL),(332,238,7,'type002','value',32,NULL,NULL),(333,238,8,'made002','value',35,NULL,NULL),(334,238,9,'itemsize002','value',45,NULL,NULL),(335,238,10,'itemprice002','string',NULL,'2049.77',NULL),(336,239,1,'thickness002','value',66,NULL,NULL),(337,239,2,'grade002','value',17,NULL,NULL),(338,239,3,'color002','value',76,NULL,NULL),(339,239,7,'type002','value',32,NULL,NULL),(340,239,8,'made002','value',35,NULL,NULL),(341,239,9,'itemsize002','value',45,NULL,NULL),(342,239,10,'itemprice002','string',NULL,'2049.77',NULL),(343,240,1,'thickness002','value',66,NULL,NULL),(344,240,2,'grade002','value',17,NULL,NULL),(345,240,3,'color002','value',75,NULL,NULL),(346,240,7,'type002','value',32,NULL,NULL),(347,240,8,'made002','value',35,NULL,NULL),(348,240,9,'itemsize002','value',45,NULL,NULL),(349,240,10,'itemprice002','string',NULL,'2049.77',NULL),(350,241,1,'thickness002','value',66,NULL,NULL),(351,241,2,'grade002','value',17,NULL,NULL),(352,241,3,'color002','value',78,NULL,NULL),(353,241,7,'type002','value',32,NULL,NULL),(354,241,8,'made002','value',35,NULL,NULL),(355,241,9,'itemsize002','value',45,NULL,NULL),(356,241,10,'itemprice002','string',NULL,'2049.77',NULL),(357,242,1,'thickness002','value',66,NULL,NULL),(358,242,2,'grade002','value',17,NULL,NULL),(359,242,3,'color002','value',73,NULL,NULL),(360,242,7,'type002','value',32,NULL,NULL),(361,242,8,'made002','value',35,NULL,NULL),(362,242,9,'itemsize002','value',45,NULL,NULL),(363,242,10,'itemprice002','string',NULL,'2049.77',NULL),(364,123,1,'thickness002','value',63,NULL,NULL),(365,123,2,'grade002','value',18,NULL,NULL),(366,123,3,'color002','value',74,NULL,NULL),(367,123,7,'type002','value',32,NULL,NULL),(368,123,8,'made002','value',35,NULL,NULL),(369,123,9,'itemsize002','value',45,NULL,NULL),(370,123,10,'itemprice002','string',NULL,'709.25',NULL),(371,124,1,'thickness002','value',63,NULL,NULL),(372,124,2,'grade002','value',18,NULL,NULL),(373,124,3,'color002','value',76,NULL,NULL),(374,124,7,'type002','value',32,NULL,NULL),(375,124,8,'made002','value',35,NULL,NULL),(376,124,9,'itemsize002','value',45,NULL,NULL),(377,124,10,'itemprice002','string',NULL,'709.25',NULL),(378,125,1,'thickness002','value',63,NULL,NULL),(379,125,2,'grade002','value',18,NULL,NULL),(380,125,3,'color002','value',75,NULL,NULL),(381,125,7,'type002','value',32,NULL,NULL),(382,125,8,'made002','value',35,NULL,NULL),(383,125,9,'itemsize002','value',45,NULL,NULL),(384,125,10,'itemprice002','string',NULL,'709.25',NULL),(385,126,1,'thickness002','value',63,NULL,NULL),(386,126,2,'grade002','value',18,NULL,NULL),(387,126,3,'color002','value',78,NULL,NULL),(388,126,7,'type002','value',32,NULL,NULL),(389,126,8,'made002','value',35,NULL,NULL),(390,126,9,'itemsize002','value',45,NULL,NULL),(391,126,10,'itemprice002','string',NULL,'709.25',NULL),(392,127,1,'thickness002','value',63,NULL,NULL),(393,127,2,'grade002','value',18,NULL,NULL),(394,127,3,'color002','value',73,NULL,NULL),(395,127,7,'type002','value',32,NULL,NULL),(396,127,8,'made002','value',35,NULL,NULL),(397,127,9,'itemsize002','value',45,NULL,NULL),(398,127,10,'itemprice002','string',NULL,'709.25',NULL),(399,128,1,'thickness002','value',64,NULL,NULL),(400,128,2,'grade002','value',18,NULL,NULL),(401,128,3,'color002','value',77,NULL,NULL),(402,128,7,'type002','value',32,NULL,NULL),(403,128,8,'made002','value',35,NULL,NULL),(404,128,9,'itemsize002','value',45,NULL,NULL),(405,128,10,'itemprice002','string',NULL,'820.76',NULL),(406,129,1,'thickness002','value',64,NULL,NULL),(407,129,2,'grade002','value',18,NULL,NULL),(408,129,3,'color002','value',71,NULL,NULL),(409,129,7,'type002','value',32,NULL,NULL),(410,129,8,'made002','value',35,NULL,NULL),(411,129,9,'itemsize002','value',45,NULL,NULL),(412,129,10,'itemprice002','string',NULL,'845.33',NULL),(413,130,1,'thickness002','value',64,NULL,NULL),(414,130,2,'grade002','value',18,NULL,NULL),(415,130,3,'color002','value',74,NULL,NULL),(416,130,7,'type002','value',32,NULL,NULL),(417,130,8,'made002','value',35,NULL,NULL),(418,130,9,'itemsize002','value',45,NULL,NULL),(419,130,10,'itemprice002','string',NULL,'845.33',NULL),(420,131,1,'thickness002','value',64,NULL,NULL),(421,131,2,'grade002','value',18,NULL,NULL),(422,131,3,'color002','value',76,NULL,NULL),(423,131,7,'type002','value',32,NULL,NULL),(424,131,8,'made002','value',35,NULL,NULL),(425,131,9,'itemsize002','value',45,NULL,NULL),(426,131,10,'itemprice002','string',NULL,'845.33',NULL),(427,132,1,'thickness002','value',64,NULL,NULL),(428,132,2,'grade002','value',18,NULL,NULL),(429,132,3,'color002','value',75,NULL,NULL),(430,132,7,'type002','value',32,NULL,NULL),(431,132,8,'made002','value',35,NULL,NULL),(432,132,9,'itemsize002','value',45,NULL,NULL),(433,132,10,'itemprice002','string',NULL,'845.33',NULL),(434,133,1,'thickness002','value',64,NULL,NULL),(435,133,2,'grade002','value',18,NULL,NULL),(436,133,3,'color002','value',78,NULL,NULL),(437,133,7,'type002','value',32,NULL,NULL),(438,133,8,'made002','value',35,NULL,NULL),(439,133,9,'itemsize002','value',45,NULL,NULL),(440,133,10,'itemprice002','string',NULL,'845.33',NULL),(441,134,1,'thickness002','value',64,NULL,NULL),(442,134,2,'grade002','value',18,NULL,NULL),(443,134,3,'color002','value',73,NULL,NULL),(444,134,7,'type002','value',32,NULL,NULL),(445,134,8,'made002','value',35,NULL,NULL),(446,134,9,'itemsize002','value',45,NULL,NULL),(447,134,10,'itemprice002','string',NULL,'845.33',NULL),(448,135,1,'thickness002','value',65,NULL,NULL),(449,135,2,'grade002','value',18,NULL,NULL),(450,135,3,'color002','value',77,NULL,NULL),(451,135,7,'type002','value',32,NULL,NULL),(452,135,8,'made002','value',35,NULL,NULL),(453,135,9,'itemsize002','value',45,NULL,NULL),(454,135,10,'itemprice002','string',NULL,'970.07',NULL),(455,136,1,'thickness002','value',65,NULL,NULL),(456,136,2,'grade002','value',18,NULL,NULL),(457,136,3,'color002','value',71,NULL,NULL),(458,136,7,'type002','value',32,NULL,NULL),(459,136,8,'made002','value',35,NULL,NULL),(460,136,9,'itemsize002','value',45,NULL,NULL),(461,136,10,'itemprice002','string',NULL,'999.18',NULL),(462,137,1,'thickness002','value',65,NULL,NULL),(463,137,2,'grade002','value',18,NULL,NULL),(464,137,3,'color002','value',74,NULL,NULL),(465,137,7,'type002','value',32,NULL,NULL),(466,137,8,'made002','value',35,NULL,NULL),(467,137,9,'itemsize002','value',45,NULL,NULL),(468,137,10,'itemprice002','string',NULL,'999.18',NULL),(469,138,1,'thickness002','value',65,NULL,NULL),(470,138,2,'grade002','value',18,NULL,NULL),(471,138,3,'color002','value',76,NULL,NULL),(472,138,7,'type002','value',32,NULL,NULL),(473,138,8,'made002','value',35,NULL,NULL),(474,138,9,'itemsize002','value',45,NULL,NULL),(475,138,10,'itemprice002','string',NULL,'999.18',NULL),(476,139,1,'thickness002','value',65,NULL,NULL),(477,139,2,'grade002','value',18,NULL,NULL),(478,139,3,'color002','value',75,NULL,NULL),(479,139,7,'type002','value',32,NULL,NULL),(480,139,8,'made002','value',35,NULL,NULL),(481,139,9,'itemsize002','value',45,NULL,NULL),(482,139,10,'itemprice002','string',NULL,'999.18',NULL),(483,140,1,'thickness002','value',65,NULL,NULL),(484,140,2,'grade002','value',18,NULL,NULL),(485,140,3,'color002','value',78,NULL,NULL),(486,140,7,'type002','value',32,NULL,NULL),(487,140,8,'made002','value',35,NULL,NULL),(488,140,9,'itemsize002','value',45,NULL,NULL),(489,140,10,'itemprice002','string',NULL,'999.18',NULL),(490,141,1,'thickness002','value',65,NULL,NULL),(491,141,2,'grade002','value',18,NULL,NULL),(492,141,3,'color002','value',73,NULL,NULL),(493,141,7,'type002','value',32,NULL,NULL),(494,141,8,'made002','value',35,NULL,NULL),(495,141,9,'itemsize002','value',45,NULL,NULL),(496,141,10,'itemprice002','string',NULL,'999.18',NULL),(497,38,9,'itemsize002','value',44,NULL,NULL),(498,38,8,'made002','value',34,NULL,NULL),(499,39,9,'itemsize002','value',44,NULL,NULL),(500,39,3,'color002','value',73,NULL,NULL),(501,39,1,'thickness002','value',62,NULL,NULL),(502,39,8,'made002','value',34,NULL,NULL),(503,39,2,'grade002','value',15,NULL,NULL),(504,40,10,'itemprice002','string',NULL,'747,18',NULL),(505,40,9,'itemsize002','value',44,NULL,NULL),(506,40,3,'color002','value',78,NULL,NULL),(507,40,1,'thickness002','value',62,NULL,NULL),(508,40,2,'grade002','value',15,NULL,NULL),(509,40,8,'made002','value',34,NULL,NULL),(510,40,7,'type002','value',32,NULL,NULL),(511,39,7,'type002','value',32,NULL,NULL),(512,39,10,'itemprice002','string',NULL,'814,84',NULL),(513,41,7,'type002','value',32,NULL,NULL),(514,41,2,'grade002','value',15,NULL,NULL),(515,41,8,'made002','value',34,NULL,NULL),(516,41,1,'thickness002','value',62,NULL,NULL),(517,41,3,'color002','value',74,NULL,NULL),(518,41,9,'itemsize002','value',45,NULL,NULL),(519,41,10,'itemprice002','string',NULL,'846,47',NULL),(520,42,7,'type002','value',32,NULL,NULL),(521,42,2,'grade002','value',15,NULL,NULL),(522,42,8,'made002','value',34,NULL,NULL),(523,42,1,'thickness002','value',62,NULL,NULL),(524,42,3,'color002','value',76,NULL,NULL),(525,42,9,'itemsize002','value',44,NULL,NULL),(526,42,10,'itemprice002','string',NULL,'861,59',NULL),(527,43,7,'type002','value',32,NULL,NULL),(528,43,2,'grade002','value',15,NULL,NULL),(529,43,8,'made002','value',35,NULL,NULL),(530,43,1,'thickness002','value',62,NULL,NULL),(531,43,3,'color002','value',75,NULL,NULL),(532,43,9,'itemsize002','value',44,NULL,NULL),(533,43,10,'itemprice002','string',NULL,'605,68',NULL),(534,45,1,'thickness002','value',62,NULL,NULL),(535,45,8,'made002','value',34,NULL,NULL),(536,45,2,'grade002','value',15,NULL,NULL),(537,45,7,'type002','value',32,NULL,NULL),(538,45,10,'itemprice002','string',NULL,'611,10',NULL),(539,38,2,'grade002','value',15,NULL,NULL),(540,38,7,'type002','value',32,NULL,NULL),(541,44,7,'type002','value',32,NULL,NULL),(542,44,2,'grade002','value',15,NULL,NULL),(543,44,8,'made002','value',34,NULL,NULL),(544,44,1,'thickness002','value',63,NULL,NULL),(545,44,3,'color002','value',77,NULL,NULL),(546,44,9,'itemsize002','value',44,NULL,NULL),(547,44,10,'itemprice002','string',NULL,'1036,85',NULL),(548,46,7,'type002','value',32,NULL,NULL),(549,46,2,'grade002','value',15,NULL,NULL),(550,46,8,'made002','value',34,NULL,NULL),(551,46,1,'thickness002','value',63,NULL,NULL),(552,46,3,'color002','value',71,NULL,NULL),(553,46,9,'itemsize002','value',44,NULL,NULL),(554,46,10,'itemprice002','string',NULL,'1041,64',NULL),(555,47,7,'type002','value',32,NULL,NULL),(556,47,2,'grade002','value',15,NULL,NULL),(557,47,8,'made002','value',34,NULL,NULL),(558,47,1,'thickness002','value',63,NULL,NULL),(559,47,3,'color002','value',70,NULL,NULL),(560,47,9,'itemsize002','value',44,NULL,NULL),(561,47,10,'itemprice002','string',NULL,'1061,55',NULL),(562,48,7,'type002','value',32,NULL,NULL),(563,48,2,'grade002','value',15,NULL,NULL),(564,48,8,'made002','value',34,NULL,NULL),(565,48,1,'thickness002','value',63,NULL,NULL),(566,48,3,'color002','value',73,NULL,NULL),(567,48,9,'itemsize002','value',44,NULL,NULL),(568,48,10,'itemprice002','string',NULL,'1221,44',NULL),(569,49,7,'type002','value',32,NULL,NULL),(570,49,2,'grade002','value',15,NULL,NULL),(571,49,8,'made002','value',34,NULL,NULL),(572,49,1,'thickness002','value',63,NULL,NULL),(573,49,3,'color002','value',78,NULL,NULL),(574,49,9,'itemsize002','value',44,NULL,NULL),(575,49,10,'itemprice002','string',NULL,'1244,38',NULL),(576,50,9,'itemsize002','value',44,NULL,NULL),(577,50,3,'color002','value',74,NULL,NULL),(578,50,1,'thickness002','value',63,NULL,NULL),(579,50,8,'made002','value',34,NULL,NULL),(580,50,2,'grade002','value',15,NULL,NULL),(581,50,7,'type002','value',32,NULL,NULL),(582,51,7,'type002','value',32,NULL,NULL),(583,51,2,'grade002','value',15,NULL,NULL),(584,51,8,'made002','value',35,NULL,NULL),(585,51,1,'thickness002','value',63,NULL,NULL),(586,51,9,'itemsize002','value',45,NULL,NULL),(587,51,10,'itemprice002','string',NULL,'1236,82',NULL),(588,52,10,'itemprice002','string',NULL,'1091,82',NULL),(589,52,9,'itemsize002','value',44,NULL,NULL),(590,52,3,'color002','value',75,NULL,NULL),(591,52,1,'thickness002','value',63,NULL,NULL),(592,52,8,'made002','value',34,NULL,NULL),(593,52,2,'grade002','value',15,NULL,NULL),(594,52,7,'type002','value',32,NULL,NULL),(595,53,3,'color002','value',79,NULL,NULL),(596,53,1,'thickness002','value',63,NULL,NULL),(597,53,8,'made002','value',34,NULL,NULL),(598,53,2,'grade002','value',15,NULL,NULL),(599,53,7,'type002','value',32,NULL,NULL),(600,53,9,'itemsize002','value',44,NULL,NULL),(601,53,10,'itemprice002','string',NULL,'1405,78',NULL),(602,50,10,'itemprice002','string',NULL,'1258,49',NULL),(603,54,7,'type002','value',32,NULL,NULL),(604,54,2,'grade002','value',15,NULL,NULL),(605,54,8,'made002','value',34,NULL,NULL),(606,54,1,'thickness002','value',64,NULL,NULL),(607,54,3,'color002','value',77,NULL,NULL),(608,54,9,'itemsize002','value',44,NULL,NULL),(609,54,10,'itemprice002','string',NULL,'1162,98',NULL),(610,55,7,'type002','value',32,NULL,NULL),(611,55,2,'grade002','value',15,NULL,NULL),(612,55,8,'made002','value',34,NULL,NULL),(613,55,1,'thickness002','value',64,NULL,NULL),(614,55,3,'color002','value',71,NULL,NULL),(615,55,9,'itemsize002','value',44,NULL,NULL),(616,55,10,'itemprice002','string',NULL,'1202,42',NULL),(617,56,7,'type002','value',32,NULL,NULL),(618,56,2,'grade002','value',15,NULL,NULL),(619,56,8,'made002','value',34,NULL,NULL),(620,56,1,'thickness002','value',64,NULL,NULL),(621,56,3,'color002','value',75,NULL,NULL),(622,56,9,'itemsize002','value',44,NULL,NULL),(623,56,10,'itemprice002','string',NULL,'1192,59',NULL),(624,57,7,'type002','value',32,NULL,NULL),(625,57,2,'grade002','value',15,NULL,NULL),(626,57,8,'made002','value',34,NULL,NULL),(627,57,1,'thickness002','value',64,NULL,NULL),(628,57,3,'color002','value',70,NULL,NULL),(629,57,9,'itemsize002','value',44,NULL,NULL),(630,57,10,'itemprice002','string',NULL,'1225,35',NULL),(631,58,7,'type002','value',32,NULL,NULL),(632,58,2,'grade002','value',15,NULL,NULL),(633,58,8,'made002','value',34,NULL,NULL),(634,58,1,'thickness002','value',64,NULL,NULL),(635,58,9,'itemsize002','value',44,NULL,NULL),(636,58,10,'itemprice002','string',NULL,'1377,05',NULL),(637,59,7,'type002','value',32,NULL,NULL),(638,59,2,'grade002','value',15,NULL,NULL),(639,59,8,'made002','value',34,NULL,NULL),(640,59,1,'thickness002','value',64,NULL,NULL),(641,59,9,'itemsize002','value',44,NULL,NULL),(642,59,10,'itemprice002','string',NULL,'1658,66',NULL),(643,60,7,'type002','value',32,NULL,NULL),(644,60,2,'grade002','value',15,NULL,NULL),(645,60,8,'made002','value',34,NULL,NULL),(646,60,1,'thickness002','value',64,NULL,NULL),(647,60,3,'color002','value',73,NULL,NULL),(648,60,9,'itemsize002','value',44,NULL,NULL),(649,60,10,'itemprice002','string',NULL,'1589,62',NULL),(650,61,7,'type002','value',32,NULL,NULL),(651,61,2,'grade002','value',15,NULL,NULL),(652,61,8,'made002','value',34,NULL,NULL),(653,61,1,'thickness002','value',64,NULL,NULL),(654,61,3,'color002','value',72,NULL,NULL),(655,61,9,'itemsize002','value',44,NULL,NULL),(656,61,10,'itemprice002','string',NULL,'1282,93',NULL),(657,62,7,'type002','value',32,NULL,NULL),(658,62,2,'grade002','value',15,NULL,NULL),(659,62,8,'made002','value',34,NULL,NULL),(660,62,1,'thickness002','value',64,NULL,NULL),(661,62,3,'color002','value',76,NULL,NULL),(662,62,9,'itemsize002','value',44,NULL,NULL),(663,62,10,'itemprice002','string',NULL,'1425,69',NULL),(664,63,7,'type002','value',32,NULL,NULL),(665,63,2,'grade002','value',15,NULL,NULL),(666,63,8,'made002','value',34,NULL,NULL),(667,63,1,'thickness002','value',64,NULL,NULL),(668,63,3,'color002','value',74,NULL,NULL),(669,63,9,'itemsize002','value',44,NULL,NULL),(670,63,10,'itemprice002','string',NULL,'1782,14',NULL),(671,64,10,'itemprice002','string',NULL,'1297,80',NULL),(672,64,9,'itemsize002','value',44,NULL,NULL),(673,64,3,'color002','value',77,NULL,NULL),(674,64,1,'thickness002','value',65,NULL,NULL),(675,64,8,'made002','value',34,NULL,NULL),(676,64,2,'grade002','value',15,NULL,NULL),(677,64,7,'type002','value',32,NULL,NULL),(678,65,7,'type002','value',32,NULL,NULL),(679,65,2,'grade002','value',15,NULL,NULL),(680,65,8,'made002','value',34,NULL,NULL),(681,65,1,'thickness002','value',65,NULL,NULL),(682,65,3,'color002','value',71,NULL,NULL),(683,65,9,'itemsize002','value',44,NULL,NULL),(684,65,10,'itemprice002','string',NULL,'1363,07',NULL),(685,66,7,'type002','value',32,NULL,NULL),(686,66,2,'grade002','value',15,NULL,NULL),(687,66,8,'made002','value',34,NULL,NULL),(688,66,1,'thickness002','value',65,NULL,NULL),(689,66,9,'itemsize002','value',44,NULL,NULL),(690,66,10,'itemprice002','string',NULL,'1586,84',NULL),(691,67,7,'type002','value',32,NULL,NULL),(692,67,2,'grade002','value',15,NULL,NULL),(693,67,8,'made002','value',34,NULL,NULL),(694,67,1,'thickness002','value',65,NULL,NULL),(695,67,3,'color002','value',75,NULL,NULL),(696,67,9,'itemsize002','value',44,NULL,NULL),(697,67,10,'itemprice002','string',NULL,'1724,06',NULL),(698,68,7,'type002','value',32,NULL,NULL),(699,68,2,'grade002','value',15,NULL,NULL),(700,68,8,'made002','value',34,NULL,NULL),(701,68,1,'thickness002','value',65,NULL,NULL),(702,68,3,'color002','value',70,NULL,NULL),(703,68,9,'itemsize002','value',44,NULL,NULL),(704,68,10,'itemprice002','string',NULL,'1389,15',NULL),(705,69,7,'type002','value',32,NULL,NULL),(706,69,2,'grade002','value',15,NULL,NULL),(707,69,8,'made002','value',34,NULL,NULL),(708,69,1,'thickness002','value',65,NULL,NULL),(709,69,3,'color002','value',77,NULL,NULL),(710,69,9,'itemsize002','value',44,NULL,NULL),(711,69,10,'itemprice002','string',NULL,'1750,64',NULL),(712,70,10,'itemprice002','string',NULL,'1397,72',NULL),(713,70,9,'itemsize002','value',44,NULL,NULL),(714,70,3,'color002','value',77,NULL,NULL),(715,70,1,'thickness002','value',65,NULL,NULL),(716,70,8,'made002','value',34,NULL,NULL),(717,70,2,'grade002','value',15,NULL,NULL),(718,70,7,'type002','value',32,NULL,NULL),(719,71,7,'type002','value',32,NULL,NULL),(720,71,2,'grade002','value',15,NULL,NULL),(721,71,8,'made002','value',34,NULL,NULL),(722,71,1,'thickness002','value',65,NULL,NULL),(723,71,3,'color002','value',71,NULL,NULL),(724,71,9,'itemsize002','value',44,NULL,NULL),(725,71,10,'itemprice002','string',NULL,'1466,01',NULL),(726,143,7,'type002','value',32,NULL,NULL),(727,143,2,'grade002','value',19,NULL,NULL),(728,143,8,'made002','value',35,NULL,NULL),(729,143,1,'thickness002','value',62,NULL,NULL),(730,143,3,'color002','value',71,NULL,NULL),(731,143,9,'itemsize002','value',45,NULL,NULL),(732,143,10,'itemprice002','string',NULL,'347,76',NULL),(733,142,10,'itemprice002','string',NULL,'337,55',NULL),(734,142,9,'itemsize002','value',45,NULL,NULL),(735,142,8,'made002','value',35,NULL,NULL),(736,142,7,'type002','value',32,NULL,NULL),(737,142,3,'color002','value',77,NULL,NULL),(738,145,7,'type002','value',32,NULL,NULL),(739,145,2,'grade002','value',19,NULL,NULL),(740,145,8,'made002','value',35,NULL,NULL),(741,145,1,'thickness002','value',62,NULL,NULL),(742,145,3,'color002','value',76,NULL,NULL),(743,145,9,'itemsize002','value',45,NULL,NULL),(744,145,10,'itemprice002','string',NULL,'договорная',NULL),(745,146,7,'type002','value',32,NULL,NULL),(746,146,8,'made002','value',35,NULL,NULL),(747,146,1,'thickness002','value',62,NULL,NULL),(748,146,3,'color002','value',74,NULL,NULL),(749,146,9,'itemsize002','value',45,NULL,NULL),(750,146,10,'itemprice002','string',NULL,'Договорная',NULL),(751,147,7,'type002','value',32,NULL,NULL),(752,147,2,'grade002','value',19,NULL,NULL),(753,147,8,'made002','value',35,NULL,NULL),(754,147,1,'thickness002','value',62,NULL,NULL),(755,147,3,'color002','value',75,NULL,NULL),(756,147,9,'itemsize002','value',45,NULL,NULL),(757,147,10,'itemprice002','string',NULL,'Договорная',NULL),(758,144,7,'type002','value',32,NULL,NULL),(759,144,2,'grade002','value',19,NULL,NULL),(760,144,8,'made002','value',35,NULL,NULL),(761,144,1,'thickness002','value',62,NULL,NULL),(762,144,3,'color002','value',78,NULL,NULL),(763,144,9,'itemsize002','value',45,NULL,NULL),(764,144,10,'itemprice002','string',NULL,'Договорная',NULL),(765,142,2,'grade002','value',19,NULL,NULL),(766,142,1,'thickness002','value',62,NULL,NULL);
/*!40000 ALTER TABLE `tbl_eav_product_values` ENABLE KEYS */;
UNLOCK TABLES;

--
-- Table structure for table `tbl_eav_values`
--

DROP TABLE IF EXISTS `tbl_eav_values`;
/*!40101 SET @saved_cs_client     = @@character_set_client */;
/*!40101 SET character_set_client = utf8 */;
CREATE TABLE `tbl_eav_values` (
  `id` int(11) NOT NULL AUTO_INCREMENT,
  `attribute_id` int(11) NOT NULL,
  `value` varchar(255) COLLATE utf8_unicode_ci NOT NULL,
  `presentation` varchar(255) COLLATE utf8_unicode_ci NOT NULL,
  PRIMARY KEY (`id`)
) ENGINE=InnoDB AUTO_INCREMENT=80 DEFAULT CHARSET=utf8 COLLATE=utf8_unicode_ci;
/*!40101 SET character_set_client = @saved_cs_client */;

--
-- Dumping data for table `tbl_eav_values`
--

LOCK TABLES `tbl_eav_values` WRITE;
/*!40000 ALTER TABLE `tbl_eav_values` DISABLE KEYS */;
INSERT INTO `tbl_eav_values` VALUES (15,2,'Polуgal','Polуgal'),(16,2,'Monogal','Monogal'),(17,2,'Plastilux','Plastilux'),(18,2,'Polynex','Polynex'),(19,2,'Sunnex','Sunnex'),(29,4,'Оцинкованный профиль','Оцинкованный профиль'),(30,4,'Квадратный профиль','Квадратный профиль'),(31,4,'Профильная труба','Профильная труба'),(32,7,'Сотовый','Сотовый'),(33,7,'Монолитный','Монолитный'),(34,8,'Израиль','Израиль'),(35,8,'Китай','Китай'),(44,9,'2,1 х 12','2,1 х 12'),(45,9,'2,1 х 6','2,1 х 6'),(46,9,'2,05 х 3,5','2,05 х 3,5'),(61,1,'2','2'),(62,1,'4','4'),(63,1,'6','6'),(64,1,'8','8'),(65,1,'10','10'),(66,1,'16','16'),(67,1,'25','25'),(68,1,'3','3'),(69,1,'5','5'),(70,3,'Металлик','Металлик'),(71,3,'Бронзовый','Бронзовый'),(72,3,'Желтый','Желтый'),(73,3,'Бирюзовый','Бирюзовый'),(74,3,'Синий','Синий'),(75,3,'Зеленый','Зеленый'),(76,3,'Красный','Красный'),(77,3,'Прозрачный','Прозрачный'),(78,3,'Опал (молочный)','Опал (молочный)'),(79,3,'Оранжевый','Оранжевый');
/*!40000 ALTER TABLE `tbl_eav_values` ENABLE KEYS */;
UNLOCK TABLES;

--
-- Table structure for table `tbl_facet_ranges`
--

DROP TABLE IF EXISTS `tbl_facet_ranges`;
/*!40101 SET @saved_cs_client     = @@character_set_client */;
/*!40101 SET character_set_client = utf8 */;
CREATE TABLE `tbl_facet_ranges` (
  `id` int(11) NOT NULL AUTO_INCREMENT,
  `facet_id` int(11) NOT NULL,
  `from` varchar(255) COLLATE utf8_unicode_ci NOT NULL,
  `to` varchar(255) COLLATE utf8_unicode_ci NOT NULL,
  `include_lower_bound` tinyint(1) DEFAULT '1',
  `include_upper_bound` tinyint(1) DEFAULT '0',
  `display` varchar(255) COLLATE utf8_unicode_ci NOT NULL,
  `sort` int(11) DEFAULT NULL,
  PRIMARY KEY (`id`),
  KEY `FK_facet_ranges_facet_id` (`facet_id`),
  CONSTRAINT `FK_facet_ranges_facet_id` FOREIGN KEY (`facet_id`) REFERENCES `tbl_facets` (`id`) ON DELETE CASCADE ON UPDATE CASCADE
) ENGINE=InnoDB DEFAULT CHARSET=utf8 COLLATE=utf8_unicode_ci;
/*!40101 SET character_set_client = @saved_cs_client */;

--
-- Dumping data for table `tbl_facet_ranges`
--

LOCK TABLES `tbl_facet_ranges` WRITE;
/*!40000 ALTER TABLE `tbl_facet_ranges` DISABLE KEYS */;
/*!40000 ALTER TABLE `tbl_facet_ranges` ENABLE KEYS */;
UNLOCK TABLES;

--
-- Table structure for table `tbl_facet_set_facets`
--

DROP TABLE IF EXISTS `tbl_facet_set_facets`;
/*!40101 SET @saved_cs_client     = @@character_set_client */;
/*!40101 SET character_set_client = utf8 */;
CREATE TABLE `tbl_facet_set_facets` (
  `set_id` int(11) NOT NULL,
  `facet_id` int(11) NOT NULL,
  KEY `FK_facet_set_facets_set_id` (`set_id`),
  KEY `FK_facet_set_facets_facet_id` (`facet_id`),
  CONSTRAINT `FK_facet_set_facets_facet_id` FOREIGN KEY (`facet_id`) REFERENCES `tbl_facets` (`id`) ON DELETE CASCADE ON UPDATE CASCADE,
  CONSTRAINT `FK_facet_set_facets_set_id` FOREIGN KEY (`set_id`) REFERENCES `tbl_facet_sets` (`id`) ON DELETE CASCADE ON UPDATE CASCADE
) ENGINE=InnoDB DEFAULT CHARSET=utf8 COLLATE=utf8_unicode_ci;
/*!40101 SET character_set_client = @saved_cs_client */;

--
-- Dumping data for table `tbl_facet_set_facets`
--

LOCK TABLES `tbl_facet_set_facets` WRITE;
/*!40000 ALTER TABLE `tbl_facet_set_facets` DISABLE KEYS */;
/*!40000 ALTER TABLE `tbl_facet_set_facets` ENABLE KEYS */;
UNLOCK TABLES;

--
-- Table structure for table `tbl_facet_sets`
--

DROP TABLE IF EXISTS `tbl_facet_sets`;
/*!40101 SET @saved_cs_client     = @@character_set_client */;
/*!40101 SET character_set_client = utf8 */;
CREATE TABLE `tbl_facet_sets` (
  `id` int(11) NOT NULL AUTO_INCREMENT,
  `name` varchar(255) COLLATE utf8_unicode_ci NOT NULL,
  PRIMARY KEY (`id`)
) ENGINE=InnoDB DEFAULT CHARSET=utf8 COLLATE=utf8_unicode_ci;
/*!40101 SET character_set_client = @saved_cs_client */;

--
-- Dumping data for table `tbl_facet_sets`
--

LOCK TABLES `tbl_facet_sets` WRITE;
/*!40000 ALTER TABLE `tbl_facet_sets` DISABLE KEYS */;
/*!40000 ALTER TABLE `tbl_facet_sets` ENABLE KEYS */;
UNLOCK TABLES;

--
-- Table structure for table `tbl_facet_terms`
--

DROP TABLE IF EXISTS `tbl_facet_terms`;
/*!40101 SET @saved_cs_client     = @@character_set_client */;
/*!40101 SET character_set_client = utf8 */;
CREATE TABLE `tbl_facet_terms` (
  `id` int(11) NOT NULL AUTO_INCREMENT,
  `facet_id` int(11) NOT NULL,
  `term` varchar(255) COLLATE utf8_unicode_ci NOT NULL,
  `display` varchar(255) COLLATE utf8_unicode_ci NOT NULL,
  `sort` int(11) DEFAULT NULL,
  PRIMARY KEY (`id`),
  KEY `FK_facet_terms_facet_id` (`facet_id`),
  CONSTRAINT `FK_facet_terms_facet_id` FOREIGN KEY (`facet_id`) REFERENCES `tbl_facets` (`id`) ON DELETE CASCADE ON UPDATE CASCADE
) ENGINE=InnoDB DEFAULT CHARSET=utf8 COLLATE=utf8_unicode_ci;
/*!40101 SET character_set_client = @saved_cs_client */;

--
-- Dumping data for table `tbl_facet_terms`
--

LOCK TABLES `tbl_facet_terms` WRITE;
/*!40000 ALTER TABLE `tbl_facet_terms` DISABLE KEYS */;
/*!40000 ALTER TABLE `tbl_facet_terms` ENABLE KEYS */;
UNLOCK TABLES;

--
-- Table structure for table `tbl_facet_values`
--

DROP TABLE IF EXISTS `tbl_facet_values`;
/*!40101 SET @saved_cs_client     = @@character_set_client */;
/*!40101 SET character_set_client = utf8 */;
CREATE TABLE `tbl_facet_values` (
  `id` int(11) NOT NULL AUTO_INCREMENT,
  `type` varchar(100) COLLATE utf8_unicode_ci NOT NULL,
  `facet_id` int(11) NOT NULL,
  `term` varchar(255) COLLATE utf8_unicode_ci NOT NULL,
  `from` varchar(255) COLLATE utf8_unicode_ci NOT NULL,
  `to` varchar(255) COLLATE utf8_unicode_ci NOT NULL,
  `include_lower_bound` tinyint(1) DEFAULT '1',
  `include_upper_bound` tinyint(1) DEFAULT '0',
  `display` varchar(255) COLLATE utf8_unicode_ci NOT NULL,
  `sort` int(11) DEFAULT NULL,
  PRIMARY KEY (`id`),
  KEY `FK_facet_values_facet_id` (`facet_id`),
  CONSTRAINT `FK_facet_values_facet_id` FOREIGN KEY (`facet_id`) REFERENCES `tbl_facets` (`id`) ON DELETE CASCADE ON UPDATE CASCADE
) ENGINE=InnoDB DEFAULT CHARSET=utf8 COLLATE=utf8_unicode_ci;
/*!40101 SET character_set_client = @saved_cs_client */;

--
-- Dumping data for table `tbl_facet_values`
--

LOCK TABLES `tbl_facet_values` WRITE;
/*!40000 ALTER TABLE `tbl_facet_values` DISABLE KEYS */;
/*!40000 ALTER TABLE `tbl_facet_values` ENABLE KEYS */;
UNLOCK TABLES;

--
-- Table structure for table `tbl_facets`
--

DROP TABLE IF EXISTS `tbl_facets`;
/*!40101 SET @saved_cs_client     = @@character_set_client */;
/*!40101 SET character_set_client = utf8 */;
CREATE TABLE `tbl_facets` (
  `id` int(11) NOT NULL AUTO_INCREMENT,
  `name` varchar(100) COLLATE utf8_unicode_ci NOT NULL,
  `label` varchar(255) COLLATE utf8_unicode_ci NOT NULL,
  `entity_type` varchar(100) COLLATE utf8_unicode_ci NOT NULL,
  `attribute_name` varchar(100) COLLATE utf8_unicode_ci NOT NULL,
  `index_name` varchar(100) COLLATE utf8_unicode_ci NOT NULL,
  `from` varchar(100) COLLATE utf8_unicode_ci NOT NULL,
  `to` varchar(100) COLLATE utf8_unicode_ci NOT NULL,
  `interval` varchar(100) COLLATE utf8_unicode_ci NOT NULL,
  `type` varchar(100) COLLATE utf8_unicode_ci NOT NULL,
  `operator` varchar(3) COLLATE utf8_unicode_ci NOT NULL,
  `multivalue` tinyint(1) DEFAULT '0',
  PRIMARY KEY (`id`)
) ENGINE=InnoDB DEFAULT CHARSET=utf8 COLLATE=utf8_unicode_ci;
/*!40101 SET character_set_client = @saved_cs_client */;

--
-- Dumping data for table `tbl_facets`
--

LOCK TABLES `tbl_facets` WRITE;
/*!40000 ALTER TABLE `tbl_facets` DISABLE KEYS */;
/*!40000 ALTER TABLE `tbl_facets` ENABLE KEYS */;
UNLOCK TABLES;

--
-- Table structure for table `tbl_form_requests`
--

DROP TABLE IF EXISTS `tbl_form_requests`;
/*!40101 SET @saved_cs_client     = @@character_set_client */;
/*!40101 SET character_set_client = utf8 */;
CREATE TABLE `tbl_form_requests` (
  `id` int(11) NOT NULL AUTO_INCREMENT,
  `request_type` varchar(100) COLLATE utf8_unicode_ci NOT NULL,
  `form_id` int(11) DEFAULT NULL,
  `form_name` varchar(100) COLLATE utf8_unicode_ci DEFAULT NULL,
  `created_at` int(11) NOT NULL,
  `updated_at` int(11) NOT NULL,
  `name` varchar(255) COLLATE utf8_unicode_ci DEFAULT NULL,
  `email` varchar(255) COLLATE utf8_unicode_ci DEFAULT NULL,
  `phone` varchar(255) COLLATE utf8_unicode_ci DEFAULT NULL,
  `text` text COLLATE utf8_unicode_ci,
  PRIMARY KEY (`id`),
  KEY `FK_form_requests_form_id` (`form_id`),
  CONSTRAINT `FK_form_requests_form_id` FOREIGN KEY (`form_id`) REFERENCES `tbl_forms` (`id`) ON DELETE CASCADE ON UPDATE CASCADE
) ENGINE=InnoDB DEFAULT CHARSET=utf8 COLLATE=utf8_unicode_ci;
/*!40101 SET character_set_client = @saved_cs_client */;

--
-- Dumping data for table `tbl_form_requests`
--

LOCK TABLES `tbl_form_requests` WRITE;
/*!40000 ALTER TABLE `tbl_form_requests` DISABLE KEYS */;
/*!40000 ALTER TABLE `tbl_form_requests` ENABLE KEYS */;
UNLOCK TABLES;

--
-- Table structure for table `tbl_forms`
--

DROP TABLE IF EXISTS `tbl_forms`;
/*!40101 SET @saved_cs_client     = @@character_set_client */;
/*!40101 SET character_set_client = utf8 */;
CREATE TABLE `tbl_forms` (
  `id` int(11) NOT NULL AUTO_INCREMENT,
  `name` varchar(100) COLLATE utf8_unicode_ci DEFAULT NULL,
  PRIMARY KEY (`id`)
) ENGINE=InnoDB DEFAULT CHARSET=utf8 COLLATE=utf8_unicode_ci;
/*!40101 SET character_set_client = @saved_cs_client */;

--
-- Dumping data for table `tbl_forms`
--

LOCK TABLES `tbl_forms` WRITE;
/*!40000 ALTER TABLE `tbl_forms` DISABLE KEYS */;
/*!40000 ALTER TABLE `tbl_forms` ENABLE KEYS */;
UNLOCK TABLES;

--
-- Table structure for table `tbl_galleries`
--

DROP TABLE IF EXISTS `tbl_galleries`;
/*!40101 SET @saved_cs_client     = @@character_set_client */;
/*!40101 SET character_set_client = utf8 */;
CREATE TABLE `tbl_galleries` (
  `id` int(11) NOT NULL AUTO_INCREMENT,
  `name` varchar(255) COLLATE utf8_unicode_ci NOT NULL,
  `status` tinyint(1) DEFAULT '1',
  `created_at` int(11) NOT NULL,
  `updated_at` int(11) NOT NULL,
  PRIMARY KEY (`id`)
) ENGINE=InnoDB DEFAULT CHARSET=utf8 COLLATE=utf8_unicode_ci;
/*!40101 SET character_set_client = @saved_cs_client */;

--
-- Dumping data for table `tbl_galleries`
--

LOCK TABLES `tbl_galleries` WRITE;
/*!40000 ALTER TABLE `tbl_galleries` DISABLE KEYS */;
/*!40000 ALTER TABLE `tbl_galleries` ENABLE KEYS */;
UNLOCK TABLES;

--
-- Table structure for table `tbl_gallery_items`
--

DROP TABLE IF EXISTS `tbl_gallery_items`;
/*!40101 SET @saved_cs_client     = @@character_set_client */;
/*!40101 SET character_set_client = utf8 */;
CREATE TABLE `tbl_gallery_items` (
  `id` int(11) NOT NULL AUTO_INCREMENT,
  `gallery_id` int(11) NOT NULL,
  `filesystem` varchar(100) COLLATE utf8_unicode_ci NOT NULL,
  `path` varchar(255) COLLATE utf8_unicode_ci NOT NULL,
  `caption` varchar(255) COLLATE utf8_unicode_ci NOT NULL,
  `size` int(11) NOT NULL,
  `mime_type` varchar(255) COLLATE utf8_unicode_ci NOT NULL,
  `created_at` int(11) NOT NULL,
  `updated_at` int(11) NOT NULL,
  `sort` int(11) NOT NULL,
  PRIMARY KEY (`id`),
  KEY `FK_gallery_items_gallery_id` (`gallery_id`),
  KEY `sort` (`sort`),
  CONSTRAINT `FK_gallery_items_gallery_id` FOREIGN KEY (`gallery_id`) REFERENCES `tbl_galleries` (`id`) ON DELETE CASCADE ON UPDATE CASCADE
) ENGINE=InnoDB DEFAULT CHARSET=utf8 COLLATE=utf8_unicode_ci;
/*!40101 SET character_set_client = @saved_cs_client */;

--
-- Dumping data for table `tbl_gallery_items`
--

LOCK TABLES `tbl_gallery_items` WRITE;
/*!40000 ALTER TABLE `tbl_gallery_items` DISABLE KEYS */;
/*!40000 ALTER TABLE `tbl_gallery_items` ENABLE KEYS */;
UNLOCK TABLES;

--
-- Table structure for table `tbl_index_attributes`
--

DROP TABLE IF EXISTS `tbl_index_attributes`;
/*!40101 SET @saved_cs_client     = @@character_set_client */;
/*!40101 SET character_set_client = utf8 */;
CREATE TABLE `tbl_index_attributes` (
  `id` int(11) NOT NULL AUTO_INCREMENT,
  `index_type` varchar(100) COLLATE utf8_unicode_ci NOT NULL,
  `name` varchar(100) COLLATE utf8_unicode_ci NOT NULL,
  `index_name` varchar(100) COLLATE utf8_unicode_ci NOT NULL,
  `type` varchar(100) COLLATE utf8_unicode_ci NOT NULL,
  `full_text_search` tinyint(1) DEFAULT '0',
  `boost` int(11) DEFAULT NULL,
  `suggestions` tinyint(1) DEFAULT '0',
  PRIMARY KEY (`id`),
  KEY `index_type` (`index_type`)
) ENGINE=InnoDB DEFAULT CHARSET=utf8 COLLATE=utf8_unicode_ci;
/*!40101 SET character_set_client = @saved_cs_client */;

--
-- Dumping data for table `tbl_index_attributes`
--

LOCK TABLES `tbl_index_attributes` WRITE;
/*!40000 ALTER TABLE `tbl_index_attributes` DISABLE KEYS */;
/*!40000 ALTER TABLE `tbl_index_attributes` ENABLE KEYS */;
UNLOCK TABLES;

--
-- Table structure for table `tbl_indexes`
--

DROP TABLE IF EXISTS `tbl_indexes`;
/*!40101 SET @saved_cs_client     = @@character_set_client */;
/*!40101 SET character_set_client = utf8 */;
CREATE TABLE `tbl_indexes` (
  `id` int(11) NOT NULL AUTO_INCREMENT,
  `name` varchar(100) COLLATE utf8_unicode_ci NOT NULL,
  `type` varchar(100) COLLATE utf8_unicode_ci NOT NULL,
  `service` varchar(100) COLLATE utf8_unicode_ci NOT NULL,
  `status` tinyint(1) DEFAULT '1',
  PRIMARY KEY (`id`),
  KEY `name` (`name`),
  KEY `type` (`type`)
) ENGINE=InnoDB DEFAULT CHARSET=utf8 COLLATE=utf8_unicode_ci;
/*!40101 SET character_set_client = @saved_cs_client */;

--
-- Dumping data for table `tbl_indexes`
--

LOCK TABLES `tbl_indexes` WRITE;
/*!40000 ALTER TABLE `tbl_indexes` DISABLE KEYS */;
/*!40000 ALTER TABLE `tbl_indexes` ENABLE KEYS */;
UNLOCK TABLES;

--
-- Table structure for table `tbl_manufacturers`
--

DROP TABLE IF EXISTS `tbl_manufacturers`;
/*!40101 SET @saved_cs_client     = @@character_set_client */;
/*!40101 SET character_set_client = utf8 */;
CREATE TABLE `tbl_manufacturers` (
  `id` int(11) NOT NULL,
  `name` varchar(255) COLLATE utf8_unicode_ci NOT NULL,
  PRIMARY KEY (`id`)
) ENGINE=InnoDB DEFAULT CHARSET=utf8 COLLATE=utf8_unicode_ci;
/*!40101 SET character_set_client = @saved_cs_client */;

--
-- Dumping data for table `tbl_manufacturers`
--

LOCK TABLES `tbl_manufacturers` WRITE;
/*!40000 ALTER TABLE `tbl_manufacturers` DISABLE KEYS */;
INSERT INTO `tbl_manufacturers` VALUES (1,'- Без производителя -'),(2,'Китай'),(3,'Израиль'),(4,'Украина'),(5,'Германия'),(6,'Польша');
/*!40000 ALTER TABLE `tbl_manufacturers` ENABLE KEYS */;
UNLOCK TABLES;

--
-- Table structure for table `tbl_menu_item_files`
--

DROP TABLE IF EXISTS `tbl_menu_item_files`;
/*!40101 SET @saved_cs_client     = @@character_set_client */;
/*!40101 SET character_set_client = utf8 */;
CREATE TABLE `tbl_menu_item_files` (
  `id` int(11) NOT NULL AUTO_INCREMENT,
  `menu_item_id` int(11) DEFAULT NULL,
  `attribute` varchar(100) COLLATE utf8_unicode_ci NOT NULL,
  `filesystem` varchar(100) COLLATE utf8_unicode_ci NOT NULL,
  `path` varchar(255) COLLATE utf8_unicode_ci NOT NULL,
  `title` varchar(255) COLLATE utf8_unicode_ci NOT NULL,
  `size` int(11) DEFAULT NULL,
  `mime_type` varchar(255) COLLATE utf8_unicode_ci NOT NULL,
  `created_at` int(11) DEFAULT NULL,
  `updated_at` int(11) DEFAULT NULL,
  PRIMARY KEY (`id`)
) ENGINE=InnoDB DEFAULT CHARSET=utf8 COLLATE=utf8_unicode_ci;
/*!40101 SET character_set_client = @saved_cs_client */;

--
-- Dumping data for table `tbl_menu_item_files`
--

LOCK TABLES `tbl_menu_item_files` WRITE;
/*!40000 ALTER TABLE `tbl_menu_item_files` DISABLE KEYS */;
/*!40000 ALTER TABLE `tbl_menu_item_files` ENABLE KEYS */;
UNLOCK TABLES;

--
-- Table structure for table `tbl_menu_items`
--

DROP TABLE IF EXISTS `tbl_menu_items`;
/*!40101 SET @saved_cs_client     = @@character_set_client */;
/*!40101 SET character_set_client = utf8 */;
CREATE TABLE `tbl_menu_items` (
  `id` int(11) NOT NULL AUTO_INCREMENT,
  `tree` int(11) DEFAULT NULL,
  `lft` int(11) NOT NULL,
  `rgt` int(11) NOT NULL,
  `depth` int(11) NOT NULL,
  `menu_id` int(11) NOT NULL,
  `label` varchar(255) COLLATE utf8_unicode_ci NOT NULL,
  `title` varchar(255) COLLATE utf8_unicode_ci DEFAULT NULL,
  `url` varchar(255) COLLATE utf8_unicode_ci NOT NULL,
  `target_blank` tinyint(1) DEFAULT '0',
  `css_classes` varchar(100) COLLATE utf8_unicode_ci DEFAULT NULL,
  `rel` varchar(100) COLLATE utf8_unicode_ci DEFAULT NULL,
  `page_id` int(11) DEFAULT NULL,
  `status` tinyint(1) DEFAULT '1',
  `visibility` varchar(100) COLLATE utf8_unicode_ci DEFAULT NULL,
  `items_display` tinyint(4) DEFAULT NULL,
  `items_css_classes` varchar(100) COLLATE utf8_unicode_ci DEFAULT NULL,
  `icon_id` int(11) DEFAULT NULL,
  `active_icon_id` int(11) DEFAULT NULL,
  `video_id` int(11) DEFAULT NULL,
  PRIMARY KEY (`id`),
  KEY `lft_rgt` (`lft`,`rgt`),
  KEY `depth` (`depth`),
  KEY `tree` (`tree`),
  KEY `name` (`label`),
  KEY `menu_id_status` (`menu_id`,`status`),
  KEY `FK_menu_items_icon_id` (`icon_id`),
  KEY `FK_menu_items_active_icon_id` (`active_icon_id`),
  KEY `FK_menu_items_video_id` (`video_id`),
  CONSTRAINT `FK_menu_items_active_icon_id` FOREIGN KEY (`active_icon_id`) REFERENCES `tbl_menu_item_files` (`id`) ON DELETE SET NULL ON UPDATE CASCADE,
  CONSTRAINT `FK_menu_items_icon_id` FOREIGN KEY (`icon_id`) REFERENCES `tbl_menu_item_files` (`id`) ON DELETE SET NULL ON UPDATE CASCADE,
  CONSTRAINT `FK_menu_items_menu_id` FOREIGN KEY (`menu_id`) REFERENCES `tbl_menus` (`id`) ON DELETE CASCADE ON UPDATE CASCADE,
  CONSTRAINT `FK_menu_items_video_id` FOREIGN KEY (`video_id`) REFERENCES `tbl_menu_item_files` (`id`) ON DELETE SET NULL ON UPDATE CASCADE
) ENGINE=InnoDB AUTO_INCREMENT=59 DEFAULT CHARSET=utf8 COLLATE=utf8_unicode_ci;
/*!40101 SET character_set_client = @saved_cs_client */;

--
-- Dumping data for table `tbl_menu_items`
--

LOCK TABLES `tbl_menu_items` WRITE;
/*!40000 ALTER TABLE `tbl_menu_items` DISABLE KEYS */;
INSERT INTO `tbl_menu_items` VALUES (1,1,1,2,0,1,'Акрил',NULL,'/akril/',0,NULL,NULL,NULL,1,NULL,NULL,NULL,NULL,NULL,NULL),(2,2,1,2,0,1,'Газобетон',NULL,'/gazobeton/',0,NULL,NULL,NULL,1,NULL,NULL,NULL,NULL,NULL,NULL),(3,3,1,2,0,1,'Металлоконструкции',NULL,'/constructions/metal/',0,NULL,NULL,NULL,1,NULL,NULL,NULL,NULL,NULL,NULL),(4,4,1,2,0,1,'Навесы из поликарбоната',NULL,'/constructions/krovlya/',0,NULL,NULL,NULL,1,NULL,NULL,NULL,NULL,NULL,NULL),(5,5,1,2,0,1,'Белорусский поликарбонат',NULL,'/belorusskij-polikarbonat/',0,NULL,NULL,NULL,1,NULL,NULL,NULL,NULL,NULL,NULL),(6,6,1,2,0,1,'Системы утепления фасада',NULL,'/uteplenie-fasada-penoplastom/',0,NULL,NULL,NULL,1,NULL,NULL,NULL,NULL,NULL,NULL),(7,7,1,2,0,1,'Теплицы',NULL,'/constructions/hothouses/',0,NULL,NULL,NULL,1,NULL,NULL,NULL,NULL,NULL,NULL),(8,8,1,2,0,1,'Теплицы промышленные',NULL,'/constructions/industrial-hothouses/',0,NULL,NULL,NULL,1,NULL,NULL,NULL,NULL,NULL,NULL),(9,9,1,2,0,2,'Сотовый поликарбонат',NULL,'/materials/sotoviy/',0,NULL,NULL,NULL,1,NULL,NULL,NULL,NULL,NULL,NULL),(10,10,1,2,0,2,'Монолитный поликарбонат',NULL,'/materials/monolit/',0,NULL,NULL,NULL,1,NULL,NULL,NULL,NULL,NULL,NULL),(11,11,1,2,0,2,'Профилированный поликарбонат',NULL,'/materials/prifile/',0,NULL,NULL,NULL,1,NULL,NULL,NULL,NULL,NULL,NULL),(12,12,1,2,0,2,'Разновидности поликарбоната',NULL,'/materials/varieties/',0,NULL,NULL,NULL,1,NULL,NULL,NULL,NULL,NULL,NULL),(13,13,1,2,0,2,'Монтаж поликарбоната',NULL,'/materials/installation/',0,NULL,NULL,NULL,1,NULL,NULL,NULL,NULL,NULL,NULL),(14,14,1,2,0,2,'Рифлёный и волнистый поликарбонат',NULL,'/materials/ribbed/',0,NULL,NULL,NULL,1,NULL,NULL,NULL,NULL,NULL,NULL),(15,15,1,2,0,3,'Обогреватель',NULL,'/obogrevately/',0,NULL,NULL,NULL,1,NULL,NULL,NULL,NULL,NULL,NULL),(16,16,1,2,0,3,'Теплицы',NULL,'/constructions/hothouses/',0,NULL,NULL,NULL,1,NULL,NULL,NULL,NULL,NULL,NULL),(17,17,1,2,0,3,'Пенопласт',NULL,'/product273.htm',0,NULL,NULL,NULL,1,NULL,NULL,NULL,NULL,NULL,NULL),(18,18,1,2,0,3,'Подоконики данке',NULL,'/product244.htm',0,NULL,NULL,NULL,1,NULL,NULL,NULL,NULL,NULL,NULL),(19,19,1,2,0,3,'Теплоизоляция',NULL,'/category35.htm',0,NULL,NULL,NULL,1,NULL,NULL,NULL,NULL,NULL,NULL),(20,20,1,2,0,3,'Сухие смеси штукатурные',NULL,'/category37.htm',0,NULL,NULL,NULL,1,NULL,NULL,NULL,NULL,NULL,NULL),(21,21,1,2,0,3,'Фасадные краски, штукатурка',NULL,'/category41.htm',0,NULL,NULL,NULL,1,NULL,NULL,NULL,NULL,NULL,NULL),(22,22,1,2,0,3,'Грунтовка, эмульсии',NULL,'/category40.htm',0,NULL,NULL,NULL,1,NULL,NULL,NULL,NULL,NULL,NULL),(23,23,1,2,0,3,'Статьи',NULL,'/articles/',0,NULL,NULL,NULL,1,NULL,NULL,NULL,NULL,NULL,NULL),(24,24,1,2,0,3,'Услуги',NULL,'/services/',0,NULL,NULL,NULL,1,NULL,NULL,NULL,NULL,NULL,NULL),(25,25,1,2,0,3,'Вакансии',NULL,'/jobs/',0,NULL,NULL,NULL,1,NULL,NULL,NULL,NULL,NULL,NULL),(26,26,1,2,0,4,'Обогреватели купить',NULL,'/category33.htm',0,NULL,NULL,NULL,1,NULL,NULL,NULL,NULL,NULL,NULL),(27,27,1,2,0,4,'Обогреватель НКТ - эко',NULL,'/product243.htm',0,NULL,NULL,NULL,1,NULL,NULL,NULL,NULL,NULL,NULL),(28,28,1,2,0,5,'Донецк',NULL,'/donetsk/',0,NULL,NULL,NULL,1,NULL,NULL,NULL,NULL,NULL,NULL),(29,29,1,2,0,5,'Днепропетровск',NULL,'/dnepropetrovsk/',0,NULL,NULL,NULL,1,NULL,NULL,NULL,NULL,NULL,NULL),(30,30,1,2,0,5,'Житомир',NULL,'/zhitomir/',0,NULL,NULL,NULL,1,NULL,NULL,NULL,NULL,NULL,NULL),(31,31,1,2,0,5,'Запорожье',NULL,'/zaporozhye/',0,NULL,NULL,NULL,1,NULL,NULL,NULL,NULL,NULL,NULL),(32,32,1,2,0,5,'Ивано-Франковск',NULL,'/ivano-frankivsk/',0,NULL,NULL,NULL,1,NULL,NULL,NULL,NULL,NULL,NULL),(33,33,1,2,0,5,'Луцк',NULL,'/luck/',0,NULL,NULL,NULL,1,NULL,NULL,NULL,NULL,NULL,NULL),(34,34,1,2,0,5,'Львов',NULL,'/lviv/',0,NULL,NULL,NULL,1,NULL,NULL,NULL,NULL,NULL,NULL),(35,35,1,2,0,5,'Одесса',NULL,'/odessa/',0,NULL,NULL,NULL,1,NULL,NULL,NULL,NULL,NULL,NULL),(36,36,1,2,0,5,'Полтава',NULL,'/poltava/',0,NULL,NULL,NULL,1,NULL,NULL,NULL,NULL,NULL,NULL),(37,37,1,2,0,5,'Ровно',NULL,'/rovno/',0,NULL,NULL,NULL,1,NULL,NULL,NULL,NULL,NULL,NULL),(38,38,1,2,0,5,'Тернополь',NULL,'/ternopil/',0,NULL,NULL,NULL,1,NULL,NULL,NULL,NULL,NULL,NULL),(39,39,1,2,0,5,'Хмельницкий',NULL,'/hmelnickiy/',0,NULL,NULL,NULL,1,NULL,NULL,NULL,NULL,NULL,NULL),(40,40,1,2,0,5,'Черкассы',NULL,'/cherkassy/',0,NULL,NULL,NULL,1,NULL,NULL,NULL,NULL,NULL,NULL),(41,41,1,2,0,5,'Черновцы',NULL,'/chernivtsi/',0,NULL,NULL,NULL,1,NULL,NULL,NULL,NULL,NULL,NULL),(42,42,1,2,0,6,'Вернуться на все статьи',NULL,'/articles/',0,NULL,NULL,NULL,1,NULL,NULL,NULL,NULL,NULL,NULL),(43,43,1,2,0,7,'Главная','','',0,'','',NULL,1,'',0,'',NULL,NULL,NULL),(44,44,1,2,0,7,'Поликарбонат','','materials',0,'','',NULL,1,'',0,'',NULL,NULL,NULL),(45,45,1,2,0,7,'Теплицы','','constructions/hothouses',0,'','',NULL,1,'',0,'',NULL,NULL,NULL),(46,46,1,2,0,7,'Конструкции','','constructions',0,'','',NULL,1,'',0,'',NULL,NULL,NULL),(47,47,1,2,0,7,'Акции','','discounts',0,'','',NULL,1,'',0,'',NULL,NULL,NULL),(48,48,1,2,0,7,'Контакты','','contacts',0,'','',NULL,1,'',0,'',NULL,NULL,NULL),(49,49,1,2,0,7,'Услуги','','services',0,'','',NULL,1,'',0,'',NULL,NULL,NULL),(50,50,1,2,0,7,'Доставка','','dostavka-i-oplata',0,'','',NULL,1,'',0,'',NULL,NULL,NULL),(51,51,1,2,0,8,'Главная','','',0,'','',NULL,1,'',0,'',NULL,NULL,NULL),(52,52,1,2,0,8,'Поликарбонат','','materials',0,'','',NULL,1,'',0,'',NULL,NULL,NULL),(53,53,1,2,0,8,'Теплицы','','constructions/hothouses',0,'','',NULL,1,'',0,'',NULL,NULL,NULL),(54,54,1,2,0,8,'Конструкции','','constructions',0,'','',NULL,1,'',0,'',NULL,NULL,NULL),(55,55,1,2,0,8,'Акции','','discounts',0,'','',NULL,1,'',0,'',NULL,NULL,NULL),(56,56,1,2,0,8,'Контакты','','contacts',0,'','',NULL,1,'',0,'',NULL,NULL,NULL),(57,57,1,2,0,8,'Услуги','','services',0,'','',NULL,1,'',0,'',NULL,NULL,NULL),(58,58,1,2,0,8,'Доставка','','dostavka-i-oplata',0,'','',NULL,1,'',0,'',NULL,NULL,NULL);
/*!40000 ALTER TABLE `tbl_menu_items` ENABLE KEYS */;
UNLOCK TABLES;

--
-- Table structure for table `tbl_menus`
--

DROP TABLE IF EXISTS `tbl_menus`;
/*!40101 SET @saved_cs_client     = @@character_set_client */;
/*!40101 SET character_set_client = utf8 */;
CREATE TABLE `tbl_menus` (
  `id` int(11) NOT NULL AUTO_INCREMENT,
  `name` varchar(100) COLLATE utf8_unicode_ci NOT NULL,
  `location` varchar(100) COLLATE utf8_unicode_ci DEFAULT NULL,
  `created_at` int(11) NOT NULL,
  `updated_at` int(11) NOT NULL,
  PRIMARY KEY (`id`),
  KEY `location` (`location`)
) ENGINE=InnoDB AUTO_INCREMENT=9 DEFAULT CHARSET=utf8 COLLATE=utf8_unicode_ci;
/*!40101 SET character_set_client = @saved_cs_client */;

--
-- Dumping data for table `tbl_menus`
--

LOCK TABLES `tbl_menus` WRITE;
/*!40000 ALTER TABLE `tbl_menus` DISABLE KEYS */;
INSERT INTO `tbl_menus` VALUES (1,'Мы предлагаем',NULL,1473004655,1473004655),(2,'Узнайте больше',NULL,1473004655,1473004655),(3,'Популярные разделы',NULL,1473004656,1473004656),(4,'Рекомендуем',NULL,1473004656,1473004656),(5,'Купить в своем городе',NULL,1473004656,1473004656),(6,'Все стати',NULL,1473004657,1473004657),(7,'Главное меню','top',1477840555,1477840555),(8,'Нижнее меню','bottom',1477842414,1477842414);
/*!40000 ALTER TABLE `tbl_menus` ENABLE KEYS */;
UNLOCK TABLES;

--
-- Table structure for table `tbl_migration`
--

DROP TABLE IF EXISTS `tbl_migration`;
/*!40101 SET @saved_cs_client     = @@character_set_client */;
/*!40101 SET character_set_client = utf8 */;
CREATE TABLE `tbl_migration` (
  `version` varchar(180) COLLATE utf8_unicode_ci NOT NULL,
  `apply_time` int(11) DEFAULT NULL,
  PRIMARY KEY (`version`)
) ENGINE=InnoDB DEFAULT CHARSET=utf8 COLLATE=utf8_unicode_ci;
/*!40101 SET character_set_client = @saved_cs_client */;

--
-- Dumping data for table `tbl_migration`
--

LOCK TABLES `tbl_migration` WRITE;
/*!40000 ALTER TABLE `tbl_migration` DISABLE KEYS */;
INSERT INTO `tbl_migration` VALUES ('m000000_000000_base',1465981526),('m141023_154713_create_cms_tables',1465981546),('m141204_151109_create_config_tables',1465981529),('m150208_105944_create_eav_tables',1465981565),('m150208_114635_create_variation_tables',1465981575),('m150208_123637_create_catalog_tables',1465981596),('m150415_113756_create_seo_tables',1465981555),('m150427_145906_create_form_builder_tables',1477766520),('m150806_091325_create_search_tables',1466350232),('m160616_085344_create_blog_tables',1466070864),('m160701_153553_create_galleries_tables',1472996133),('m160904_132447_create_banners_tables',1472996136),('m161002_164122_create_pivot',1475426762),('m161029_184723_add_form_request_columns',1477767071);
/*!40000 ALTER TABLE `tbl_migration` ENABLE KEYS */;
UNLOCK TABLES;

--
-- Table structure for table `tbl_news`
--

DROP TABLE IF EXISTS `tbl_news`;
/*!40101 SET @saved_cs_client     = @@character_set_client */;
/*!40101 SET character_set_client = utf8 */;
CREATE TABLE `tbl_news` (
  `id` int(11) NOT NULL AUTO_INCREMENT,
  `title` varchar(255) COLLATE utf8_unicode_ci NOT NULL,
  `slug` varchar(100) COLLATE utf8_unicode_ci NOT NULL,
  `announce` text COLLATE utf8_unicode_ci,
  `content` text COLLATE utf8_unicode_ci,
  `status` tinyint(1) DEFAULT '0',
  `image_id` int(11) DEFAULT NULL,
  `video_id` int(11) DEFAULT NULL,
  `created_at` int(11) NOT NULL,
  `updated_at` int(11) DEFAULT NULL,
  PRIMARY KEY (`id`),
  KEY `slug` (`slug`),
  KEY `status` (`status`),
  KEY `created_at` (`created_at`),
  KEY `updated_at` (`updated_at`),
  KEY `FK_news_image_id` (`image_id`),
  KEY `FK_news_video_id` (`video_id`),
  CONSTRAINT `FK_news_image_id` FOREIGN KEY (`image_id`) REFERENCES `tbl_article_files` (`id`) ON DELETE SET NULL ON UPDATE CASCADE,
  CONSTRAINT `FK_news_video_id` FOREIGN KEY (`video_id`) REFERENCES `tbl_article_files` (`id`) ON DELETE SET NULL ON UPDATE CASCADE
) ENGINE=InnoDB AUTO_INCREMENT=10 DEFAULT CHARSET=utf8 COLLATE=utf8_unicode_ci;
/*!40101 SET character_set_client = @saved_cs_client */;

--
-- Dumping data for table `tbl_news`
--

LOCK TABLES `tbl_news` WRITE;
/*!40000 ALTER TABLE `tbl_news` DISABLE KEYS */;
INSERT INTO `tbl_news` VALUES (1,'Октябрьские скидки на сотовый поликарбонат. -30% на все бренды!','news1.htm','Только в октябре сезонные скидки на сотовый поликарбонат всех толщин, цветов и производителей до 30%! Спешите, количество товара ограничено.','<p><span class=\"Apple-tab-span\" style=\"white-space:pre\">	</span>Компания Вишневый Сад предлагает своим клиентам<span style=\"font-weight: bold;\"> октябрьскую распродажу</span> сотового поликарбоната! Только у нас Вы можете приобрести сотовый поликарбонат за наилучшую цену с доставкой по Киеву. Мы предлагаем широкий ассортимент толщин, цветов. Благодаря этому Вы можете подобрать наиболее подходящий для Вас материал и заплатить за него минимальную цену. Обращайтесь к нам за дополнительной консультацией, будем рады Вам помочь.</p><p><span class=\"Apple-tab-span\" style=\"white-space:pre\">	</span>Всегда в наличии сотовый поликарбонат для теплиц, навесов, автомобильных навесов, прочих конструкций арочного и скатного типов. Комплектующие к сотовому поликарбонату Вы также можете приобрести у нас.</p><p><br></p><p><br></p>',1,14,NULL,1444033620,NULL),(2,'Теплицы из поликарбоната','news2.htm','Теплицы и тепличное хозяйство способно пополнить не только бюджет, но и внутренний мир и просто физическое и психологическое состояние. Выращивание овощей в теплицах очень существенно меняет любого человека в лучшую сторону. Мир теплиц - это особый, исполненный захватывающих впечатлений и переживаний мир. Цены тоже захватывают и впечатляют своей доступностью. На самом деле трудно переоценить ту живительную силу и вдохновение, которое вливает в нас тепличное хозяйство. Это очень полезное для психического и физического здоровья занятие на все времена. В связи с мировым кризисом, для многих людей, сегодня есть прекрасная возможность для начинание тепличного бизнеса. По крайней мере самому будет что кушать. Компания «ВИШНЕВЫЙ САД»  дает уникальную возможность купить теплицу...','<p>Наш сайт&nbsp;«<span style=\"FONT-WEIGHT: bold\">ВИШНЕВЫЙ САД</span>»&nbsp; дает уникальную возможность <a title=\"Купить теплицу\" href=\"/services/sale-hothouses/\" target=\"_blank\">купить теплицу</a>. Мы всегда можем договориться так, чтобы Вам было выгодно. Также каждому покупателю предоставится возможность сотрудничать&nbsp;с нашей компанией и принимать участие в бонусной программе, розыгрыше призов&nbsp;и т.п.&nbsp;&nbsp;Вы можете бесплатно воспользоваться&nbsp;этой услугой и&nbsp;стать нашим клиентом.&nbsp;<a title=\"Продажа теплиц\" href=\"http://polikarbonatvs.com.ua/services/sale-hothouses/\" target=\"_self\">Подробнее о продаже теплиц...</a></p>\r\n<h2>Краткое описание теплиц</h2>\r\n<p><span style=\"FONT-WEIGHT: bold\">Каркас теплицы</span> изготовлен из цельнометаллической трубы. Накрытие - прозрачный сотовый поликарбонат толщиной от 4 мм. У теплицы в стандартной комплектации одна дверь и одна форточка, Вы можете заказать опционально дополнительные двери и форточки (<a title=\"Фотогалерея теплиц, выбрать теплицу\" href=\"http://polikarbonatvs.com.ua/constructions/hothouses/gallery-hothouses/\" target=\"_blank\"><span style=\"COLOR: #810081\">Фотогалерея теплиц)<br></span></a><span style=\"FONT-WEIGHT: bold\">Фундамент для теплицы </span>ленточного типа шириной 15 сантиметров и глубиной не менее 30-40 сантиметров. Теплица крепится на грунте закапыванием специальных т-образных окончаний каркаса. В комплект входит все необходимое для надежного крепления покрытия и подробная иллюстрированная инструкция с этапами сборки теплиц&nbsp;и фотографиями узлов. Сборка осуществляется с помощью винтов и гаек. Для тех, кто не может собрать самостоятельно - предлагаем услуги монтажа (1900 грн. за всю теплицу с учетом покрытия СПК). <br><span style=\"FONT-WEIGHT: bold\">Цена теплицы </span>2х3х6м;&nbsp;+ каркас+СПК - 4мм;&nbsp;итого <span style=\"FONT-WEIGHT: bold\">цена: 12500 грн.</span>&nbsp;<span style=\"font-weight: bold;\">С ценами Вы можете ознакомиться в разделе \"Прайсы\"</span>&nbsp;Цена розничная с учетом доставки до получателя по Киеву. Доставка по Украине от 100грн.<br><span style=\"FONT-WEIGHT: bold\">Размер теплицы:</span> высота - 2м; ширина - 3м; длина - 6м; (2х3х6). Дополнительные секции&nbsp;помогут увеличить теплицу на нужный Вам размер 8м, 10м, 12м,14м, 16м, 20м, 30м. и т.д. Размер повышает стоимость теплицы. Возможно <span style=\"FONT-WEIGHT: bold\">изготовление теплиц </span>любых размеров в ширину и длину под заказ.&nbsp; <a title=\"Контакты компании Вишневый Сад Плюс\" href=\"http://polikarbonatvs.com.ua/contacts/\" target=\"_self\"><span style=\"COLOR: #810081\">Остались вопросы?</span></a> Звоните! </p>\r\n<h2>Подробнее о теплицах</h2>\r\n<p>• <a title=\"Описание продажы теплиц, в рассрочку и кредит\" href=\"/services/sale-hothouses/\" target=\"_blank\">Описание&nbsp;продажы теплиц в рассрочку и кредит<br></a>• <a title=\"Теплицы и парники изготовление и виды теплиц, преимущества теплиц\" href=\"/constructions/hothouses/\" target=\"_blank\">Изготовление и описание&nbsp;преимущества теплицы из поликарбоната<br></a>• <a title=\"Фотогалерея теплиц из поликарбоната\" href=\"/constructions/hothouses/gallery-hothouses/\" target=\"_blank\">Фотогалерея теплиц</a><br>• <a title=\"Статьи о поликарбонатных теплицах, теплицы\" href=\"/articles/article5.htm\" target=\"_blank\">Статьи о поликарбонатных теплицах</a><br>• Вы также&nbsp;можете <a href=\"http://polikarbonatvs.com.ua/ufiles/Image/Instrukciya.doc\"><span style=\"COLOR: #810081\">скачать инструкцию по монтажу теплицы</span></a>&nbsp;(2.05 Мб)</p>',1,15,NULL,1444033920,NULL),(3,'Распродажа по низкой цене! Скидка на поликарбонат 6мм!','news3.htm','Сотовый поликарбонат 6 мм прозрачный Российского производства PLASTILUX по цене 700 грн за лист! Цена ниже оптовой. Акция действует 5 дней.','<P>В связи закупкой новой партии делаем полную распродажу сотового поликарбоната&nbsp;толщина 6 мм прозрачный, Российского производства PLASTILUX по цене 700 грн за лист! Внимание!!! Цена ниже оптовой. Акция действует 5 дней.</P>',1,17,NULL,1338804240,NULL),(4,'Строительные смеси и материалы для утепления','news4.htm','Компания Алион Груп предлагает новый вид товара. Высококачественные строительные смеси и материалы для утепления.\r\n\r\nБезусловно, строительные смеси – это важнейшая часть каждого ремонта, очень сложно без них представить любые строительные работы. \r\n\r\nСовременный рынок строительной продукции, предлагает покупателям множество разных видов этого продукта.','Безусловно, <a href=\"http://www.polikarbonatvs.com.ua/category37.htm\">строительные смеси</a> – это важнейшая часть каждого ремонта, очень сложно без них представить любые строительные работы. Современный рынок строительной продукции, предлагает покупателям множество разных видов этого продукта. <br><br>К примеру, это может быть как шпаклевка, <a href=\"http://www.polikarbonatvs.com.ua/category41.htm\">штукатурка</a>, другие монтажные растворы, клеи для укладки плитки, а также составы для наливных полов. На сегодняшний день сухие строительные смеси среди покупателей стали очень популярны, и весьма перспективно их дальнейшее производство и, конечно, продажа. <br><br>В последние десять лет сухие строительные смеси стали очень популярными, сейчас просто невозможно представить любые строительные роботы без этих смесей. Впервые сухие строительные смеси появились на рынке строительной продукции лишь в 90-х годах ХХ столетия. <br>До их появления строители пользовались шпаклевками, клеями и меловыми пастами в «мокром» виде. Они сразу были готовы к использованию. Самым главным недостатком тех смесей был маленький срок годности - буквально от нескольких часов до пары месяцев. Для того чтобы избежать лишних потерь средств, на строительном рынке была представлена новая продукция – сухие строительные смеси. <br><br>Сухие строительные смеси на производстве надежно упаковывают в трёхслойные мешки для того, чтобы предотвратить возможный контакт с водой. При этом их транспортировка становится очень удобной. Таким образом, сухие строительные смеси необходимы в работе любого строителя, они прекрасно заменяют штукатурные растворы и любой другой кладочный материал.<br><br>Для того чтобы создать более крепкое соединение между материалами используют пластифицирующие составляющие, задерживающие воду, а также кварцевые добавки. <br><br>Любое строительство невозможно без использования клеевой строительной смеси. Она используется при укладке облицовочной плитки, а также укладки теплоизоляционных материалов. <br><br>Также, очень часто строители используют самовыравнивающиеся строительные смеси. Они выполняют важнейшую функцию устранения множества нежелательных проблем при укладке любых полов. <br><br>Сухие строительные смеси после использования остаются невосприимчивыми к влаге и переменам температур, а также хорошо переносят негативное влияние других факторов. <br><br>Неоспоримым преимуществом сухих строительных смесей является их способность после использования еще несколько часов сохранять свою пластичность. <br><br>Все без исключения сухие строительные смеси способны оставлять хороший результат и при машинном использовании, что в наше время стало очень популярным. <br><br>Также немаловажным преимуществом сухих строительных смесей является их пластичность и стойкость на вертикальных поверхностях. <br><br>А смеси для самовыравнивающихся полов прекрасно выравнивают технологические борозды, которые могут возникнуть вследствие применения распределяющих инструментов. <br><br>Таким образом, рассмотрев все положительные качества сухих строительных смесей, можно сделать несложный вывод, что использование именно таких продуктов сделает процесс ремонта намного быстрее и проще.',1,18,NULL,1444038720,NULL),(5,'Акция!!! Суперцена на подоконник Данке шириной 100 мм!!!','news5.htm','Подоконник премиум-класса Данке 100 мм по цене 25,00 грн. за погонный метр!!! Цена ниже оптовой!!!','<P>Наша компания предлагает Вам подоконник премиум-класса \"Данке\" по супер низкой цене!!! Всего 25 грн. за 1 погонный метр подоконника!!! Ваша экономия составит 50% от розничной стоимости подоконника!!!</P>',1,19,NULL,1340372460,NULL),(6,'Цена на террасную доску снижена до 10%','news6.htm','Позвоните и узнайте свою скидку','',0,16,NULL,0,NULL),(7,'Акция. Только в октябре скидки на весь ассортимент 30%!','news7.htm','Сезонная распродажа сотового поликарбоната всех производителей со скидками до 30%!','<div><span style=\"font-weight: bold;\">Уникальная возможность, только до 31 октября 2015 года!</span></div><div>Скидка на сотовый поликарбонат всех производителей до&nbsp;<span style=\"font-weight: bold;\">30%</span>!</div><div>Цены в разделе &nbsp;<a href=\"http://polikarbonatvs.com.ua/prices/\">ПРАЙСЫ</a> указаны c учетом скидки.</div><div><span style=\"font-weight: bold;\">Внимание:</span> Количество аукционного товара ограничено, не упустите свой шанс.</div><div><br></div><div>Детали Вы можете получить по телефонам звоните;&nbsp;</div><div><span style=\"font-weight: bold;\">(044) 22-33-607&nbsp;</span></div><div><span style=\"font-weight: bold;\">(050) 200-44-04 МТС</span></div><div><span style=\"font-weight: bold;\">(067) 410-410-0 Киевстар</span></div><div><span style=\"font-weight: bold;\">(093) 706-99-55 Лайф</span></div><div><br></div><div><br></div><div><br></div><div><br></div>',1,20,NULL,1444124820,NULL),(8,'Распродажа цветного сотового поликарбоната','news8.htm','Уникальная распродажа цветного сотового поликарбоната! Только до конца января воспользуйтесь шансом получить лист в подарок!','<div>До конца января действует специальное предложение на цветной* поликарбонат.&nbsp;</div><div>При покупке одного листа, Вы получаете скидку 50% на второй. При &nbsp;покупке двух листов, третий – в подарок.</div><div>Данное предложение действует только для наших подписчиков в facebook – <a href=\"https://www.facebook.com/polikarbonatvs/ \">НАША СТРАНИЦА</a></div><div>Спешите воспользоваться выгодным предложением!</div><div>* Под цветным подразумевается сотовый поликарбонат следующих цветов: зеленый, синий, розовый, серебро, белый.</div>',1,21,NULL,1452758760,NULL),(9,'Распродажа цветного сотового поликарбоната POLYSIDE','news9.htm','Уникальная распродажа цветного сотового поликарбоната POLYSIDE со скидками 50 и 100%!! Успейте воспользоваться лучшим предложением.','<div>До конца января действует специальное предложение на цветной* поликарбонат.&nbsp;</div><div>При покупке одного листа, Вы получаете скидку 50% на второй. При &nbsp;покупке двух листов, третий – в подарок.</div><div>Данное предложение действует только для наших подписчиков в facebook –&nbsp;<a href=\"https://www.facebook.com/polikarbonatvs/\">НАША СТРАНИЦА</a></div><div>Спешите воспользоваться выгодным предложением!</div><div>* Под цветным подразумевается сотовый поликарбонат следующих цветов: зеленый, синий, розовый, серебро, белый.</div>',1,22,NULL,1452759420,NULL);
/*!40000 ALTER TABLE `tbl_news` ENABLE KEYS */;
UNLOCK TABLES;

--
-- Table structure for table `tbl_news_categories`
--

DROP TABLE IF EXISTS `tbl_news_categories`;
/*!40101 SET @saved_cs_client     = @@character_set_client */;
/*!40101 SET character_set_client = utf8 */;
CREATE TABLE `tbl_news_categories` (
  `id` int(11) NOT NULL AUTO_INCREMENT,
  `tree` int(11) DEFAULT NULL,
  `lft` int(11) NOT NULL,
  `rgt` int(11) NOT NULL,
  `depth` int(11) NOT NULL,
  `name` varchar(255) COLLATE utf8_unicode_ci NOT NULL,
  `slug` varchar(255) COLLATE utf8_unicode_ci NOT NULL,
  `status` tinyint(1) NOT NULL DEFAULT '1',
  `created_at` int(11) NOT NULL,
  `updated_at` int(11) NOT NULL,
  PRIMARY KEY (`id`),
  KEY `lft_rgt` (`lft`,`rgt`),
  KEY `depth` (`depth`),
  KEY `tree` (`tree`),
  KEY `slug` (`slug`),
  KEY `name` (`name`)
) ENGINE=InnoDB AUTO_INCREMENT=3 DEFAULT CHARSET=utf8 COLLATE=utf8_unicode_ci;
/*!40101 SET character_set_client = @saved_cs_client */;

--
-- Dumping data for table `tbl_news_categories`
--

LOCK TABLES `tbl_news_categories` WRITE;
/*!40000 ALTER TABLE `tbl_news_categories` DISABLE KEYS */;
INSERT INTO `tbl_news_categories` VALUES (1,1,1,2,0,'Новости компании','',1,1477845171,1477845171),(2,2,1,2,0,'Акции','',1,1477845171,1477845171);
/*!40000 ALTER TABLE `tbl_news_categories` ENABLE KEYS */;
UNLOCK TABLES;

--
-- Table structure for table `tbl_news_categories_pivot`
--

DROP TABLE IF EXISTS `tbl_news_categories_pivot`;
/*!40101 SET @saved_cs_client     = @@character_set_client */;
/*!40101 SET character_set_client = utf8 */;
CREATE TABLE `tbl_news_categories_pivot` (
  `news_id` int(11) NOT NULL,
  `category_id` int(11) NOT NULL,
  KEY `FK_news_categories_pivot_article_id` (`news_id`),
  KEY `FK_news_categories_pivot_category_id` (`category_id`),
  CONSTRAINT `FK_news_categories_pivot_article_id` FOREIGN KEY (`news_id`) REFERENCES `tbl_news` (`id`) ON DELETE CASCADE ON UPDATE CASCADE,
  CONSTRAINT `FK_news_categories_pivot_category_id` FOREIGN KEY (`category_id`) REFERENCES `tbl_news_categories` (`id`) ON DELETE CASCADE ON UPDATE CASCADE
) ENGINE=InnoDB DEFAULT CHARSET=utf8 COLLATE=utf8_unicode_ci;
/*!40101 SET character_set_client = @saved_cs_client */;

--
-- Dumping data for table `tbl_news_categories_pivot`
--

LOCK TABLES `tbl_news_categories_pivot` WRITE;
/*!40000 ALTER TABLE `tbl_news_categories_pivot` DISABLE KEYS */;
INSERT INTO `tbl_news_categories_pivot` VALUES (1,1),(2,1),(6,2),(3,2),(4,1),(5,2),(7,2),(8,2),(9,1);
/*!40000 ALTER TABLE `tbl_news_categories_pivot` ENABLE KEYS */;
UNLOCK TABLES;

--
-- Table structure for table `tbl_option_values`
--

DROP TABLE IF EXISTS `tbl_option_values`;
/*!40101 SET @saved_cs_client     = @@character_set_client */;
/*!40101 SET character_set_client = utf8 */;
CREATE TABLE `tbl_option_values` (
  `id` int(11) NOT NULL AUTO_INCREMENT,
  `option_id` int(11) DEFAULT NULL,
  `value` varchar(255) COLLATE utf8_unicode_ci NOT NULL,
  PRIMARY KEY (`id`),
  KEY `FK_option_values_option_id` (`option_id`),
  CONSTRAINT `FK_option_values_option_id` FOREIGN KEY (`option_id`) REFERENCES `tbl_options` (`id`) ON DELETE CASCADE ON UPDATE CASCADE
) ENGINE=InnoDB DEFAULT CHARSET=utf8 COLLATE=utf8_unicode_ci;
/*!40101 SET character_set_client = @saved_cs_client */;

--
-- Dumping data for table `tbl_option_values`
--

LOCK TABLES `tbl_option_values` WRITE;
/*!40000 ALTER TABLE `tbl_option_values` DISABLE KEYS */;
/*!40000 ALTER TABLE `tbl_option_values` ENABLE KEYS */;
UNLOCK TABLES;

--
-- Table structure for table `tbl_options`
--

DROP TABLE IF EXISTS `tbl_options`;
/*!40101 SET @saved_cs_client     = @@character_set_client */;
/*!40101 SET character_set_client = utf8 */;
CREATE TABLE `tbl_options` (
  `id` int(11) NOT NULL AUTO_INCREMENT,
  `name` varchar(100) COLLATE utf8_unicode_ci NOT NULL,
  `presentation` varchar(255) COLLATE utf8_unicode_ci NOT NULL,
  PRIMARY KEY (`id`)
) ENGINE=InnoDB DEFAULT CHARSET=utf8 COLLATE=utf8_unicode_ci;
/*!40101 SET character_set_client = @saved_cs_client */;

--
-- Dumping data for table `tbl_options`
--

LOCK TABLES `tbl_options` WRITE;
/*!40000 ALTER TABLE `tbl_options` DISABLE KEYS */;
/*!40000 ALTER TABLE `tbl_options` ENABLE KEYS */;
UNLOCK TABLES;

--
-- Table structure for table `tbl_page_meta`
--

DROP TABLE IF EXISTS `tbl_page_meta`;
/*!40101 SET @saved_cs_client     = @@character_set_client */;
/*!40101 SET character_set_client = utf8 */;
CREATE TABLE `tbl_page_meta` (
  `id` int(11) NOT NULL AUTO_INCREMENT,
  `entity_id` int(11) DEFAULT NULL,
  `meta_title` varchar(255) COLLATE utf8_unicode_ci DEFAULT NULL,
  `meta_keywords` text COLLATE utf8_unicode_ci,
  `meta_description` text COLLATE utf8_unicode_ci,
  `meta_robots` varchar(50) COLLATE utf8_unicode_ci DEFAULT NULL,
  `custom_meta` text COLLATE utf8_unicode_ci,
  PRIMARY KEY (`id`),
  KEY `FK_page_meta_entity_id` (`entity_id`),
  CONSTRAINT `FK_page_meta_entity_id` FOREIGN KEY (`entity_id`) REFERENCES `tbl_pages` (`id`) ON DELETE CASCADE ON UPDATE CASCADE
) ENGINE=InnoDB AUTO_INCREMENT=68 DEFAULT CHARSET=utf8 COLLATE=utf8_unicode_ci;
/*!40101 SET character_set_client = @saved_cs_client */;

--
-- Dumping data for table `tbl_page_meta`
--

LOCK TABLES `tbl_page_meta` WRITE;
/*!40000 ALTER TABLE `tbl_page_meta` DISABLE KEYS */;
INSERT INTO `tbl_page_meta` VALUES (1,1,'Polyside поликарбонат, (Полисайд), Plastilux (Пластилюкс) - и другая прозрачная кровля в Киеве - компания Вишневый сад','прозрачная кровля, листовой пластик, поликарбонат, светопрозрачные конструкции, изготовление, производство, монтаж, строительство','Продажа прозрачной кровли: Поликарбонат Алексдорф, Пластилюкс, Полигаль, Полисайд в Киеве и по Украине. Самые низкие цены! Изготовление светопрозрачных конструкций, прозрачной кровли, продажа листового пластика - Вишневый Сад','',''),(2,2,'','','',NULL,NULL),(3,3,'','','','',''),(4,4,'','','',NULL,NULL),(5,5,'','','','',''),(6,6,'Все о теплицах, домашние, дачные, зимние теплицы - Вишневый Сад','','Статьи о теплицах, отопление теплиц, выращивание в теплицах, описание теплиц, строительство теплиц, полезные советы садоводам, сад и огород, теплица из поликарбоната.',NULL,NULL),(7,7,'','','',NULL,NULL),(8,8,'','','',NULL,NULL),(9,9,'','','','',''),(10,10,'','','',NULL,NULL),(11,13,'Контакты','контакты','Контакты компании Вишневый Сад плюс  Доставка продукции в любую точку Украины с гарантией 10 лет с обслуживанием. Возможна россрочка и кредит. детали по тел.: 8(044)499-62-45','',''),(12,17,'Производство, изготовление теплиц, зимних садов, монтаж конструкций','монтаж металлоконструкций, строительство конструкций, продажа  теплиц под сотовый поликарбонат, производство металлоконструкций, ворота, ограждение, продажа, сервис, услуги строительства,','монтаж металлоконструкций под сотовый поликарбонат, навесы, козырьки продажа кровельных пластиковых листов- Вишневый Сад',NULL,NULL),(13,16,'Поликарбонат Киев, купить поликарбонат – цены и продажа в Украине','поликарбонат, купить, поликарбонат продажа, поликарбонат цена, Полигаль, Пластилюкс, Даз, Polygal, Dhaze, Plastilux, Киев, Украина','Поликарбонат в Киеве от лучших производителей. Нужно купить поликарбонат? Лучшая цена и продажа поликарбоната в Украине: оптом и в розницу. Polygal, Alexdorf, Plastilux и другие мировые бренды.',NULL,NULL),(14,19,'Теплицы Киев, купить теплицу из поликарбоната - продажа парников и дачных теплиц в Украине. Низкие цены','Теплицы, теплица, теплицы из поликарбоната, дачные теплицы, теплица дачная, теплицы и парники, конструкции теплиц, сборные конструкции теплиц, фермерские теплицы, промышленные теплицы, строительство теплиц, теплицы под сотовый поликарбонат, садовые теплицы, теплица термос, теплицу купить,  зимние теплицы, изготовление теплиц, производство теплиц, теплица своими руками, для дачи,теплица для сада и огорода.','Теплицы и парники из сотового поликарбоната, продажа теплиц и парников, производство и изготовление сборных конструкций. Нужно купить теплицу для сада и огорода? Доставка в Украине, низкая цена,  монтаж, сервис, гарантия 10 лет. Теплицы своими руками - Вишневый сад плюс.',NULL,NULL),(15,20,'Поликарбонат  Алексдорф, Пластилюкс, Полигаль, Полисайд - Киев - Вишневый сад','','Продажа поликарбоната:  Поликарбонат Алексдорф, Пластилюкс, Полигаль, Полисайд в Киеве и по Украине. Самые низкие цены на поликарбонат.\r\nИзготовление светопрозрачных конструкций, прозрачной кровли, продажа листового пластика - Вишневый сад, продажа поликарбоната  и теплиц - Вишневый сад',NULL,NULL),(16,21,'Монолитный поликарбонат Киев, купить монолитный поликарбонат - цены и продажа','монолитный поликарбонат, поликарбонат монолит, литой, поликарбонат монолитный, купить, цена, цены, продажа, Киев, Украина','Качественный монолитный поликарбонат в Киеве и Украине. Лучшие цены, чтобы купить поликарбонат (монолит). Доставка, монтаж, сервис - гарантия 10 лет.',NULL,NULL),(17,22,'Сотовый поликарбонат Киев, купить поликарбонат сотовый Полигаль POLYGAL - цены в Украине','сотовый поликарбонат, купить поликарбонат сотовый, продажа сотового поликарбоната, Киев, Украина','Качественный сотовый поликарбонат (поликарбонатные листы) Вы сможете купить в Киеве + по Украине от компании Вишневый Сад. Продажа и отличные цены, большой выбор брендов: Poligal, Polyside, Plastilux, Alexdorf и другие.',NULL,NULL),(18,23,'Купить профилированный поликарбонат - цены и продажа в Киеве и Украине','пластиковый профиль, профилированный поликарбонат, профилированый,  поликарбонат купить, поликарбонат комплектующее','Надежный профилированный поликарбонат в Киеве и Украине - нужно купить профиль или комплектующие для поликарбоната? Отличная цена. Обращайтесь к нам.',NULL,NULL),(19,24,'Навесы из поликарбоната для авто, навес над входом Киев','навесы, козырьки, автонавесы, навесы из поликарбоната, светопрозрачные конструкции, зимние сады, входные группы, кровля для бассейнов, для автомобиля, изготовление навесов, фасады, павильоны, беседки, террасы, монтаж','Изготовление навесов и козырьков из поликарбоната любой сложности, автомобильные навесы по низкой цене в Киеве, гарантия от производителя звоните (044)22-33-607',NULL,NULL),(20,25,'Металлоконструкции | металлические конструкции | конструкции из металла | монтаж металлоконструкций - Вишневый сад','Металлоконструкции, металлические конструкции, Металлокаркас, конструкции навесов, металлические ворота, заборы, ограждения, ограждение, металлоконструкции поликарбонат, перила,','Изготовление металлических конструкций, навесы, заборы, ограждение, металлические ворота из поликарбоната, с ковкой, монтаж металлоконструкций- Вишневый сад',NULL,NULL),(21,26,'','','',NULL,NULL),(22,27,'','','',NULL,NULL),(23,28,'Строительство светопрозрачных конструкций фото - Вишневый Сад','Светопрозрачные конструкции, навесы, козырьки, зимние сады, кровля поликарбонатом, поликарбонатная кровля, конструкции из поликарбоната, металлоконструкции под поликарбонат','Строим из поликарбоната и металлоконструкций, Фотогалерея навесов и козырьков и других светопрозрачных конструкций. Конструкции под заказ в Киеве у компании Вишневый Сад',NULL,NULL),(24,29,'','','',NULL,NULL),(25,30,'Навесы для бассейна из поликарбоната красотище - Вишневый Сад','навесы для бассейна, навесы для бассейнов, накрытие для бассейна, бассейны, пластиковые бассейны, павилльоны для басейна, павильоны из поликарбоната, фото бассейнов, бассейны фотогалерея, Басейна','Навесы для бассейна из поликарбоната, монтаж металлоконструкций под сотовый поликарбонат, фотогалерея павильонов для бассейнов заказать -Вишневый Сад',NULL,NULL),(26,31,'Навесы для автомобилей | автонавесы - изготовление, продажа','навесы для авто, навесы из поликарбоната, навесы для автомобиля, навесы для автомобилей, автонавесы, автонавес, avtonaves, металлоконструкции навесы, изготовление навесов, навесы монтаж','Изготавливаем из поликарбоната и металлоконструкций навесы, автонавесы в Киеве, Фотогалерея  конструкций, Продажа навесов в Украине. Свое производство уникальный дизайн.',NULL,NULL),(27,33,'Конструкции из поликарбоната, металлоконструкции - Вишневый сад','Конструкции, конструкции теплиц, конструкции навесов, конструкции для бассейна, светопрозрачные конструкции, конструкции из поликарбоната, металлические навесы, металлические козырьки','Профессиональное изготовление и монтаж конструкции из поликарбоната, светопрозрачных конструкций: козырьки, парники, теплицы, навесы, металлоконструкции под сотовый поликарбонат - Вишневый сад',NULL,NULL),(28,34,'Рифленый и волнистый поликарбонат-  купить в Киеве по низкой цене','','Низкие цены на рифленый и волнистый поликарбонат в Киеве и Украине. Нужно купить рифленый или волнистый поликарбонат? Звоните нам.',NULL,NULL),(29,35,'Теплица термос | конструкции теплиц, теплицы своими руками - Вишневый Сад','теплицы, галерея теплиц, сборные конструкции теплиц, теплица, теплица дачная, фото теплиц, теплица термос, зимние теплицы, теплицы под сотовый поликарбонат, теплица термос,','Теплица на выбор под сотовый поликарбонат, стандартные дачные теплицы и нестандартные под заказ с дополнительными секциями.  Теплицы своими руками. Арочные, фермерские и другие. изготовление, продажа , установка, купить теплицу с гарантией- Вишневый Сад. Фото теплиц.',NULL,NULL),(30,42,'ПОЛИКАРБОНАТ В УКРАИНЕ пластик Dhaze (Франция), Polygal (Израиль) и др.','Поликарбонат, сотовый, продажа, листовой, монолитный, стройпластик, прозрачный пластик, цветной пластик, пластика листового, поставщики, поликарбоната, в Украине, Украина, Киев, Киеве,','Поликарбонат сотовый продажа в Украине Polygal, DHaze, Eurolux, Plastilux и др. разновидности, Все цвета и толщины, купить поликарбонат, описание и применение поликарбоната.',NULL,NULL),(31,38,'Алюминиевые профили купить в Киеве - Вишневый сад','','Самые низкие цены на алюминиевые профили в Киеве и Украине. Доставка, монтаж, сервис, гарантия 10 лет - Вишневый сад',NULL,NULL),(32,39,'','','',NULL,NULL),(33,41,'Производство теплиц - информация','производство теплиц','Производство теплиц - информация',NULL,NULL),(34,43,'Ой у вишневому садочку | строительство и отдых','','Полезные материалы для строительства,  дом, дача, сад. кровля, водостоки, теплоизоляция, гидроизоляция. Черепица и все для комфортной жизни',NULL,NULL),(35,44,'Все о теплицах, домашние, дачные, зимние теплицы - Вишневый Сад','Статьи о теплицах, отопление теплиц, выращивание в теплицах, описание теплиц, строительство теплиц, полезные советы садоводам, сад и огород, теплица из поликарбоната, теплица термос','Статьи о теплицах, отопление теплиц, выращивание в теплицах, описание теплиц, строительство теплиц, полезные советы садоводам, сад и огород, теплица из поликарбоната.',NULL,NULL),(36,45,'Промышленные теплицы - строительство теплиц под ключ - Вишневый Сад','Промышленные теплицы, строительство теплиц, тепличный бизнес, строительство промышленных теплиц, промышленная теплица, Строительство теплиц в Украине, проекты теплиц, аграрные теплицы,  теплицы промышленные, Голланские теплицы, технологии Венло, Venlo, теплицы из голландии, голандии, Голланские технологии для теплиц, теплицы Голландия, стоимость, теплица Украина,','Строительство промышленных теплиц в Украине. Голанские технологии строительства под ключ. Теплицы промышленные, аграрные, новые системы для выращивания в теплице',NULL,NULL),(37,51,'Вакансии менеджеры по продажам, кладовщик строительных материалов Киев','стройматериалы, строительных материалов, менеджеры','Приглашаем менеджеров по продаже стройматериалов в Киеве',NULL,NULL),(38,46,'Цена на поликарбонат в Киеве, лучшие цены в Украине от производителя','поликарбонат, цены, цена, купить, киев','Узнать цену на поликарбонат в Киеве от производителя, низкая цена от завода (044)22-33-607 опт- розница, порезка и доставка по Украине',NULL,NULL),(39,47,'','','',NULL,NULL),(40,48,'','','',NULL,NULL),(41,49,'Обогреватели Киев | Обогревательные панели , цена, купить в Киеве обогреватель НКТ','Обогреватели, обогреватель, купить, керамический, металлокерамический, обогревательные, панели','Обогреватели цена. Стильный экономичный обогреватель НТК - эко. Лучшие инновационые обогревательные панели. Экономичные, металлокерамичные...',NULL,NULL),(42,50,'Акции и скидки | Распродажа поликарбоната цены ниже оптовых','Распродажа и скидки на пластики, теплицы , конструкции.','','',''),(43,52,'Полікарбонат Рівне | Поликарбонат Ровно | доступні ціни','Полікарбонат Рівне, купити, продаж','Полікарбонат в Рівному по низьким цінам. Продаж, доставка, монтаж. Поликарбонат в Ровном по низким ценам.',NULL,NULL),(44,53,'Полікарбонат Луцьк | Поликарбонат Луцк','.','Полікарбонат в Луцьку можна купити недорого | Пликарбонат в Луцке по низкой цене высокого качества. Продажа по всей Волынской области',NULL,NULL),(45,54,'Полікарбонат Львів | Поликарбонат  Львов','Львов, Во Львове, Львів','Якстный полікарбонат по розумним цінам | Поликарбонатные пластики по доступным ценам  во Львове. Гарания 10 лет. Купить поликарбонат во Львове',NULL,NULL),(46,55,'Полікарбонат Житомир | Поликарбонат в Житомире','Житомир, в Житомире,','Высокое качество по самой низкой цене поликарбонат в Житомире. В наличии лучшие бренды. Доставка по Житомире и области.',NULL,NULL),(47,56,'Полікарбонат Івано-Франківськ | Поликарбонат Ивано-Франковск','Івано-Франківськ, Ивано-Франковск','Пластик в Ивано-Франківську по доступнім цінам | Прозора покрівля із пластику | Поликарбонат в Ивано-Франковске лучших торговых марок.',NULL,NULL),(48,57,'Полікарбонат Чернівці | Поликарбонат в Черновцах','','Низькі ціни на полікарбонат в Чернівцях ( не Китай) Якість гарантована на 10 років. | Поликарбонат в Черновцах в наличии лучшие бренды. Черновцы',NULL,NULL),(49,58,'Полікарбонат Хмельницький | Поликарбонат Хмельницкий','Хмельницкий, Хмельницький,','Низькі ціни на якістний полікарбонат в Хмельницькому. | Купить поликарбонат в Хмельницком по доступным ценам лучших брендов',NULL,NULL),(50,59,'Полікарбонат Тернопіль | Поликарбонат Тернополь','','Полікарбонат в Тернополі можно купити тут. Пластики в Тернополе высокого качества по низкой цене. Доставка по городу и области.',NULL,NULL),(51,60,'Поликарбонат Донецк | Поликарбонат в Донецке','','Сотовый и монолитный поликарбонат в Донецке купить по низкой цене отличного качеста (не Китай). В наличии лучшие тм. Звоните сейчас!',NULL,NULL),(52,61,'Поликарбонат Днепропетровск, купить сотовый и монолитный поликарбонат в Днепропетровске - низкие цены','Поликарбонат Днепропетровск, купить поликарбонат в Днепропетровске, сотовый поликарбонат, монолитный поликарбонат, цены, продажа, Днепропетровск','Предлагаем качественный поликарбонат в Днепропетровске - низкие цены на монолитный и сотовый поликарбонат. Не знаете, где купить надежные поликарбонатные листы? Обращайтесь к нам.',NULL,NULL),(53,69,'Поликарбонат Белая Церковь','Поликарбонат Белая Церковь, цены, купить, продажа','Поликарбонат Белая Церковь - низкие цены на сотовый и монолитный поликарбонат в Белой Церкви! Продажа от производителя.',NULL,NULL),(54,62,'Поликарбонат Одесса | Поликарбонат в Одессе','','Поликарбонатный пластик высокого качества по низкой цене в Одессе. Сотовый и монолитный поликарбонат Одесса мама предлагает низкие цены в Украине.',NULL,NULL),(55,63,'Поликарбонат Запорожье | Поликарбонат в Запорожье','','Ну очинь выгодно можно купить по низкой цене высшего качества поликарбонат в Запорожье по цене производителя. Заказывайте прямо сейчас в Запорожье',NULL,NULL),(56,64,'Поликарбонат Черкассы | Поликарбонат в Черкассах','','Реально низкие цены на качественный поликарбонат В Черкассах. Лучшие условия и цены на прастик в г. Черкассы. Заказывайте сейчас выгодно.',NULL,NULL),(57,65,'Поликарбонат Полтава | Поликарбонат в Полтаве','','Поликарбонат в Полтаве сейчас можно купить очень выгодно по низкой цене. Качественный пластик. Гарантия 10 лет. Заказывайте сейчас с доставкой.',NULL,NULL),(58,66,'Поликарбонат Славянск (Донецкая область), купить поликарбонат сотовый и монолитный в Славянске - цены от производителя','поликарбонат Славянск, Донецкая область, купить поликарбонат в Славянске','Продажа поликарбоната в Славянске от производителя. У нас можно купить сотовый и монолитные поликарбонат, поликарбонатные листы. Низкие цены в Славянске и Донецкой Области.',NULL,NULL),(59,67,'','','',NULL,NULL),(60,70,'Доставка и установка','Доставка, установка, монтаж','Лучшая цена на теплицы и поликарбонат, доставка по Киеву и Украине, всегда в наличии, низкая стоимость телефон (044-22-33-607)',NULL,NULL),(61,71,'Доставка и оплата поликарбоната','Доставка поликарбоната, доставка теплиц, варианты оплаты','Доставить теплицу по Киеву, доставка поликарбоната по Украине',NULL,NULL),(62,72,'','','',NULL,NULL),(63,75,'Утепление фасада пенопластом в Киеве','Пенопласт, фасад, утепление, Киев, цена','Утепление пенопластом в Киеве, утеплить фасад по низкой цене, как утеплить фасад дома. (044) 22-33-134 \"Вишневый сад\"',NULL,NULL),(64,76,'Листовой акрил купить в Киеве, цена на  оргстекло, Киев','Акрил, Листовой акрил, оргстекло, plexiglas, palglas','Листовой акрил, прозрачный акрил, купить акрил с доставкой по Киеву, акрил по хорошей цене',NULL,NULL),(65,77,'Газоблоки, Купить газобетон в Киеве с доставкой','газоблок, газобетон, купить, киев, цена, производитель, аэрок, стоунлайт','Купить газобетон Стоунлайт в Киеве по цене производителя, газоблоки Аэрок с доставкой',NULL,NULL),(66,78,'Поликарбонат титан пласт - купить в Киеве','Поликарбонат, сотовый поликарбонат, белорусский поликарбонат, TitanPlast, купить поликарбонат, поликарбонат киев','Поликарбонат производства Белорусь - Титан Пласт купить атсотовый поликарбон в Киеве по цене от импортера',NULL,NULL),(67,79,'Поликарбонат цена размеры','Поликарбонат, цена, размеры поликарбоната','Сотовый поликарбонат цена размеры листа, полезная информация о сотовом поликарбоната.',NULL,NULL);
/*!40000 ALTER TABLE `tbl_page_meta` ENABLE KEYS */;
UNLOCK TABLES;

--
-- Table structure for table `tbl_pages`
--

DROP TABLE IF EXISTS `tbl_pages`;
/*!40101 SET @saved_cs_client     = @@character_set_client */;
/*!40101 SET character_set_client = utf8 */;
CREATE TABLE `tbl_pages` (
  `id` int(11) NOT NULL AUTO_INCREMENT,
  `tree` int(11) DEFAULT NULL,
  `lft` int(11) NOT NULL,
  `rgt` int(11) NOT NULL,
  `depth` int(11) NOT NULL,
  `type` varchar(100) COLLATE utf8_unicode_ci NOT NULL,
  `title` varchar(100) COLLATE utf8_unicode_ci NOT NULL,
  `slug` varchar(100) COLLATE utf8_unicode_ci NOT NULL,
  `content` text COLLATE utf8_unicode_ci,
  `status` tinyint(1) DEFAULT '0',
  `template_id` int(11) DEFAULT NULL,
  `facet_set_id` int(11) DEFAULT NULL,
  `category_id` int(11) DEFAULT NULL,
  `created_at` int(11) NOT NULL,
  `updated_at` int(11) NOT NULL,
  PRIMARY KEY (`id`),
  KEY `lft_rgt` (`lft`,`rgt`),
  KEY `depth` (`depth`),
  KEY `tree` (`tree`),
  KEY `slug` (`slug`),
  KEY `status` (`status`),
  KEY `type` (`type`),
  KEY `created_at` (`created_at`),
  KEY `updated_at` (`updated_at`)
) ENGINE=InnoDB AUTO_INCREMENT=81 DEFAULT CHARSET=utf8 COLLATE=utf8_unicode_ci;
/*!40101 SET character_set_client = @saved_cs_client */;

--
-- Dumping data for table `tbl_pages`
--

LOCK TABLES `tbl_pages` WRITE;
/*!40000 ALTER TABLE `tbl_pages` DISABLE KEYS */;
INSERT INTO `tbl_pages` VALUES (1,1,1,2,0,'page','Главная','index','<h1>Прозрачная кровля</h1>\r\n\r\n<p><strong class=\"bl2\"><span class=\"tx1\">Внимание!</span> Поликарбонат POLYSIDE качество выше - <a href=\"/prices/\" target=\"_self\" title=\"Цены на поликарбонат\">цена</a> ниже!</strong></p>\r\n\r\n<p>Компания &quot;Алион Групп&quot;&nbsp;предлагает универсальный&nbsp;строительный листовой пластик&mdash; поликарбонат сотовый, монолитный и профили&nbsp;тм &laquo;POLYSIDE&raquo; (Израиль), &laquo;Polygal&raquo; (Израиль), &laquo;Plastilux&raquo; (Россия), &quot;Алексдорф&quot; и другие. Также компания&nbsp;производит&nbsp;и продает дачные теплицы (сборные конструкции)&nbsp;для садоводства и тепличного хозяйства.</p>\r\n\r\n<p><img alt=\"\" src=\"http://polikarbonatvs.com.ua/ufiles/Image/poly_color.jpg\" style=\"height:139px; width:729px\" /></p>\r\n\r\n<h2>Светопрозрачные конструкции и прозрачная кровля</h2>\r\n\r\n<p><a href=\"/constructions/krovlya/\" target=\"_self\"><img alt=\"Светопрозрачные конструкции и прозрачная кровля\" class=\"imgBorderLeft\" src=\"/ufiles/Image/krovlya1.jpg\" style=\"float:left\" /></a> Наша компания готова предложить Вам широкий спектр услуг данной области. Заказав у нас изготовление светопрозрачной конструкции, Вы получите возможность красиво и качественно оформить свой дом, офис, магазин, заплатив за это вполне разумные деньги. А сама светопрозрачная конструкция придаст зданию неповторимый вид и будет радовать Вас долгое время. <a href=\"/constructions/krovlya/\">Подробнее</a></p>\r\n\r\n<p>&nbsp;</p>\r\n\r\n<h2>Теплицы и парники</h2>\r\n\r\n<p><a href=\"/constructions/hothouses/\" target=\"_self\"><img alt=\"Теплицы и парники\" class=\"imgBorderLeft\" src=\"http://polikarbonatvs.com.ua/ufiles/Image/hothous1.jpg\" style=\"float:left; height:100px; width:133px\" /></a>Наша компания изготовит для Вас любую теплицу из поликарбоната и осуществит её монтаж. Наши специалисты подберут модель теплицы, максимально соответствующую вашим целям и с учётом ваших потребностей и желаний. Кроме того,&nbsp;мы в кратчайшие сроки осуществит поставку и монтаж парника, теплицы из поликарбоната или оранжереи, которые будут полностью соответствовать Вашим требованиям. Поликарбонат идеально сочетает в себе светопропускающую способность и прочностные качества, что делает его незаменимым для изготовления теплиц и парников.&nbsp;<a href=\"/constructions/hothouses/\">Подробнее</a></p>\r\n\r\n<h2>Металлоконструкции, заборы, ворота и ограждения</h2>\r\n\r\n<p><a href=\"/constructions/metal/\" target=\"_self\"><img alt=\"Металлоконструкции\" class=\"imgBorderLeft\" src=\"/ufiles/Image/vrata2.jpg\" style=\"float:left\" /></a></p>\r\n\r\n<p>Металлоконструкции - это основа для Вашего строительства. Помимо изготовления светопрозрачных конструкций из поликарбоната мы специализируемся на производстве металлоконструкций любой сложности. Решетки,&nbsp;металлоограждения (балконные, лестничные), металлокаркасы элементов мебели, лестницы, лестничные марши, металлические ворота и заборы - все это Вы можете заказать у нас. <a href=\"/constructions/metal/\">Подробнее</a></p>\r\n\r\n<p><span class=\"bg1\">Доставка, монтаж, сервис, гарантия 10 лет</span></p>\r\n\r\n<h3>Бренды</h3>\r\n\r\n<p><a href=\"/articles/article12.htm\" target=\"_self\" title=\"Как выбрать поликарбонат\"><img alt=\"Поликарбонат как выбрать\" class=\"imgBorder\" src=\"/ufiles/Image/PPolikarbonat_foto.jpg\" style=\"float:left; height:101px; margin-right:27px; width:130px\" /></a>POLIGAL, POLYSIDE, MAKROLON, &nbsp;NOVATRO, MARLON, PLASTILUX, POLYNEX, EUROLUX, MAKROLUX, AKTUAL, ALEXDORF, VIZOR, HAIGAO,&nbsp;STRONEX, SUNEX&nbsp;и другие.<br />\r\n&bull; Мы предлагаем: <a href=\"/catalog/\" target=\"_parent\" title=\"стройматериалы и хозяйственные товары\">материалы для строительства в каталоге товаров</a></p>\r\n',1,1,NULL,NULL,1477427887,1477738825),(2,2,1,2,0,'page','Карта сайта','map','',1,2,NULL,NULL,1477427890,1477427890),(3,3,1,2,0,'page','Поиск','search-old','',0,3,NULL,NULL,1477427892,1478454427),(4,4,1,2,0,'page','Страница пользователя','users','',0,4,NULL,NULL,1477427892,1477427892),(5,5,1,2,0,'news_list_page','Новости','news','',1,5,NULL,1,1477427893,1477849715),(6,6,1,2,0,'articles_list_page','Статьи','articles','',1,6,NULL,NULL,1477427893,1477427893),(7,7,1,2,0,'page','Галереи','galleries','',1,7,NULL,NULL,1477427894,1477427894),(8,8,1,2,0,'page','Опросы','polls','',0,8,NULL,NULL,1477427895,1477427895),(9,9,1,2,0,'page','Обратная связь','feedback','<pre>\r\n<span class=\"pl-s1\"><span class=\"pl-s\">[form name=feedback]</span></span></pre>\r\n',1,9,NULL,NULL,1477427895,1477771227),(10,10,1,2,0,'page','О нас','about','<h1>Услуги</h1><P><SPAN style=\"COLOR: #000000\"><SPAN class=tx1>Мы предлагаем:&nbsp;</SPAN>листовой поликарбонат (сотовый, монолитный, волнистый, прозрачный, цветной) любых&nbsp;торговых марок. </SPAN>Также компания производит и продает <A title=\"Теплицы из поликарбоната\" href=\"/constructions/hothouses/\" target=_self>дачные теплицы</A>(сборные конструкции) для садоводства и тепличного хозяйства - <A title=\"Продажа теплиц, купить теплицу\" href=\"/services/sale-hothouses/\" target=_self>продажа теплиц</A>.</P>\r\n<P><SPAN style=\"COLOR: #000000\"><SPAN style=\"FONT-WEIGHT: bold\"><SPAN style=\"FONT-WEIGHT: bold\" class=tx1>Также предлагаем: </SPAN><BR></SPAN>- комплектующие и системы креплений для поликарбоната<BR>- теплицы из оцинкованного профиля (сборные конструкции для дачи, сада и огорода)<BR>- навесы и козырьки (из металлоконструкций и поликарбоната)<BR>- павильоны, навесные и раздвижные системы для бассейнов<BR>- строительство светопрозрачных конструкций:&nbsp; зимние сады, оранжереи, <A title=\"Строительство промышленных теплиц\" href=\"/constructions/industrial-hothouses/\" target=_self>промышленные и фермерские теплицы под ключ</A>.</SPAN></P>\r\n<P><SPAN style=\"COLOR: #000000\"><SPAN style=\"FONT-WEIGHT: bold\" class=tx1>Мы предлагаем:<BR></SPAN>1. Оптово-розничная <A title=\"Поликарбонат продажа, купить поликарбонат\" href=\"/sale-polycarbonate/\" target=_self>продажа листового поликарбоната</A>. <BR>2. Поставка материалов нестандартных размеров и цветов.<BR>3. Профессиональные консультации и рассчеты.<BR>4. Порезка материала по размерам заказчика.<BR>5. Высококачественное обслуживание клиентов (до и послепродажное сопровождение). <BR>6. Производство, изготовление, монтаж и установка металлоконструкций.<BR>7. Уникальная бонусная программа для дилеров.<BR>8. Доставка по Киеву и Украине.<BR>9. Гарантия 10 лет, сервис.<BR><BR><SPAN style=\"FONT-WEIGHT: bold\">Ищем дилеров и надеемся на дальнейшее сотрудничество!</SPAN></SPAN></P>\r\n<P>Наша компания&nbsp;изготовит любые <A title=\"Светопрозрачные конструкции \" href=\"/\" target=_self>светопрозрачные конструкции</A> и осуществит&nbsp;их монтаж. Наши специалисты подберут, спроектируют Вам навес или козырек, максимально соответствующие Вашим целям с учётом всех потребностей и пожеланий. Кроме того, наша компания в кратчайшие сроки осуществит поставку и монтаж парника, теплицы из поликарбоната или оранжереи, которые будут полностью соответствовать Вашим требованиям. <BR><SPAN style=\"FONT-WEIGHT: bold\">Остались вопросы? Звоните: 8(044) 223-36-07</SPAN></P>\r\n<P><SPAN style=\"FONT-WEIGHT: bold\">Доставка, монтаж, сервис, гарантия 10 лет.</SPAN></P>',0,10,NULL,NULL,1477427896,1477427896),(13,13,1,2,0,'page','Контакты','contacts','<h1>Контакты</h1>\r\n\r\n<p>Здесь Вы можете купить поликарбонат, купить теплицу&nbsp;и заказать монтаж&nbsp;металлоконструкций.</p>\r\n\r\n<div style=\"TEXT-ALIGN: center\"><strong><strong>Компания ООО&quot;Алион-групп&quot;</strong></strong></div>\r\n\r\n<p>&nbsp;</p>\r\n\r\n<p><br />\r\nУкраина, Киев &nbsp; &nbsp; &nbsp; &nbsp; &nbsp; &nbsp; &nbsp; &nbsp; &nbsp; &nbsp; &nbsp; &nbsp; &nbsp; &nbsp; &nbsp; &nbsp; &nbsp; &nbsp; &nbsp; &nbsp; &nbsp; &nbsp; &nbsp; &nbsp; &nbsp; &nbsp; Донецкая обл.<br />\r\nг. Вишнёвый, ул. Промышленная 5 &nbsp; &nbsp; &nbsp; &nbsp; &nbsp; &nbsp; &nbsp; &nbsp; &nbsp; &nbsp; &nbsp; &nbsp;г.Славянск,ул. Машчерметовская 47</p>\r\n\r\n<table style=\"border-collapse:collapse; width:100%\">\r\n	<tbody>\r\n		<tr>\r\n			<td width=\"50%\">\r\n			<ul>\r\n				<li>тел:&nbsp;(044) 223-36-07</li>\r\n				<li>тел: (067) 410-41-00</li>\r\n				<li>тел: (050) 200-44-04 &nbsp;</li>\r\n				<li>тел: (093) 706-99-55 <strong>Пенопласт</strong></li>\r\n			</ul>\r\n			</td>\r\n			<td>\r\n			<ul>\r\n				<li>&nbsp;тел: (050)9-033-022</li>\r\n				<li>&nbsp;тел: (098)9-033-022</li>\r\n			</ul>\r\n			</td>\r\n		</tr>\r\n	</tbody>\r\n</table>\r\n\r\n<p>График работы &nbsp; &nbsp; &nbsp; &nbsp; &nbsp; &nbsp; &nbsp; &nbsp; &nbsp; &nbsp; &nbsp; &nbsp; &nbsp; &nbsp; &nbsp; &nbsp; &nbsp; &nbsp; &nbsp; &nbsp; &nbsp; &nbsp; &nbsp; &nbsp; &nbsp; &nbsp; График работы &nbsp; &nbsp; &nbsp; &nbsp; &nbsp; &nbsp; &nbsp; &nbsp; &nbsp; &nbsp; &nbsp; &nbsp; &nbsp; &nbsp; &nbsp; &nbsp; &nbsp; &nbsp; &nbsp;&nbsp;<br />\r\nПн-Пт: с 9:00 до 18:00 &nbsp; &nbsp; &nbsp; &nbsp; &nbsp; &nbsp; &nbsp; &nbsp; &nbsp; &nbsp; &nbsp; &nbsp; &nbsp; &nbsp; &nbsp; &nbsp; &nbsp; &nbsp; &nbsp; &nbsp; &nbsp; Пн-Пт: с 9:00 до 18:00<br />\r\nСб: c 10:00 до 16:00 &nbsp; &nbsp; &nbsp; &nbsp; &nbsp; &nbsp; &nbsp; &nbsp; &nbsp; &nbsp; &nbsp; &nbsp; &nbsp; &nbsp; &nbsp; &nbsp; &nbsp; &nbsp; &nbsp; &nbsp; &nbsp; &nbsp; &nbsp;Сб-Вс: выходной<br />\r\nВс: выходной.</p>\r\n\r\n<p><strong>Купить поликарбонат в&nbsp;Украине:</strong></p>\r\n\r\n<p>&nbsp;</p>\r\n\r\n<table style=\"border-collapse:collapse; width:100%\">\r\n	<tbody>\r\n		<tr>\r\n			<td>\r\n			<p>&raquo; <a href=\"/rovno/\" title=\"Поликарбонат Ровно\">Поликарбонат Ровно</a><br />\r\n			&raquo; <a href=\"/luck/\">Поликарбонат Луцк</a><br />\r\n			&raquo; <a href=\"/lviv/\">Поликарбонат Львов</a><br />\r\n			&raquo; <a href=\"/zhitomir/\">Поликарбонат Житомир</a></p>\r\n\r\n			<p>&raquo; <a href=\"/doneckaya/\">Донецкая обл. г. Славянск</a></p>\r\n			</td>\r\n			<td><br />\r\n			&raquo; <a href=\"/ivano-frankivsk/\">Поликарбонат Ивано-Франковск</a><br />\r\n			&raquo; <a href=\"/chernivtsi/\">Поликарбонат Черновцы</a><br />\r\n			&raquo; <a href=\"/hmelnickiy/\">Поликарбонат Хмельницкий</a><br />\r\n			&raquo; <a href=\"/ternopil/\">Поликарбонат Тернополь</a></td>\r\n		</tr>\r\n	</tbody>\r\n</table>\r\n\r\n<h1>Обратная связь</h1>\r\n\r\n<p><span class=\"pl-s1\"><span class=\"pl-s\">[form name=feedback]</span></span></p>\r\n',1,11,NULL,NULL,1477427896,1478454124),(16,16,1,16,0,'page','Поликарбонат','materials','<h1>Поликарбонат</h1><span class=\"bl2\" style=\"FONT-WEIGHT: bold\"><span class=\"tx1\">Внимание!</span> Цены на поликарбонат в Киеве снижены! Компания \"Алион Групп\" предлагает поликарбонат POLYSIDE высокого европейского качества по <span class=\"tx2\"><a href=\"/prices/\">самой низкой цене</a> в Украине!</span></span> \r\n<p>\r\n<table style=\"BORDER-COLLAPSE: collapse; WIDTH: 100%\">\r\n<tbody>\r\n<tr>\r\n<td><img style=\"HEIGHT: 30px; WIDTH: 128px\" alt=\"Поликарбонат Polyside Израиль\" src=\"/ufiles/Image/Polyside1.jpg\" border=\"0\" height=\"43\" width=\"203\"></td>\r\n<td><img alt=\"Поликарбонат Polygal Израиль\" src=\"/ufiles/Image/polygal_opt.jpg\" border=\"0\" height=\"30\" width=\"104\"></td>\r\n<td><img alt=\"Поликарбонат Plastilux Россия\" src=\"/ufiles/Image/Plastilux.jpg\" border=\"0\" height=\"30\" width=\"110\"></td>\r\n<td><img style=\"HEIGHT: 38px; WIDTH: 106px\" alt=\"\" src=\"/ufiles/Image/alexdorf1.gif\" border=\"0\" height=\"30\" width=\"106\"></td>\r\n<td><img style=\"HEIGHT: 24px; WIDTH: 96px\" alt=\"Поликарбонат Polynex Китай\" src=\"/ufiles/Image/Polynex.jpg\" border=\"0\" height=\"30\" width=\"119\"></td></tr></tbody></table></p>\r\n<p><span style=\"FONT-SIZE: 9pt; FONT-FAMILY: \'Arial Black\',\'sans-serif\'; COLOR: red; mso-fareast-font-family: \'Times New Roman\'; mso-bidi-font-family: \'Times New Roman\'; mso-ansi-language: RU; mso-fareast-language: RU; mso-bidi-language: AR-SA\">Если Вы найдете дешевле, позвоните, мы предоставим Вам лучшую цену! (044) 223-36-07</span></p>\r\n<p align=\"justify\">Компания «АЛИОН ГРУПП» реализует универсальный строительный листовой пластик – надежный и прочный поликарбонат различных видов от лучших мировых производителей: ТМ <span style=\"FONT-STYLE: italic\">«Polygal»</span> (Полигаль, Израиль), <span style=\"FONT-STYLE: italic\">«Alexdorf»</span> (Алексдорф, Китай), <span style=\"FONT-STYLE: italic\">«Plastilux»</span> (Пластилюкс, Россия) и другие. В нашем ассортименте представлен широкий выбор материалов из поликарбоната по доступным ценам в Киеве и по всей Украине. Качественная продажа поликарбоната для приусадебных участков и других объектов различных масштабов и квадратуры.</p>\r\n<p align=\"justify\">Компания импортирует и продает строительные пластиковые материалы ведущих производителей мира и специализируется на оптово-розничной продаже кровельных материалов. Мы поможем Вам определиться с выбором поликарбоната, пластиковых материалов под наиболее подходящие Вашим требованиям пожелания. Чтобы купить поликарбонат оптом Вам достаточно позвонить нам по телефонам, представленным в контактах.<br></p>\r\n<h2 align=\"justify\">Виды поликарбоната и что мы предлагаем?<br><br></h2>\r\n<p><a href=\"/materials/monolit/\" target=\"_self\"><img class=\"imgBorderLeft\" alt=\"Монолитный поликарбонат\" src=\"/ufiles/Image/monolitnyi1.jpg\" align=\"left\" border=\"0\"></a><span style=\"FONT-WEIGHT: bold\">Монолитный поликарбонат</span></p>\r\n<p align=\"justify\">Материал, обладающий высочайшей прочностью, гибкостью, прозрачностью и низкой горючестью. Он широко применяется в архитектуре, строительстве и промышленности. Поликарбонатные плиты&nbsp; имеют защитный слой, предохраняющий их от воздействия солнечной радиации. Листы данного вида поликарбоната имеют малый вес (вдвое легче стекла аналогичной толщины), хорошую прозрачность, стойкость к воздействиям окружающей среды, а также большинства химических веществ и соединений. <a title=\"монолитный поликарбонат\" href=\"/materials/monolit/\" target=\"_self\">Подробнее </a></p>\r\n<p><br><a href=\"/materials/sotoviy/\" target=\"_self\"><img class=\"imgBorderLeft\" alt=\"Сотовый поликарбонат\" src=\"/ufiles/Image/sot2.jpg\" align=\"left\" border=\"0\"></a><span style=\"FONT-WEIGHT: bold\">Сотовый поликарбонат</span></p>\r\n<p align=\"justify\">Поликарбонатные листы производят методом экструзии из высококачественного поликарбонатного сырья ведущих производителей в соответствии с европейскими стандартами качества ISO. Они устойчивы к УФ-излучению, обладают хорошими теплоизоляционными свойствами, высоким светопропусканием и ударопрочностью, а также исключительными термоизолирующими свойствами. Панели из такого поликарбоната применяются в строительстве и архитектуре, когда требуется высокая степень термоизоляции, а также максимальная прочность и устойчивость к высоким нагрузкам.&nbsp; <a title=\"Сотовый поликарбонат\" href=\"/materials/sotoviy/\" target=\"_self\">Подробнее</a> </p>\r\n<p><a href=\"/materials/ribbed/\" target=\"_self\"><img class=\"imgBorderLeft\" alt=\"Рифлёный и&nbsp;волнистый поликарбонат\" src=\"/ufiles/Image/poly2.jpg\" align=\"left\" border=\"0\"></a><span style=\"FONT-WEIGHT: bold\">Рифленый и&nbsp;волнистый поликарбонат</span></p>\r\n<p align=\"justify\">Обладая высокой ударопрочностью и 98% защитой от вредных УФ лучей наряду с особой структурой, листы таких популярных видов поликарбоната могут использоваться для остекления крыш любых объектов. Их выносливость и устойчивость к плохим погодным условиям впечатляет: при проведении имитационного испытания даже градины диаметром 20 мм, которые били по материалу со скоростью 21 м/с, не смогли разбить лист. <a title=\"Рифлёный и волнистый поликарбонат\" href=\"/materials/ribbed/\" target=\"_blank\">Подробнее</a></p><br>\r\n<p><a href=\"/materials/prifile/\" target=\"_self\"><img class=\"imgBorderLeft\" alt=\"Профилированный поликарбонат\" src=\"/ufiles/Image/polygal_profiles3.jpg\" align=\"left\" border=\"0\"></a> <span style=\"FONT-WEIGHT: bold\">Соединительные поликарбонатные профили</span></p>\r\n<p align=\"justify\">С покрытием анти-конденсат наиболее эффективен для применения в теплицах. Он отличается от других материалов тем, что при появлении конденсата на внутренней стороне листа конденсатные капли, благодаря специальному слою, равномерно распределяются по поверхности, образуя прозрачную пленку. Эта конденсатная пленка повышает освещенность в теплице на 2%, т.е. светопропускание при образовании конденсата составляет 92%. Для теплиц применяется 2 типа профиля: \"омега\" и \"грека\". Профиль \"омега\" имеет ряд существенных преимуществ для применения в теплицах, так как его форма помогает повысить освещенность в теплице в утренние и вечерние часы за счет эффективного отражения и преломления световых волн определенной длины. <a title=\"Профилированый поликарбонат\" href=\"/materials/prifile/\" target=\"_self\">Подробнее</a></p>\r\n<h2><br>Нужно купить поликарбонат в Киеве и по Украине? Продажа поликарбоната от мировых производителей по лучшим ценам – оптом и в розницу</h2>\r\n<p align=\"justify\">Преимущества поликарбоната очевидны. Этот полимер прочный, надежный, а при правильной эксплуатации – долговечен. Применение поликарбоната достигло своего резонанса в различных областях. Его используют как частные лица, заказывая конструкцию (навес) для своего автомобиля, бассейна и многого другого, так и крупные производственные компании, использующие поликарбонат для теплиц или в рекламных целях. </p>\r\n<p align=\"justify\">Заказчик, принявший решение купить поликарбонат в Киеве или другом любом городе Украины может не сомневаться в качестве продукции, так как мы осуществляем поставки исключительно от импортных производителей, которые успешно себя зарекомендовали среди профессионального сообщества. Отметим, что продажа поликарбоната всех видов в Украине – наше ключевое направление, в котором мы долгое время специализируемся. Нужно заказать поликарбонат оптом или в розницу? Не проблема. Звоните нам и мы постараемся максимально быстро и выгодно для Вас подобрать наилучший вариант применения поликарбоната для Ваших целей и задач.</p>\r\n<h2>Поликарбонат цены подойдут всем – от частного лица до крупной организации</h2>\r\n<p align=\"justify\">Мы уже долгое время работаем на украинском рынке. Поэтому, наша цена поликарбоната ни в коем случае не ударит по Вашему карману. Вы, непременно, уже видели вначале сайта, что мы предлагаем обратить к нам, если Вы найдете цену, которая ниже, чем у нас. Это позволяет нам оставаться выгодным, а главное – надежным партнером для всех наших Заказчиков.</p>\r\n<p><span style=\"FONT-WEIGHT: bold\">Как правильно выбрать поликарбонат и на что необходимо обратить внимание?</span></p>\r\n<p align=\"justify\">На наш взгляд, первое, на что необходимо обратить внимание – это опыт и технологическая оснастка производителя. Вот почему, наша задача состоит в том, чтобы импортировать поликарбонат исключительно из зарубежных стран, что позволяет предоставить Вам наилучший выбор. Производителей много, но уровень производства у всех разный, не смотря на то, что технологий производства практически идентичная у всех представителей данного сегмента. </p>\r\n<p><span style=\"FONT-STYLE: italic\">Покупая поликарбонат у нас, Вы получаете проверенное временем качество и гарантию на 10 лет на всю продукцию!</span></p>',1,13,NULL,NULL,1477427898,1477427898),(17,17,1,4,0,'page','Услуги','services','<h1>Услуги</h1><P><SPAN style=\"COLOR: #000000\"><SPAN class=tx1>Мы предлагаем:&nbsp;</SPAN>листовой поликарбонат (сотовый, монолитный, волнистый, прозрачный, цветной) любых&nbsp;торговых марок. </SPAN>Также компания производит и продает <A title=\"Теплицы из поликарбоната\" href=\"/constructions/hothouses/\" target=_self>дачные теплицы</A>(сборные конструкции) для садоводства и тепличного хозяйства - <A title=\"Продажа теплиц, купить теплицу\" href=\"/services/sale-hothouses/\" target=_self>продажа теплиц</A>.</P>\r\n<P><SPAN style=\"COLOR: #000000\"><SPAN style=\"FONT-WEIGHT: bold\"><SPAN style=\"FONT-WEIGHT: bold\" class=tx1>Также предлагаем: </SPAN><BR></SPAN>- комплектующие и системы креплений для поликарбоната<BR>- теплицы из оцинкованного профиля (сборные конструкции для дачи, сада и огорода)<BR>- навесы и козырьки (из металлоконструкций и поликарбоната)<BR>- павильоны, навесные и раздвижные системы для бассейнов<BR>- строительство светопрозрачных конструкций:&nbsp; зимние сады, оранжереи, <A title=\"Строительство промышленных теплиц\" href=\"/constructions/industrial-hothouses/\" target=_self>промышленные и фермерские теплицы под ключ</A>.</SPAN></P>\r\n<P><SPAN style=\"COLOR: #000000\"><SPAN style=\"FONT-WEIGHT: bold\" class=tx1>Мы предлагаем:<BR></SPAN>1. Оптово-розничная <A title=\"Поликарбонат продажа, купить поликарбонат\" href=\"/sale-polycarbonate/\" target=_self>продажа листового поликарбоната</A>. <BR>2. Поставка материалов нестандартных размеров и цветов.<BR>3. Профессиональные консультации и рассчеты.<BR>4. Порезка материала по размерам заказчика.<BR>5. Высококачественное обслуживание клиентов (до и послепродажное сопровождение). <BR>6. Производство, изготовление, монтаж и установка металлоконструкций.<BR>7. Уникальная бонусная программа для дилеров.<BR>8. Доставка по Киеву и Украине.<BR>9. Гарантия 10 лет, сервис.<BR><BR><SPAN style=\"FONT-WEIGHT: bold\">Ищем дилеров и надеемся на дальнейшее сотрудничество!</SPAN></SPAN></P>\r\n<P>Наша компания&nbsp;изготовит любые <A title=\"Светопрозрачные конструкции \" href=\"/\" target=_self>светопрозрачные конструкции</A> и осуществит&nbsp;их монтаж. Наши специалисты подберут, спроектируют Вам навес или козырек, максимально соответствующие Вашим целям с учётом всех потребностей и пожеланий. Кроме того, наша компания в кратчайшие сроки осуществит поставку и монтаж парника, теплицы из поликарбоната или оранжереи, которые будут полностью соответствовать Вашим требованиям. <BR><SPAN style=\"FONT-WEIGHT: bold\">Остались вопросы? Звоните: 8(044) 223-36-07</SPAN></P>\r\n<P><SPAN style=\"FONT-WEIGHT: bold\">Доставка, монтаж, сервис, гарантия 10 лет.</SPAN></P>',1,12,NULL,NULL,1477427897,1477427897),(19,19,1,2,0,'page','Теплицы и парники','hothouses','\n[widget id=70]\n<h1>Теплицы, парники из поликарбоната</h1><p align=\"justify\"><img class=\"imgBorderLeft\" border=\"0\" alt=\"\" align=\"left\" src=\"/ufiles/Image/hothous1.jpg\"><span style=\"text-align: start;\">Компания&nbsp;</span><span style=\"text-align: start; font-weight: bold;\">Вишнёвый Сад</span><span style=\"text-align: start;\">&nbsp;производит &nbsp;различные виды арочных теплиц и парников. В производстве используются только проверенные временем&nbsp;</span><span style=\"text-align: start; font-weight: bold;\">качественные материалы</span><span style=\"text-align: start;\">, а именно цельнометаллическую квадратную трубу,&nbsp;профильную трубу различных размеров с горячим заводским оцинкованием, что обеспечивает защиту от коррозии материала до рекордных 50 лет. Выбор материала для накрытия теплиц и парников предлагается от не дорогих тепличных&nbsp;пленок, до высокопрочного сотового поликарбоната с гарантией до 14 лет.</span></p><h1>&nbsp;&nbsp;<img src=\"http://polikarbonatvs.com.ua/ufiles/Image/icon12.png\" alt=\"\" align=\"\" border=\"0px\" style=\"color: rgb(0, 0, 0); font-size: 12px; line-height: 18px;\">&nbsp; &nbsp;<span style=\"font-weight: bold;\"><a href=\"http://polikarbonatvs.com.ua/contacts/\">Производство</a> &nbsp; &nbsp; &nbsp;</span><img src=\"http://polikarbonatvs.com.ua/ufiles/Image/icon12.png\" alt=\"\" align=\"\" border=\"0px\" style=\"color: rgb(0, 0, 0); font-size: 12px; line-height: 18px;\">&nbsp; &nbsp;<span style=\"font-weight: bold;\"><a href=\"http://polikarbonatvs.com.ua/contacts/\">Доставка</a></span></h1><h1>&nbsp;&nbsp;<img src=\"http://polikarbonatvs.com.ua/ufiles/Image/icon12.png\" alt=\"\" align=\"\" border=\"0px\" style=\"color: rgb(0, 0, 0); font-size: 12px; line-height: 18px;\">&nbsp; &nbsp;<span style=\"font-weight: bold;\"><a href=\"http://polikarbonatvs.com.ua/contacts/\">Продажа</a> &nbsp; </span><span class=\"Apple-tab-span\" style=\"white-space:pre\">	</span>&nbsp; &nbsp; &nbsp; &nbsp;&nbsp;<img src=\"http://polikarbonatvs.com.ua/ufiles/Image/icon12.png\" alt=\"\" align=\"\" border=\"0px\" style=\"color: rgb(0, 0, 0); font-size: 12px; line-height: 18px;\">&nbsp; &nbsp;<span style=\"font-weight: bold;\"><a href=\"http://polikarbonatvs.com.ua/contacts/\">Установка</a></span></h1><div><p class=\"MsoNormal\" style=\"text-align: center;\"><span style=\"color: rgb(79, 98, 40); font-size: 19px; font-weight: bold; line-height: 21.466665267944336px;\">Горячие оцинкование - наилучший выбор</span></p></div><div><p class=\"MsoNormal\"><span class=\"Apple-tab-span\" style=\"white-space:pre\">	</span>Для наших теплиц мы используем квадратную трубу с заводским горячим оцинкованием, ее преимущество в том, что изделие окунают в ванну с расплавленным цинком температура которого не менее 460*с . Это позволяет обработать трубу не только снаружи, но и внутри, продлевая <span style=\"font-weight: bold;\">срок службы не менее чем на 50 лет</span>. Запомните, заводское оцинкование, на сегодняшний день, наиболее надежное&nbsp;&nbsp;в условиях влажной среды,&nbsp;&nbsp;в отличии, от крашеных каркасов, которые в течении первых трех лет начинают разрушаться изнутри так как неустойчивы к агрессивной влажной среде и удобрениям, которые используют в тепличном хозяйстве</p><p class=\"MsoNormal\" style=\"text-align: left;\"><span style=\"color: rgb(79, 98, 40); font-size: 19px; font-weight: bold; line-height: 21.466665267944336px; text-align: center;\"><span class=\"Apple-tab-span\" style=\"white-space:pre\">		</span><span class=\"Apple-tab-span\" style=\"white-space:pre\">	</span>Теплица Премиум \"Славянка\"</span></p><p class=\"MsoNormal\"><span class=\"Apple-tab-span\" style=\"white-space:pre\">	</span>&nbsp;Для этой теплицы используется накрытие поликарбонатом\r\nкак Российского, так и Израильского производства с <span style=\"font-weight: bold;\">гарантией не менее 10 лет</span>.\r\nПоликарбонат идеально подходит для такого вида конструкций, так как имеет\r\nвоздушную прослойку, что позволяет тем самым сохранять тепло и\r\nаккумулируя ее внутри изделия. Различная толщина покрытия(4,6,8,10мм) даёт возможность полностью адаптировать Вашу теплицу под тот вид тепличного хозяйства, которым Вы решили заняться.&nbsp;</p><p class=\"MsoNormal\"><span style=\"color: rgb(79, 98, 40); font-size: 19px; font-weight: bold; line-height: 21.466665267944336px; text-align: center;\"><span class=\"Apple-tab-span\" style=\"white-space:pre\">			</span>Теплица Эконом \"Славянка\"</span></p><p class=\"MsoNormal\"><span class=\"Apple-tab-span\" style=\"white-space:pre\">	</span>Конструкция и\r\nкомплектация&nbsp; теплицы эконом идентичная\r\nтеплице Премиум. Отличия между материалом премиум и эконом, в его сроке службы.\r\nВ зависимости от погодных условий и места установки накрытие прослужит около\r\n5 лет. Этот вариант теплицы идеально подходит для тех, кто в первые,\r\nсталкивается с тепличным хозяйством.<o:p></o:p></p><p class=\"MsoNormal\"><span style=\"color: rgb(79, 98, 40); font-size: 19px; font-weight: bold; line-height: 21.466665267944336px; text-align: center;\"><span class=\"Apple-tab-span\" style=\"white-space:pre\">			</span>Теплица под плёнку \"Славянка\"</span></p></div><div><span class=\"Apple-tab-span\" style=\"white-space:pre\">	</span>Этот вид теплиц создан для тех, у кого нет возможности заказать поликарбонатное накрытие, но при этом, теплица нужна уже сегодня. Плёночного накрытия хватит на несколько сезонов. В будущем, Вы сможете заказать накрытие класса премиум или эконом по <span style=\"font-weight: bold;\">индивидуальной цене</span>, которая Вас приятно удивит.</div><div><br></div><div>С размерами, вариантами и стоимостью теплиц Вы можете ознакомиться <span style=\"font-weight: bold;\"><a href=\"http://polikarbonatvs.com.ua/prices/\">тут</a></span></div><div><br></div>\r\n<p align=\"justify\"><span style=\"FONT-WEIGHT: bold\">Нужно купить теплицу в Киеве или любом другом городе Украины? Звоните сейчас! Вас ждут лучшие&nbsp;цены! (050) 338-28-38.<br><br><span style=\"FONT-WEIGHT: normal; FONT-STYLE: italic\">Стоит отметить, что п</span></span><span style=\"FONT-STYLE: italic\">родажа теплиц и монтаж осуществляются в короткие сроки квалифицированными специалистами имеющих большой опыт в </span><span style=\"FONT-STYLE: italic\"><span style=\"FONT-WEIGHT: normal; FONT-STYLE: italic\"><span style=\"FONT-WEIGHT: normal; FONT-STYLE: italic\">изготовлении и строительстве теплиц и парников</span>.<br><br></span>Также Вы можете собрать теплицу своими руками. Мы готовы помочь Вам в этом!</span></p><h1>скачать инструкцию</h1><H2>Теплица из сотового поликарбоната обладает значительными преимуществами перед парниками из стекла: </H2>\r\n<OL>\r\n<LI>Светопропускание двухслойной панели - 80%. Причем преобладающая часть световых лучей проходит в рассеянном виде.Свет, пропускаемый стеклом или однослойными листами других материалов, не рассеивается. Солнечные лучи, падающие на лист, практически не меняют своего направления по отношению к его плоскости. Отклонение лучей и изменение их направления ничтожно малы. В результате солнечные лучи попадают только на верхнюю часть растений, тогда как нижняя часть остается в тени. Полная освещенность растений очень важна, поскольку ее отсутствие приводит к заболеваниям растений и к их увяданию. У панелей ячеистой конструкции (верхний слой, нижний слой и ребра между ними) рассеивание света значительно выше. Солнечные лучи \"оседают\" на верхнем и нижнем листах и на ребрах и \"выходят\" из панели в разных направлениях. Лучи, проходящие через панель под разными углами, попадают на стены и другие поверхности, отражаются от них и доходят до всех частей растений. \r\n<LI>\"Жесткие\" ультрафиолетовые лучи (диапазон менее 390 нм), которые являются наиболее разрушительными для растений, практически не проходят через панель. Пропускание лучей, благоприятных для растений - оптимально. Пропускание лучей, расположенных в крайней части инфракрасной зоны спектра (\"горячие лучи\" более 5000 нм), минимально, вследствие чего тепло, излучаемое внутренними объектами, такими как земля, оборудование и сами растения, остается внутри теплицы (\"эффект теплицы\"). \r\n<LI>Теплоизоляция сотовых панелей почти в 3 раза лучше, чем у стекла. Например, теплопроводность панели сотового поликарбоната толщиной 8мм сравнима с теплопроводностью окна с двойным остеклением, а толщиной 16мм - с тройным. \r\n<LI>Поликарбонатные панели пригодны к применению в диапазоне температур от -40 до +100 градусов. Данный диапазон температур поликарбонатные панели способны выдерживать в течение длительного времени. При кратковременном воздействии поликарбонат может выдержать и более низкие температуры. \r\n<LI>Поликарбонат отличает высокая ударопрочность и поэтому теплице не страшны ни град, ни брошенный камень. </LI></OL>\r\n<OL></OL>\r\n<OL></OL>\r\n<H2>Теплицы из поликарбоната в Украине, прибыль и выгода дачных теплиц </H2>\r\n<P><SPAN style=\"FONT-WEIGHT: bold\">Теплица из поликарбоната</SPAN> является наилучшим выбором и наиболее оптимальна по соотношению «полученный результат/вложенные средства». Существует такие сорта помидор, которые плодоносят в течении года.&nbsp;Урожайность от 40-60 кг&nbsp;с одного куста в месяц.&nbsp;(Шесть кустов&nbsp;размещаем&nbsp;в 6-метровой теплице. Теперь 40 кг умножаем на 6 кустов и&nbsp;получаем 240кг в мес. Теперь 240кг х 12 мес. получаем: 2880 кг, умножаем на 3 грн. получаем: 8640 грн. в год.)&nbsp; Все зависит от культуры выращивания и сорта. Всем известно, сколько сегодня оцениваются овощи: огурцы, помидоры, редиска петрушка, лук, базилик, капуста, щавель, клубника и т.д. Что уже говорить о экзотических&nbsp; культурах. Итого: теплица&nbsp;3х6&nbsp;дает возможность обеспечить себя&nbsp;и получать&nbsp;хорошую прибыль. Все зависит от того, по каким ценам вы собираетесь продавать.&nbsp; Можно не ограничиваться одной теплицей и&nbsp;поставить на своем участке несколько теплиц и&nbsp;таким образом увеличить&nbsp;прибыль от своих дачных теплиц. Для тех, кто хочет заниматься более серьезным тепличным бизнесом, предлагаем заказать у нас <SPAN style=\"FONT-WEIGHT: bold\"><A title=\"Строительство промышленных теплиц\" href=\"/constructions/industrial-hothouses/\" target=_self>строительство промышленной теплицы</A></SPAN>,</P>\r\n<H4>Правила эксплуатации </H4>\r\n<P>Не разводите вблизи теплицы открытый огонь, хотя воспламенение этих листов значительно ниже, чем листов из стекловолокна или оргстекла. Отличительным свойством листов Polygal является их способность к замедленному возгоранию и отсутствие эмиссии ядовитых газов.Мыть листы поликарбоната можно водой или мягкими моющими растворами. Не забывайте, что наружная поверхность панели покрыта слоем, защищающим от ультрафиолетового излучения. Этот слой поглощает ультрафиолетовую часть солнечного спектра и обеспечивает постоянство механических и оптических свойств в течение многих лет. Поэтому не используйте абразивные и чистящие средства. </P>\r\n<ADDRESS><SPAN style=\"FONT-STYLE: normal\">В теплицах и парниках из поликарбоната постоянно поддерживается микроклимат, благоприятный для роста растений и увеличения урожая. Кроме того, теплицы из поликарбоната выдерживают все снеговые и ветровые нагрузки. Арочный парник&nbsp;и имеет очень эстетичный внешний вид.&nbsp;</SPAN>&nbsp;</ADDRESS>\r\n<ADDRESS>&nbsp;</ADDRESS>\r\n<ADDRESS><SPAN style=\"FONT-WEIGHT: bold\">Мы доставим теплицу, парник&nbsp;в любую точку Украины.&nbsp; Цена на теплицы&nbsp;у Нас в Киеве низкая.&nbsp;Купить&nbsp;теплицу можно любых размеров: 3х4, 3х6, 3х8,&nbsp;4х6, 4х8, 4х10, 20, 30 и т.д. с добавлением секций в длину.&nbsp;Также можно заказать нестандартные теплицы под </SPAN><A title=\"Заказать теплицу\" href=\"/contacts/\" target=_self><SPAN style=\"FONT-WEIGHT: bold\">заказ</SPAN></A><SPAN style=\"FONT-WEIGHT: bold\">.</SPAN></ADDRESS>\r\n<ADDRESS><BR><SPAN style=\"FONT-STYLE: normal\">• </SPAN><A title=\"Продажа теплиц и краткое описание\" href=\"http://polikarbonatvs.com.ua/services/sale-hothouses/\" target=_blank><SPAN style=\"FONT-STYLE: normal\">продажа теплиц</SPAN></A><SPAN style=\"FONT-STYLE: normal\">&nbsp;</SPAN><SPAN style=\"FONT-STYLE: normal\">&nbsp; • </SPAN><A title=\"Все о теплицах - статьи\" href=\"http://polikarbonatvs.com.ua/articles/article5.htm\" target=_blank><SPAN style=\"FONT-STYLE: normal\">статьи о теплицах</SPAN></A><SPAN style=\"FONT-STYLE: normal\">&nbsp; •&nbsp; <A href=\"http://polikarbonatvs.com.ua/ufiles/Image/Instrukciya.doc\">скачать инструкцию по монтажу теплицы</A>&nbsp;(2.05 Мб)&nbsp;</SPAN></ADDRESS>\r\n<P><SPAN class=bg1>Доставка, монтаж, сервис, гарантия 10 лет.</SPAN></P><h1>Какие преимущества и достоинства у наших теплиц?</h1><H2>Какие преимущества и достоинства у наших теплиц?</H2>\r\n<P align=justify>Собственное&nbsp;изготовление теплиц дает нам возможность создавать продукт, который мы купили бы сами. Надежность и долговечность конструкции, использование новейших достижений в области покрытий из сотового поликарбоната, создание экономически выгодного продукта. Наш качественный подход к обслуживанию каждого нашего клиента. Все эти факторы дают нам возможность пообещать, что покупка теплиц из поликарбоната,&nbsp;на сайте: &nbsp;<SPAN style=\"FONT-STYLE: italic\">\"Вишневый Сад\"</SPAN> - это надежное, долговечное и правильное решение.<BR><BR>Наш сайт \"Вишневый Сад\" предлагает Вам <SPAN style=\"FONT-WEIGHT: bold\">купить любые теплицы из поликарбоната</SPAN>, а также мы поможем осуществить монтаж любой приобретенной Вами теплицы. Теплицы из поликарбоната, которые предлагает купить Вам компания \"Алион Групп\" полностью удовлетворит Ваши требования к цене, качеству и внешнему виду изделия. <BR><BR>В последний год не только в Киеве но и Украине стало популярным здоровое питание, люди уже не хотят есть фастфуды, генно-модифицированные овощи и фрукты, и прочие продукты содержащие различные химические вкусовые добавки. Именно поэтому многие задумались о необходимости завести свой маленький участок, на котором можно выращивать домашние овощи и фрукты, и самим контролировать качество продуктов. Поэтому все чаще и чаще люди стали приобретать теплицы из поликарбоната, которые даже в зимнее время позволяют иметь свежие овощи и фрукты на своем столе.<BR><BR>Также <SPAN style=\"FONT-WEIGHT: bold\">теплицы из поликарбоната</SPAN> идеально подходят для выращивания рассады различных овощных и цветочных культур.<BR><BR>Поликарбонатные теплицы&nbsp;обладают значительными преимуществами перед теплицами из стекла, и тем более перед теплицами из недолговечного полиэтилена: <BR>Во-первых, теплицы из поликарбоната пропускают 80% солнечных лучей, при этом большая часть из них падает рассеянным светом. Лучи, пропускаемые через стекло или полиэтилен не рассеиваются.<BR><BR>Во-вторых - теплоизоляция у теплиц из поликарбоната в три раза лучше, чем у теплиц из стекла. Теплицы из поликарбоната \"работают\" в широком диапазоне температур: от -40 до +100 градусов! Указанные температуры теплицы выдерживают очень долгое время, а при кратковременном воздействии, поликарбонат может выдержать и более низкие температуры.<BR>В-третьих - ударопрочность теплиц из поликарбоната значительно выше. Такие теплицы легко выдерживают удары града, и даже выдержат удар от брошенного камня.<BR>Теплицы из поликарбоната можно использовать не только для домашних нужд, а также для ведения собственного бизнеса. Если Вы хотите выращивать и продавать рассаду, овощи, фрукты, цветы - Вам не обойтись без таких теплиц. Естественно, чем больше теплиц Вы сможете обработать, тем больший оборот получите. </P>\r\n<H2>Какие цены на теплицы мы предлагаем?</H2>\r\n<P>&nbsp;<SPAN style=\"FONT-WEIGHT: bold\">Цены на теплицы из поликарбоната</SPAN> у нас низкие, скачайте <A title=\"Цены на теплицы, прайсы\" href=\"/prices\" target=_parent>прайс</A> смотрите и сравнивайте сами. Звоните нашим специалистам, мы поможем подобрать Вам нужные размеры и форму теплиц, установим теплицу, и даже, сможем изготовить для нее фундамент. Теплицы из поликарбоната - это высокое качество и низкая цена - что может быть лучше и выгоднее? Звоните, и заказывайте! (044) 22-333-80</P>\n[widget id=168]\n',1,14,NULL,NULL,1477427898,1477427898),(20,20,1,2,0,'page','Главная','main0','',1,15,NULL,NULL,1477427899,1477427899),(21,16,2,3,1,'page','Монолитный поликарбонат','monolit','<h1>Монолитный поликарбонат</h1><P><SPAN style=\"FONT-WEIGHT: bold\" class=bl2><SPAN class=tx1>Внимание!</SPAN> Цены на монолитный поликарбонат снижены! Компания \"Алион Групп\" предлагает поликарбонат (монолитный)&nbsp;высокого европейского качества по <SPAN class=tx2><A href=\"/prices/\">самой низкой цене</A> в Украине!</SPAN></SPAN> \r\n<P><IMG class=imgBorder alt=\"\" align=left src=\"/ufiles/Image/monolitnyi.jpg\">Поликарбонат&nbsp;монолитный — материал, обладающий высочайшей прочностью, гибкостью, прозрачностью и низкой горючестью. Он широко применяется в архитектуре, строительстве и промышленности. Поликарбонатные плиты имеют защитный слой, предохраняющий их от воздействия солнечной радиации. Листы монолитного поликарбоната имеют малый вес (вдвое легче стекла аналогичной толщины), хорошую прозрачность, стойкость к воздействиям окружающей среды, а также большинству химических веществ и соединений. </P>\r\n<ADDRESS>Поликарбонатные листы (прочный пластик) прозрачны как стекло, но в 250 раз прочнее и на 50% легче. Монолитные листы являются идеальным материалом для конструкций, где возможены большие ударные воздействия. Монолитный поликарбонат тм\"&nbsp;Dhaze\"&nbsp; (Даз) не пробивает даже пистолетная пуля. Пуленепробиваемый пластик, сверхпрочный пластик, его еще называют \"Оргстекло\".</ADDRESS>\r\n<P>Для конструкторов и подрядчиков они дают решение практически любой задачи, связанной с облицовкой или остеклением. Кроме того, акустические и теплоизоляционные свойства листов, их малый вес и гибкость позволяют снизить расходы на проектно-конструкторские и строительные работы. </P>\r\n<P>Листы выдерживают температуры, при которых многие другие пластики либо плавятся, либо легко разрушаются. Листы сохраняют свои оптические и механические свойства в самых неблагоприятных внешних условиях. </P>\r\n<P>Поликарбонатные литые плиты (поликарбонат монолит)&nbsp;характеризуются очень высокой ударной прочностью, атмосферостойкостью, долговечностью, огнестойкостью. Листы эксплуатируются в широком температурном интервале - 100°С +130°С. При этом все свойства материала остаются неизменными в течении многих лет эксплуатации. </P>\r\n<P>Поликарбонатные листы (литой поликарбонат) - экологически безопасны относятся к классу самозатухающих материалов, т.е. обладают высокой пожаростойкостью и не выделяют газов при горении. </P>\r\n<H2><SPAN style=\"FONT-WEIGHT: normal\">Основные виды монолитного поликарбоната: </SPAN></H2>\r\n<UL>\r\n<LI>пластиковые листы поликарбоната стандартные; \r\n<LI>поликарбонатные&nbsp;листы с солнцезащитным (защитой от УФ-лучей) покрытием; \r\n<LI>листы с тиснением и различной тонировкой. </LI></UL>\r\n<H2><SPAN style=\"FONT-WEIGHT: normal\">Преимущества монолитного поликарбоната: </SPAN></H2>\r\n<UL>\r\n<LI>высокая прочность (в 250 раз прочнее стекла); \r\n<LI>малый вес: в 10 раз легче стекла; высокая степень прозрачности - 88%; \r\n<LI>стойкость к воздействиям окружающей среды, высокая химическая стойкость; \r\n<LI>легкая обработка, гибкость и пластичность, легкость очистки. </LI></UL>\r\n<H2><SPAN style=\"FONT-WEIGHT: normal\">Сферы применения монолитного поликарбоната: </SPAN></H2>\r\n<UL>\r\n<LI>для изготовления ударопрочных защитных остеклений и ограждений защитных экранов для станков, защитных очков и касок, изготовление прозрачных защитных щитов и ограждений для служб охраны и правопорядка, банкоматов, банковских стоек; \r\n<LI>изготовлении автобусных остановок и телефонных будок, полукруглые своды навесы для платформ; навесы для укрытий или открытых пространств; остекление катеров, поездов, автобусов и самолетов, создание прозрачного пола и ступеней, транспортные средства, противошумные барьеры.</LI></UL>',1,16,NULL,NULL,1477427899,1477427899),(22,16,4,5,1,'page','Сотовый поликарбонат','sotoviy','<h1>Сотовый поликарбонат</h1><SPAN class=bl2 style=\"FONT-WEIGHT: bold\">У нас Вы можете&nbsp;купить сотовый поликарбонат в Киеве, по самой низкой цене. Большой выбор поликарбоната с гарантией от производителя, доставка&nbsp;по Киеву и Украине.</SPAN> \r\n<P align=justify><IMG class=imgBorder alt=\"\" src=\"/ufiles/Image/sot.jpg\" align=left><SPAN style=\"FONT-WEIGHT: bold\"><SPAN style=\"FONT-WEIGHT: normal\"><BR>•&nbsp;крупнейший склад, все бренды поликарбоната;<BR>•&nbsp;прямые цены от производителей всего мира;<BR>•&nbsp;самые быстрые поставки по Киеву и Украине;<BR>•&nbsp;широкая цветовая гамма сотового поликарбоната;<BR>•&nbsp;комплектующие для крепления любого сотового поликарбоната;<BR>•&nbsp;самые лучшие условия для партнеров и дилеров. </SPAN><BR><BR><SPAN style=\"FONT-STYLE: italic\"><A title=Цены href=\"http://polikarbonatvs.com.ua/prices/\" target=_self>Цены на поликарбонат</A></SPAN></SPAN></P>\r\n<H2>Поликарбонат сотовый - описание и характеристики </H2>\r\n<P align=justify>Поликарбонатные листы (поликарбонат сотовый) производят методом экструзии из высококачественного поликарбонатного сырья ведущих производителей, в соответствии с европейскими стандартами качества ISO. Они стойки к УФ-излучению, обладают хорошими теплоизоляционными свойствами, высоким светопропусканием и ударопрочностью, а также исключительными термоизолирующими свойствами. Поликарбонатные панели применяются в строительстве и архитектуре, когда требуется высокая степень термоизоляции, а также максимальная прочность и устойчивость к высоким нагрузкам.</P>\r\n<H2><SPAN style=\"FONT-WEIGHT: normal\">Область и применение сотового поликарбоната в строительстве</SPAN></H2>\r\n<UL>\r\n<LI>покрытия и остекления бассейнов, соляриев, спортивных залов, пассажей, теплиц; \r\n<LI>навесы для террас, козырьки, навесы для авто; \r\n<LI>навесы для автостоянок и АЗС; \r\n<LI>остекления крыш: промышленных зданий, зимних садов, переходов, пассажей, торговых центров, рынков, теплиц, бассейнов, складов, веранд, производственных помещений; \r\n<LI>стекление развлекательных и спортивных сооружений; \r\n<LI>остановки общественного транспорта, железнодорожные вокзалы и аэропорты. \r\n<LI>наружные рекламные конструкции; \r\n<LI>внутренние стены, балконные и лестничные ограждения.</LI></UL>\r\n<P align=justify>Сотовые листы из сотового поликарбоната предназначены для самого разнообразного применения в конструкциях покрытий и перекрытий в самых тяжелых погодных условиях. Применение&nbsp;данного вида&nbsp;поликарбоната <SPAN style=\"FONT-STYLE: italic\">«POLIGAL»</SPAN> и <SPAN style=\"FONT-STYLE: italic\">«POLYSIDE»</SPAN> предоставляет широкий простор фантазии проектировщика и удовлетворяет всем требованиям к прозрачным и полупрозрачным материалам для остекления зданий. </P>\r\n<H2><SPAN style=\"FONT-WEIGHT: normal\">Свойства сотового поликарбоната</SPAN></H2>\r\n<UL>\r\n<LI>очень высокая прочность панели сотового поликарбоната в 200 раз прочнее стекла и в 8 раз прочнее акриловых панелей; \r\n<LI>хорошая светопроницаемость; \r\n<LI>светопрозрачность двухслойных прозрачных листов достигает 80%; \r\n<LI>низкая теплопроводность, прекрасные теплоизолирующие свойства; \r\n<LI>удобны, прочны, легки в монтаже; \r\n<LI>имеет особое наружное покрытие, которое позволяет существенно уменьшить вредное влияние ультрафиолетового излучения на людей, животных и различные материалы; \r\n<LI>обладает малым весом; \r\n<LI>устойчив к вредному действию солнечного излучения; \r\n<LI>поддаются изгибу без предварительной обработки.</LI></UL>\r\n<H2><SPAN style=\"FONT-WEIGHT: normal\">Чувствительность химических соединений у сотового поликарбоната</SPAN></H2>\r\n<P><SPAN style=\"FONT-WEIGHT: bold\"><SPAN style=\"FONT-WEIGHT: normal\">Поликарбонат сотовый Полигаль</SPAN> </SPAN>чувствителен к воздействию следующих химических соединений: </P>\r\n<UL>\r\n<LI>минеральных кислот различной концентрации, \r\n<LI>органических кислот, \r\n<LI>растворов солей, \r\n<LI>различных жиров, \r\n<LI>аммиака в жидком и газообразном состоянии, \r\n<LI>различных аминокислот, \r\n<LI>растворителей, \r\n<LI>клеев определенных видов и красителей.</LI></UL>\r\n<P align=justify>Степень чувствительности поликарбоната к воздействию химических элементов зависит от таких факторов, как концентрация, температура, продолжительность контакта с поверхностью панели, давления, а также напряжений в панели. </P>\r\n<H2><SPAN style=\"FONT-WEIGHT: normal\">Стойкость сотового поликарбоната к ударным воздействиям</SPAN></H2>\r\n<P align=justify>Сотовый поликарбонат отличаются высокими механическими характеристиками, такими, как твердость и стойкость к ударным воздействиям при длительном содержании на открытом воздухе. Благодаря слою, предохраняющему от ультрафиолетового излучения, механические, оптические и термические свойства панели остаются неизменяемыми в течение всего гарантийного срока и даже дольше.</P>\r\n<H2><BR><SPAN style=\"FONT-WEIGHT: normal\">Разновидности листового сотового поликарбоната и каким он бывает</SPAN></H2>\r\n<P align=center><IMG class=imgBorder alt=\"\" src=\"/ufiles/Image/01.jpg\"><IMG class=imgBorder alt=\"\" src=\"/ufiles/Image/02.jpg\"><IMG class=imgBorder alt=\"\" src=\"/ufiles/Image/03.jpg\"><IMG class=imgBorder alt=\"\" src=\"/ufiles/Image/08.jpg\"><IMG class=imgBorder alt=\"\" src=\"/ufiles/Image/07.jpg\"></P>\r\n<P>Толщины: 4, 6, 8, 10, 16, 20, 25, 32, 40мм. </P>\r\n<P>Структуры: 2-х, 3-х, 4-х, 6-стенные Н-образной структуры и Х-образной структуры.</P>\r\n<P>Цветовая гамма: прозрачные, дымчатые, опаловые, молочные, синие, зеленые и вишневые, в зависимости от выбора торговой марки.&nbsp;&nbsp;Продажа сотового поликарбоната осуществляется от таких брендов, как:<SPAN style=\"FONT-WEIGHT: bold\">&nbsp;<SPAN style=\"FONT-WEIGHT: normal; FONT-STYLE: italic\">POLIGAL, POLYSIDE, MAKROLON, NOVATRO, MARLON, PLASTILUX, POLYNEX, EUROLUX, MAKROLUX, AKTUAL, ALEXDORF, VIZOR, HAIGAO и другие.</SPAN></SPAN></P>\r\n<P><IMG class=imgBorder src=\"/ufiles/Image/zeleniy4.jpg\"><IMG class=imgBorder src=\"/ufiles/Image/seriy7.jpg\"><IMG class=imgBorder src=\"/ufiles/Image/siniy6.jpg\"><IMG class=imgBorder src=\"/ufiles/Image/serebro5.jpg\"><IMG class=imgBorder src=\"/ufiles/Image/prozr2.jpg\"><IMG class=imgBorder src=\"/ufiles/Image/biruza1.jpg\"><IMG class=imgBorder alt=\"\" src=\"/ufiles/Image/bronza3.jpg\"><IMG class=imgBorder alt=\"\" src=\"/ufiles/Image/krasniy9.jpg\"> </P>\r\n<H4>Типы и предназначения поликарбонатных сотовых панелей Polygal (премиум класс)</H4>\r\n<P align=justify><SPAN style=\"FONT-WEIGHT: bold\">\"Cтандарт\"</SPAN> - Пустотная многослойная поликарбонатная панель.Выпускается различных цветов и различной степени прозрачности.Предназначается в основном для перекрытий и остекления.</P>\r\n<P align=justify><SPAN style=\"FONT-WEIGHT: bold\">\"Селектгаль\"</SPAN> - Сложная призматическая структура позволяет этому типу поликарбоната отразить большую часть тепловой инфра-красной солнечной радиации летом, но также позволяет увеличенное проникновение солнечного света зимой.Применяется для окон в крыше, оранжерей, соляриев и веранд, спортивных сооружений, аэропортов, как функциональный и декоративный элемент внутри помещений.</P>\r\n<P align=justify><SPAN style=\"FONT-WEIGHT: bold\">\"Титан\"</SPAN> - Сотовые панели этого типа особенно подходят для условий, в которых требуется устойчивость к большим нагрузкам.Они выдерживают нагрузку в таких местах, где все другие панели теряют прочность.</P>\r\n<P align=justify><SPAN style=\"FONT-WEIGHT: bold\">\"Термогаль\"</SPAN> - Уникальная внутренняя Х – образная структура обеспечивает значительную прочность, жесткость и теплоизоляцию.Производится различных толщин, расцветок и степеней прозрачности. Идеально подходит для покрытий с малым уклоном и для остекления закрытых сооружений с большими пролетами.</P>\r\n<P align=justify><SPAN style=\"FONT-WEIGHT: bold\">\"Прималайт\"</SPAN> - Качественно новый вид сотового поликарбоната, отражающий большую часть тепловой инфра-красной солнечной радиации и одновременно с этим, пропускающая значительную часть видимого света.</P>\r\n<P align=justify><SPAN style=\"FONT-WEIGHT: bold\">\"Полишейд\"</SPAN> - Применяемый в жарком климате, сотовый поликарбонат Полишейд эффективно отражает солнечную энергию и предотвращает излишний нагрев внутри помещения.</P>\r\n<P align=justify><SPAN style=\"FONT-WEIGHT: bold\">\"Поликулайт\" </SPAN>- Создает освещение благоприятствующее развитию растений.Особый пигмент, входящий в состав этого покрытия, пропускает сквозь плиту солнечное излучение в тех диапазонах спектра, которые необходимы для протекания фотосинтеза в листьях растений. </P>\r\n<H4>Технические характеристики сотового поликарбоната (поликарбонатные листы)</H4>\r\n<TABLE class=tableB width=\"100%\">\r\n<TBODY>\r\n<TR>\r\n<TH rowSpan=2>наименование изделия</TH>\r\n<TH rowSpan=2 width=80>тип конструкции</TH>\r\n<TH rowSpan=2 width=44>толщина панели, мм (А)</TH>\r\n<TH rowSpan=2 width=44>рас- стояние между рёбрами жёст- кости, мм (D)</TH>\r\n<TH rowSpan=2 width=44>вес, г/м<SUP>2</SUP></TH>\r\n<TH width=120 colSpan=2>светопроницаемость согласно стандарту ASTM D1003 <BR>( при падении лучей на поверхность под углом 900 )</TH>\r\n<TH rowSpan=2 width=60>мини- маль- ный радиус изгиба для арок , мм</TH>\r\n<TH rowSpan=2 width=60>коэф- фициент «К», согласно стан- дарту ASTM C236 вт/м<SUP>2</SUP> <SUP>0</SUP>С</TH></TR>\r\n<TR>\r\n<TH>прозрач.*</TH>\r\n<TH>цветной*</TH></TR>\r\n<TR>\r\n<TD rowSpan=5>панель POLYGAL</TD>\r\n<TD rowSpan=2><IMG alt=\"\" src=\"/ufiles/Image/im1.gif\" align=middle></TD>\r\n<TD>4</TD>\r\n<TD rowSpan=2>5.7</TD>\r\n<TD>800</TD>\r\n<TD>82</TD>\r\n<TD rowSpan=7>42<BR>или<BR>32</TD>\r\n<TD>700</TD>\r\n<TD>3,9</TD></TR>\r\n<TR>\r\n<TD>6</TD>\r\n<TD>1300</TD>\r\n<TD>80</TD>\r\n<TD>1050</TD>\r\n<TD>3,6</TD></TR>\r\n<TR>\r\n<TD rowSpan=2><IMG alt=\"\" src=\"/ufiles/Image/im2.gif\" align=bottom></TD>\r\n<TD>8</TD>\r\n<TD rowSpan=2>11</TD>\r\n<TD>1500</TD>\r\n<TD>80</TD>\r\n<TD>1400</TD>\r\n<TD>3,4</TD></TR>\r\n<TR>\r\n<TD>10</TD>\r\n<TD>1700</TD>\r\n<TD>79</TD>\r\n<TD>1750</TD>\r\n<TD>3,0**</TD></TR>\r\n<TR>\r\n<TD><IMG alt=\"\" src=\"/ufiles/Image/im3.gif\" align=bottom></TD>\r\n<TD>16</TD>\r\n<TD>20</TD>\r\n<TD>2700</TD>\r\n<TD>70</TD>\r\n<TD>2800</TD>\r\n<TD>2,3**</TD></TR>\r\n<TR>\r\n<TD rowSpan=2>POLYGAL- TITAN</TD>\r\n<TD rowSpan=2><IMG alt=\"\" src=\"/ufiles/Image/im4.gif\" align=bottom></TD>\r\n<TD>10</TD>\r\n<TD rowSpan=2>16</TD>\r\n<TD>1700</TD>\r\n<TD>61</TD>\r\n<TD>1750</TD>\r\n<TD>2,5**</TD></TR>\r\n<TR>\r\n<TD>16</TD>\r\n<TD>2700</TD>\r\n<TD>61</TD>\r\n<TD>2800</TD>\r\n<TD>2,2**</TD></TR>\r\n<TR>\r\n<TD>POLYGAL- TERMOGAL</TD>\r\n<TD><IMG alt=\"\" src=\"/ufiles/Image/im5.gif\" align=bottom></TD>\r\n<TD>25</TD>\r\n<TD>25</TD>\r\n<TD>3500</TD>\r\n<TD>55</TD>\r\n<TD>35</TD>\r\n<TD>4370</TD>\r\n<TD>1,76**</TD></TR></TBODY></TABLE>\r\n<P><SPAN class=bg1 style=\"FONT-STYLE: italic\">Продажа, цены и доставка по всей Украине, монтаж сделаем в Киеве, гарантия 10 лет!</SPAN></P>',1,17,NULL,NULL,1477427899,1477427899),(23,16,6,7,1,'page','Профилированный поликарбонат','prifile','<h1>Профилированный поликарбонат</h1><P align=justify><IMG class=imgBorderLeft alt=\"\" align=left src=\"http://polikarbonatvs.com.ua/ufiles/Image/polygal_profiles2.jpg\">Компания \"Алион Групп\"&nbsp;предлагает&nbsp;качественный профилированный поликарбонат по самой низкой цене в Киеве, а также по Украине&nbsp;оптом и розницу:<BR><BR>&nbsp;торцевой профиль, поликарбонатные шайбы (термошайбы), вентилируемые ленты для поликарбонатных листов. В нашем ассортименте представлены такие бренды и производители профилированного поликарбоната, как: Polyside, Polygal, Plastilux и другие.</P>\r\n<H2>Соединительные поликарбонатные профили (поликарбонатный профиль)</H2>\r\n<P align=justify>Профилированный поликарбонат с покрытием анти-конденсат наиболее эффективен для применения в теплицах. Он отличается от других материалов тем, что при появлении конденсата на внутренней стороне листа конденсатные капли, благодаря специальному слою, равномерно распределяются по поверхности, образуя прозрачную пленку. Эта конденсатная пленка повышает освещенность в теплице на 2%, т.е. светопропускание при образовании конденсата составляет 92%. Для теплиц применяется 2 типа профиля: <SPAN style=\"FONT-STYLE: italic\">\"омега\"</SPAN> и <SPAN style=\"FONT-STYLE: italic\">\"грека\"</SPAN>. Профиль пластиковый от Омега имеет ряд существенных преимуществ, при применении в теплицах, так как его форма помогает повышать освещенность в теплице в утренние и вечерние часы за счет эффективного отражения и преломления световых волн определенной длины. </P>\r\n<P align=justify>Соединительные поликарбонатные профили применяются для полупрозрачных покрытий, позволяя проникать свету в местах соединений плит и усиливая при этом общую прозрачность покрытия. Стоит отметить, что профили безопаснозащищены от воздействия солнечной радиации с их наружней стороны. Поликарбонатные профили не являются несущими, а исключительно соединительными элементами плит. Они могут быть изогнуты вместе с плитами до их минимально допустимого радиуса. </P>\r\n<H4>Стандартные расцветки профилированного поликарбоната</H4>\r\n<P>Представляем Вашему вниманию торцовые поликарбонатные профили Полигаль (Polygal) для соединения листов сотового поликарбоната (пустотных плит) :</P>\r\n<UL>\r\n<LI>прозрачный; \r\n<LI>бронза; \r\n<LI>опал.</LI></UL>\r\n<H4>Указания по сборке с помощью поликарбонатных профилей </H4>\r\n<UL>\r\n<LI>Устанавливайте поликарбонатный профиль, который будет&nbsp;защищенн от солнечной радиации стороной вверх. \r\n<LI>Используйте для соединенияпрофиля основания с крышкой резиновый молоток. Обязательным является соединение этих профилей по всей длине. \r\n<LI>Соблюдая необходимую глубину заделки поликарбонатной плиты в профиль, обеспечивайте возможность термического расширения материала. \r\n<LI>Задавайте ширину пустотных плит и требуемую нагрузку по программе расчета нагрузок, разработанной компанией Полигаль. \r\n<LI>Обеспечивайте минимальный уклон 10% при сборке конструкции покрытий. Профили поставляются стандартной длины 6 м. Для поставки поликарбонатных профилей других длин, связывайтесь с нашими представителями по телефону: (044) 223-36-07 \r\n<P><SPAN class=bg1>Доставка, монтаж, сервис, гарантия 10 лет.</SPAN></P></LI></UL>',1,18,NULL,NULL,1477427900,1477427900),(24,33,2,11,1,'page','Навесы из поликарбоната','krovlya','<h1>Навесы из поликарбоната</h1><span class=\"xfmc0\">\r\n<h3 style=\"TEXT-ALIGN: center; BACKGROUND-COLOR: white; MARGIN: 0cm 0cm 0pt; VERTICAL-ALIGN: top\"><img border=\"0\" alt=\"\" src=\"/ufiles/Image/naves (1)_1024x192.jpg\" width=\"600\" height=\"135\"><br><span style=\"TEXT-ALIGN: center\"><br><br><span style=\"FONT-FAMILY: Arial, sans-serif; COLOR: rgb(0,0,0); FONT-SIZE: 12pt\">Выбор навеса из поликарбоната<br></span></span><br></h3>\r\n<h3 style=\"TEXT-ALIGN: left; FONT-FAMILY: Arial, sans-serif; COLOR: rgb(0,0,0); FONT-SIZE: medium\"><span style=\"FONT-FAMILY: Tahoma, Arial, Helvetica, sans-serif; COLOR: rgb(48,65,5); FONT-SIZE: 14px; FONT-WEIGHT: normal\"><span style=\"WHITE-SPACE: pre\" class=\"Apple-tab-span\"></span>Индивидуальный подход к проекту каждого клиента - девиз нашей компании, залог&nbsp; успеха и надежности всей конструкции.</span></h3>\r\n<h3 style=\"TEXT-ALIGN: left; FONT-FAMILY: Arial, sans-serif; COLOR: rgb(0,0,0); FONT-SIZE: medium\"><span style=\"FONT-FAMILY: Tahoma, Arial, Helvetica, sans-serif; COLOR: rgb(48,65,5); FONT-SIZE: 14px; FONT-WEIGHT: normal\"><span style=\"WHITE-SPACE: pre\" class=\"Apple-tab-span\"></span>При выборе конструкции любой сложности: от простых козырьков над крыльцом до навесов над бассейном возникают схожие проблемы и вопросы. А именно:</span></h3>\r\n<h3 style=\"TEXT-ALIGN: center\">\r\n<ul>\r\n<ul>\r\n<ul>\r\n<li style=\"TEXT-ALIGN: left\"><span style=\"LINE-HEIGHT: 14px; FONT-SIZE: 14px; FONT-WEIGHT: normal\">Какой может быть форма конструкции?&nbsp;</span> \r\n</li><li style=\"TEXT-ALIGN: left\"><span style=\"LINE-HEIGHT: 14px; FONT-SIZE: 14px; FONT-WEIGHT: normal\">Какие конструкции выдерживают снеговую и ветровую нагрузку лучше?</span> \r\n</li><li style=\"TEXT-ALIGN: left\"><span style=\"LINE-HEIGHT: 14px; FONT-SIZE: 14px; FONT-WEIGHT: normal\">Поликарбонат какой толщины использовать?</span> \r\n</li><li style=\"TEXT-ALIGN: left\"><span style=\"LINE-HEIGHT: 14px; FONT-SIZE: 14px; FONT-WEIGHT: normal\">Какие трубы или другие виды соединения устанавливать?</span> \r\n</li><li style=\"TEXT-ALIGN: left\"><span style=\"LINE-HEIGHT: 14px; FONT-SIZE: 14px\"><span style=\"FONT-WEIGHT: normal\">Как в итоге получить наилучшее качество и низкую цену за весь проект?</span><br><br><span style=\"WHITE-SPACE: pre; FONT-WEIGHT: normal\" class=\"Apple-tab-span\"></span>1.&nbsp;</span><span style=\"LINE-HEIGHT: 14px; FONT-SIZE: 14px\">Какой может быть форма конструкции?</span>&nbsp;</li></ul></ul></ul></h3>\r\n<blockquote style=\"MARGIN-RIGHT: 0px\" dir=\"ltr\">\r\n<blockquote style=\"MARGIN-RIGHT: 0px\" dir=\"ltr\">\r\n<blockquote style=\"MARGIN-RIGHT: 0px\" dir=\"ltr\">\r\n<blockquote style=\"MARGIN-RIGHT: 0px\" dir=\"ltr\">\r\n<blockquote style=\"MARGIN-RIGHT: 0px\" dir=\"ltr\">\r\n<h3 style=\"TEXT-ALIGN: left; FONT-WEIGHT: normal\" align=\"center\">Основные формы конструкций под поликарбонат это:<br>1) О<span style=\"FONT-WEIGHT: normal\"><span style=\"LINE-HEIGHT: 115%; FONT-FAMILY: \'Arial\',\'sans-serif\'; COLOR: black; FONT-SIZE: 11pt; FONT-WEIGHT: normal; mso-fareast-font-family: Calibri; mso-fareast-theme-font: minor-latin; mso-ansi-language: RU; mso-fareast-language: EN-US; mso-bidi-language: AR-SA\" lang=\"RU\">дноскатные навесы и козырьки;<br></span></span><span style=\"FONT-WEIGHT: normal\">2) Д<span style=\"FONT-WEIGHT: normal\"><span style=\"LINE-HEIGHT: 115%; FONT-FAMILY: \'Arial\',\'sans-serif\'; COLOR: black; FONT-SIZE: 11pt; FONT-WEIGHT: normal; mso-fareast-font-family: Calibri; mso-fareast-theme-font: minor-latin; mso-ansi-language: RU; mso-fareast-language: EN-US; mso-bidi-language: AR-SA\" lang=\"RU\">вускатные конструкции (навесы \"домиком\"); <br></span></span></span><span style=\"FONT-WEIGHT: normal\"><span style=\"FONT-WEIGHT: normal\">3)<span style=\"LINE-HEIGHT: 115%; FONT-FAMILY: \'Arial\',\'sans-serif\'; COLOR: black; FONT-SIZE: 11pt; mso-fareast-font-family: Calibri; mso-fareast-theme-font: minor-latin; mso-ansi-language: RU; mso-fareast-language: EN-US; mso-bidi-language: AR-SA\" lang=\"RU\"> П<span style=\"FONT-WEIGHT: normal\">олуарочные конструкции (это в основном примыкающие к существующим строениям навесы и козырьки);<br>4) А<span style=\"LINE-HEIGHT: 115%; FONT-FAMILY: \'Arial\',\'sans-serif\'; COLOR: black; FONT-SIZE: 11pt; mso-fareast-font-family: Calibri; mso-fareast-theme-font: minor-latin; mso-ansi-language: RU; mso-fareast-language: EN-US; mso-bidi-language: AR-SA\" lang=\"RU\">рочные конструкции – <span style=\"FONT-WEIGHT: bold\">самые распространенные</span> из всех конструкций под поликарбонат;<br>5) К<span style=\"FONT-WEIGHT: normal\"><span style=\"LINE-HEIGHT: 115%; FONT-FAMILY: \'Arial\',\'sans-serif\'; COLOR: black; FONT-SIZE: 11pt; FONT-WEIGHT: normal; mso-fareast-font-family: Calibri; mso-fareast-theme-font: minor-latin; mso-ansi-language: RU; mso-fareast-language: EN-US; mso-bidi-language: AR-SA\" lang=\"RU\">омбинированные формы для особых дизайнерских решений.</span></span><br></span></span></span></span></span><span style=\"FONT-WEIGHT: normal\"><span style=\"FONT-WEIGHT: normal\"><span style=\"LINE-HEIGHT: 115%; FONT-FAMILY: \'Arial\',\'sans-serif\'; COLOR: black; FONT-SIZE: 11pt; mso-fareast-font-family: Calibri; mso-fareast-theme-font: minor-latin; mso-ansi-language: RU; mso-fareast-language: EN-US; mso-bidi-language: AR-SA\" lang=\"RU\"><span style=\"FONT-WEIGHT: normal\"><span style=\"LINE-HEIGHT: 115%; FONT-FAMILY: \'Arial\',\'sans-serif\'; COLOR: black; FONT-SIZE: 11pt; mso-fareast-font-family: Calibri; mso-fareast-theme-font: minor-latin; mso-ansi-language: RU; mso-fareast-language: EN-US; mso-bidi-language: AR-SA\" lang=\"RU\"><br></span><span style=\"FONT-WEIGHT: bold\">2. Какие конструкиции выдерживают снеговую и ветровую нагрузку лучше?</span></span></span></span></span><span style=\"FONT-WEIGHT: normal\"><span style=\"FONT-WEIGHT: normal\"><span style=\"FONT-SIZE: 12pt; FONT-WEIGHT: normal\"></span></span></span></h3>\r\n<h3 style=\"TEXT-ALIGN: left; FONT-WEIGHT: normal\" align=\"center\"><span style=\"FONT-WEIGHT: normal\"><span style=\"FONT-WEIGHT: normal\"><span style=\"FONT-SIZE: 12pt; FONT-WEIGHT: normal\">Если смотреть на все вышеперечисленные формы навесов в плане снеговой и ветровой нагрузки, то однозначно наилучшим вариантом являются арочные конструкции.</span></span></span></h3>\r\n<h3 style=\"TEXT-ALIGN: left; FONT-WEIGHT: normal\" align=\"center\">3. <span style=\"FONT-WEIGHT: bold\">Поликарбонат какой толщины использовать?<span style=\"FONT-WEIGHT: normal\"><span style=\"FONT-WEIGHT: normal\"><span style=\"FONT-SIZE: 12pt; FONT-WEIGHT: normal\"></span></span></span></span><span class=\"xfmc0\"></span></h3>\r\n<h3 style=\"text-align: left;\" align=\"center\"><span class=\"xfmc0\"><span style=\"font-weight: normal; font-size: 12pt;\">Самой оптимальной толщиной сотового поликарбоната применяемой в конструкциях навесов является толщина 8-10мм. Но бывают случаи, когда нужно сделать максимальные пролеты конструкций без перемычек, тогда целесообразно использовать сотовый поликарбонат 16мм. Для небольших козырьков оптимально использовать толщину поликарбоната 6-8мм.<br></span></span><span style=\"font-weight: normal; font-size: 12pt;\"><br></span>4. Какие сечения&nbsp;труб лучше использовать в конструкциях?</h3>\r\n<h3 style=\"TEXT-ALIGN: justify; LINE-HEIGHT: normal; TEXT-TRANSFORM: none; BACKGROUND-COLOR: white; FONT-VARIANT: normal; FONT-STYLE: normal; TEXT-INDENT: 0px; MARGIN: 0cm 0cm 0pt; FONT-FAMILY: Arial, sans-serif; WHITE-SPACE: normal; LETTER-SPACING: normal; COLOR: rgb(0,0,0); VERTICAL-ALIGN: top; FONT-WEIGHT: normal; WORD-SPACING: 0px; -webkit-text-stroke-width: 0px\" align=\"center\"><span style=\"FONT-SIZE: 12pt; FONT-WEIGHT: normal\">Для правильного расчета сечений труб и толщины стенки в этих трубах, которые применяются в конструкциях, нужно использовать специальную компьютерную программу по расчету нагрузки, поэтому такую важную функцию лучше доверить профессионалам, которые имеют опыт в расчете нагрузок.</span></h3>\r\n<h3 style=\"text-align: left;\" align=\"center\"><span class=\"xfmc0\">5. Как в итоге получить наилучшее качество и низкую цену за весь проект?<br><div style=\"text-align: left;\"><br></div><div style=\"text-align: left;\">Обратившись к нашим менеджерам вы получите доступную консультацию, в которой Вам расскажут все в мельчайших подробностях. Сможем предложить варианты удешевления конструкции, если таковы будут возможны.&nbsp;</div><div style=\"text-align: left;\"><br></div><div style=\"text-align: left;\"><iframe width=\"640\" height=\"480\" src=\"//www.youtube.com/embed/GtxyR1hGcWk\" frameborder=\"0\" allowfullscreen=\"\"></iframe></div><div style=\"text-align: left;\"><br></div><div style=\"text-align: left;\"><a title=\"Галерея работ \" href=\"/constructions/krovlya/canopies/\" target=\"_self\">галерея работ</a></div></span></h3><h3 style=\"TEXT-ALIGN: left; FONT-WEIGHT: normal\" align=\"center\"><span class=\"xfmc0\"><br><a title=\"Цены\" href=\"/prices/\" target=\"_self\">цена на поликарбонат<br></a><br><a title=\"Контакты\" href=\"/contacts/\" target=\"_self\">контакты </a></span></h3></blockquote></blockquote></blockquote></blockquote></blockquote></span>\n[widget id=46]\n<h1>Навесы дла авто, автонавесы</h1><SPAN style=\"FONT-WEIGHT: bold\">Автонавесы</SPAN> - это хорошая защита для автомобиля от внешей среды. Наши специалисты спроектируют и сконструируют Вам уникальный <SPAN style=\"FONT-WEIGHT: bold\">навес для автомобиля</SPAN> (<SPAN style=\"FONT-WEIGHT: bold\">автонавес</SPAN>), который послужит не только надежной защитой любого транспортного средства, но и станет стильным элементом декора и идеально впишется в экстерьер любого здания, будь то загородный дом или офисный центр. А используемый нами пластиковый материал – поликарбонат позволит легко воплотить мечты архитектора в реальность.&nbsp;&nbsp;<A title=\"Все фото автонавесов - смотреть\" href=\"/constructions/krovlya/gallery-auto/\" target=_self>Галерея автонавесов</A>\n[widget id=54]\n<h1>Изготовление козырьков  и навесов</h1><P>Наша компания занимается профессиональным изготовлением и монтажом светопрозрачных конструкций из поликарбоната и готова предложить Вам широкий спектр услуг в&nbsp;данной области. Заказав у нас изготовление светопрозрачной конструкции, Вы получаете возможность красиво и качественно оформить свой дом, офис&nbsp;или магазин&nbsp;по вполне&nbsp;приемлемым ценам. Сама же&nbsp;светопрозрачная конструкция придаст зданию неповторимый вид и будет радовать Вас долгое время. Заказать проектирование и изготовление навеса&nbsp;просто.&nbsp;Звоните!(050)200-44-04<BR></P>\n[widget id=33]\n<h1>Навесы для бассейнов</h1><P>Наша компания рада предложить Вам изготовление и монтаж навесов для бассейнов различных типов, форм и размеров, а также павильонов для круглогодичного купания. Навес для бассейна представляет собой арочную конструкцию из алюминия и поликарбоната, которая может быть как стационарной, так и раздвижной. Наши сотрудники помогут подобрать наиболее подходящий вариант навеса для бассейна с учетом Ваших пожеланий.</P>\r\n<P><SPAN class=bg1>Доставка, монтаж, сервис, гарантия 10 лет.</SPAN></P>\n[widget id=50]\n',1,19,NULL,NULL,1477427900,1477427900),(25,33,12,15,1,'page','Металлоконструкции','metal','<h1>Металлические конструкции</h1><P><IMG class=imgBorderLeft alt=\"\" src=\"/ufiles/Image/vrata.jpg\" align=left><SPAN style=\"FONT-WEIGHT: bold\">Металлоконструкции</SPAN> - это основа для Вашего строительства. Помимо изготовления светопрозрачных конструкций из поликарбоната мы специализируемся на производстве металлоконструкций любой сложности. Решетки, металлоограждения (балконные, лестничные), металлокаркасы элементов мебели, лестницы, лестничные марши, <SPAN style=\"FONT-WEIGHT: bold\">металлические ворота и заборы</SPAN> - все это Вы можете заказать у нас. </P>\r\n<P>Мы имеем огромный опыт в производстве металлоизделий: лестничные ограждения, поручни, перила, балконные ограждения, металлические ворота и&nbsp;заборы с элементами ковки и без.&nbsp;Изготавливаем в Киеве&nbsp;навесы, автонавесы, козырьки и теплицы из поликарбоната.&nbsp; Мы осуществляем <SPAN style=\"FONT-WEIGHT: bold\">проектирование металлоконструкций</SPAN> и разработку чертежей, изготавливаем все необходимые детали, выполняем все работы по монтажу. Мы изготавливаем металлоконструкции как по чертежам, разработанными сотрудниками нашей компании, так и по чертежам, предоставленными заказчиком. Заказывайте&nbsp;проектирование и монтаж металлоконструкции&nbsp;в Киеве.</P>\r\n<P><SPAN style=\"FONT-WEIGHT: bold\">Изготовление металлоконструкций </SPAN>по индивидуальному заказу, <SPAN style=\"FONT-WEIGHT: bold\">конструкции</SPAN> любой сложности. Мы готовы предложить Вам комплексный подход при строительстве зданий и сооружений из металлоконструкций, начиная от проекта и заканчивая изготовлением и монтажом строительных металлоконструкций и других изделий из металла. В течение длительного времени одним из основных видов деятельности нашей компании является, проектирование, изготовление и монтаж металлоконструкций, <SPAN style=\"FONT-WEIGHT: bold\">производство алюминиевых конструкций</SPAN>, <SPAN style=\"FONT-WEIGHT: bold\">производство металлоконструкций</SPAN> с высокой точностю. </P>\r\n<P>В строительсте используем элементы ковки (ковка - металлоизделие), металлопластиковый профиль, алюминиевый профиль, черный металл и листовой пластик - поликарбонат.</P>\r\n<P><SPAN class=bg1>Доставка, монтаж, сервис, гарантия 10 лет.</SPAN></P>',1,20,NULL,NULL,1477427901,1477427901),(26,16,8,9,1,'page','Разновидности поликарбоната','varieties','<h1>Разновидности поликарбоната</h1><H4 align=center><IMG class=imgBorder alt=\"\" src=\"/ufiles/Image/01.jpg\"><IMG class=imgBorder alt=\"\" src=\"/ufiles/Image/02.jpg\"><IMG class=imgBorder alt=\"\" src=\"/ufiles/Image/03.jpg\"><IMG class=imgBorder alt=\"\" src=\"/ufiles/Image/08.jpg\"><IMG class=imgBorder alt=\"\" src=\"/ufiles/Image/07.jpg\"></H4>\r\n<P>Толщины: 4, 6, 8, 10, 16, 20, 25, 32, 40мм. </P>\r\n<P>Структуры: 2-х, 3-х, 4-х, 6-стенные Н-образной структуры и Х-образной структуры.</P>\r\n<P>Цветовая гамма: прозрачные, дымчатые, опаловые, молочные, синие, зеленые и вишневые, в зависимости от выбора торговой марки.</P>\r\n<P><IMG class=imgBorder src=\"/ufiles/Image/zeleniy4.jpg\"><IMG class=imgBorder src=\"/ufiles/Image/seriy7.jpg\"><IMG class=imgBorder src=\"/ufiles/Image/siniy6.jpg\"><IMG class=imgBorder src=\"/ufiles/Image/serebro5.jpg\"><IMG class=imgBorder src=\"/ufiles/Image/prozr2.jpg\"><IMG class=imgBorder src=\"/ufiles/Image/biruza1.jpg\"><IMG class=imgBorder alt=\"\" src=\"/ufiles/Image/bronza3.jpg\"><IMG class=imgBorder alt=\"\" src=\"/ufiles/Image/krasniy9.jpg\"> </P>\r\n<H4>Типы и предназначения поликарбонатных сотовых панелей Polygal</H4>\r\n<P>\"Cтандарт\" - Пустотная многослойная поликарбонатная панель.Выпускается различных цветов и различной степени прозрачности.Предназначается в основном для перекрытий и остекления.</P>\r\n<P>\"Селектгаль\" - Сложная призматическая структура позволяет этому типу поликарбоната отразить большую часть тепловой инфра-красной солнечной радиации летом, но также позволяет увеличенное проникновение солнечного света зимой.Применяется для окон в крыше, оранжерей, соляриев и веранд, спортивных сооружений, аэропортов, как функциональный и декоративный элемент внутри помещений.</P>\r\n<P>\"Титан\" - Сотовые панели этого типа особенно подходят для условий, в которых требуется устойчивость к большим нагрузкам.Они выдерживают нагрузку в таких местах, где все другие панели теряют прочность.</P>\r\n<P>\"Термогаль\" - Уникальная внутренняя Х – образная структура обеспечивает значительную прочность, жесткость и теплоизоляцию.Производится различных толщин, расцветок и степеней прозрачности. Идеально подходит для покрытий с малым уклоном и для остекления закрытых сооружений с большими пролетами.</P>\r\n<P>\"Прималайт\" - Качественно новый вид сотового поликарбоната, отражающий большую часть тепловой инфра-красной солнечной радиации и одновременно с этим, пропускающая значительную часть видимого света.</P>\r\n<P>\"Полишейд\" - Применяемый в жарком климате, сотовый поликарбонат Полишейд эффективно отражает солнечную энергию и предотвращает излишний нагрев внутри помещения.</P>\r\n<P>\"Поликулайт\" - Создает освещение благоприятствующее развитию растений.Особый пигмент, входящий в состав этого покрытия, пропускает сквозь плиту солнечное излучение в тех диапазонах спектра, которые необходимы для протекания фотосинтеза в листьях растений. </P>\r\n<H4>В чем же отличие между поликарбонатом «Полигаль» и другими торговыми марками: «Визор», «Евролюкс», «Поликам» и т. д.? </H4>\r\n<P><SPAN style=\"FONT-WEIGHT: bold\">Основное отличие поликарбоната</SPAN></P>\r\n<P>Поликарбонат тм «Polygal» (Израиль)&nbsp;и&nbsp;\"Polyside\" (Израиль)&nbsp;Это поликарбонат премиум класса,&nbsp;более прочный и качественный.&nbsp;В большинстве случаев он используется для определенных конструкций в которых не требуется большой изгиб.&nbsp;К более дешевым&nbsp;торговым маркам следует относиться осторожно, так как не все поликарбонатные листы&nbsp;покрывается защитным покрытием, которое сохраняет&nbsp;от распадения&nbsp;под воздействием&nbsp;солнечных лучей.&nbsp;</P>\r\n<P>Не каждая китайская тм качественная, но не следует бояться, есть разные производители, которые делают поликарбонат из вторичного сырья и&nbsp;такой поликарбонат меньше стоит и&nbsp;прослужит меньше. Также есть и хорошие китайские торговые марки. Если Вам сложно будет определиться и понять какой Вам нужен тм поликарбонат, толщина, размеры и для какой конструкции, рекомендуем Вам задавать вопросы нашим специалистам. Это можно сделать на страничке <A title=\"Обратная связь\" href=\"/feedback/\" target=_self>обратной связи</A> (При отправки запроса не забудьте оставить свои контакты). С Вами свяжутся наши менеджеры и в телефонном режиме помогут сделать правильный выбор. </P>\r\n<P>Теперь уже с уверенностью можно сказать, что без сотового поликарбоната в современном строительстве обойтись нельзя! Потребности в нем постоянно растут, и мы предлагаем вам&nbsp;строительный <SPAN style=\"FONT-WEIGHT: bold\">листовой пластик </SPAN>– <SPAN style=\"FONT-WEIGHT: bold\">сотовый поликарбонат тм «\"Polyside\"», </SPAN><SPAN style=\"FONT-WEIGHT: bold\">(Израиль)</SPAN>&nbsp;\"Пластилюкс\" Россия, и другие бренды.&nbsp;Мы получили уже множество положительных отзывов и можем рекомендовать его как материал, достойный проектов различных уровней сложности. </P>\r\n<H4>Преимущества СПК&nbsp; \"POLISIDE\" (Полисайд) Израиль: </H4>\r\n<UL>\r\n<LI>УФ-слой нанесён методом соэкструзии, что обеспечивает стабильность защиты по всей поверхности. \r\n<LI>Листы 12-метрового размера облегчают монтаж крупногабаритных объектов. \r\n<LI>Наличие в ассортименте аксессуаров для монтажа СПК позволяет правильно выполнять монтаж, особые профили, светопрозрачные&nbsp;люки и т.д.&nbsp;</LI></UL>\r\n<P>Вы можете убедиться в этих преимуществах и рассказать нам о дополнительных, самостоятельно проверив СПК <SPAN style=\"FONT-WEIGHT: bold\">тм «\"POLYSIDE\"»,&nbsp;</SPAN> в работе. Материал сертифицирован по европейским стандартам.</P>\r\n<P><SPAN class=bg1>Доставка, монтаж, сервис, гарантия 10 лет.</SPAN></P>',1,21,NULL,NULL,1477427901,1477427901),(27,16,10,11,1,'page','Монтаж поликарбоната','installation','<h1>Монтаж поликарбоната</h1><H3><IMG class=imgBorder alt=\"\" src=\"/ufiles/Image/polikarbonat_obraz.jpg\" align=left>Mонтаж, хранение, эксплуатация сотового поликарбоната </H3>\r\n<P>В поликарбонатных пустотных плитах длина определяется как размер вдоль ребер жесткости, а ширина - как размер поперек этих ребер.</P>\r\n<P>Монтаж пустотных плит осуществляется при вертикальном положении ребер жесткости или в направлении ребер по уклону покрытия. Ребра не могут быть направлены горизонтально. При скатной крыше следует соблюдать минимальный уклон 10%. </P>\r\n<H4>Хранение сотового поликарбоната </H4>\r\n<P>Для избежания повреждения плит во время хранения необходимо соблюдать ряд условий: </P>\r\n<UL>\r\n<LI>Предотвратить попадание прямых солнечных лучей на поверхность поликарбоната. В случае отсутствия закрытого помещения, следует накрыть плиты непрозрачным материалом (картон, деревянный настил и т.п.). Нельзя укрывать плиты покрытием из мягкого ПВХ или другого материала, способного разрушающе воздействовать на поликарбонат. \r\n<LI>Хранить плиты сотового поликарбоната следует на поддоне, укрытом мягким материалом (к примеру, картоном); поликарбонат не должен касаться земли. Для того, чтобы плиты не были унесены ветром, необходимо уложить сверху груз или укрепить поликарбонат на поддоне. \r\n<LI>Поликарбонатные плиты \"Полигаль\" имеют защитное покрытие из полиэтиленовой пленки для предохранения от механических повреждений и загрязнения во время хранения и монтажа. Пленку следует оставлять на плите до окончания монтажных работ. </LI></UL>\r\n<H3>Цвет защитной полиэтиленовой пленки сотового поликарбоната </H3>\r\n<P>Плиты сотового поликарбоната Полигаль маркируются защитной пленкой разных цветов. Пленка с логотипом компании и надписью \"This side up\" применяется для маркировки наружной стороны плиты, имеющей защиту от ультрафиолета. При монтаже поликарбонатных плит следует тщательно придерживаться указания укладки плит этой стороной к верху. В противном случае, поликарбонатная плита может подвергнуться очень быстрому разрушению, а рекламация заводом принята не будет. </P>\r\n<UL>\r\n<LI>Одноцветная (обычно, серая) пленка без надписей применяется для маркировки внутренней стороны плит. \r\n<LI>Пленка белого цвета с внутренней стороны поликарбонатной плиты указывает на наличие покрытия \"Антифог\". \r\n<LI>Поликарбонатная плита с зеленой пленкой (без логотипа), не защищена от воздействия ультрафиолета и не предназначена для наружного применения. </LI></UL>\r\n<P>При изгибе поликарбогатной плиты с нагревом (метод термоформинга) следует предварительно удалить защитную пленку. Длительное воздействие прямых солнечных лучей на защитную пленку разрушает полиэтилен и создает трудности при её снятии. Эти данные верны для всех типов поликарбонатных плит плит Полигаль, вне зависимости от их цвета и толщины. </P>\r\n<H3>Резка плит сотового поликарбоната </H3>\r\n<P>Резка поликарбонатных пустотных плит производится посредством дисковой пилы или другого подходящего режущего оборудования, в том числе ручного, у которого стандартные зубья образуют угол, близкий к 30°. Опилки, которые образовываются в процессе резки, удаляются струей сжатого воздуха или любым другим доступным образом. Торцы оставшейся плиты закрываются клейкой лентой от проникновения пыли. </P>\r\n<H4>Изгиб плит сотового поликарбоната в естественных условиях </H4>\r\n<P>Пустотные поликарбонатные плиты можно легко изогнуть и придать форму арки, не превышая при этом минимальный допустимый радиус изгиба (см. таблицу). Направление изгиба арки – параллельно направлению ребер жесткости плиты. </P>\r\n<P>\r\n<TABLE style=\"WIDTH: 75%; BORDER-COLLAPSE: collapse\" cellSpacing=1 align=left>\r\n<TBODY>\r\n<TR>\r\n<TD style=\"VERTICAL-ALIGN: middle\">\r\n<P align=center>Толщина плиты (мм): </P></TD>\r\n<TD>\r\n<P align=left>6</P></TD>\r\n<TD>\r\n<P align=left>8</P></TD>\r\n<TD>\r\n<P align=left>10</P></TD>\r\n<TD>\r\n<P align=left>16</P></TD>\r\n<TD>\r\n<P align=left>25</P></TD>\r\n<TD>\r\n<P align=left>32</P></TD>\r\n<TD>\r\n<P align=left>35</P></TD></TR>\r\n<TR>\r\n<TD style=\"VERTICAL-ALIGN: middle; WHITE-SPACE: normal\">\r\n<P align=center>Минимальный радиус изгиба (м): </P></TD>\r\n<TD>\r\n<P align=left>0.7</P></TD>\r\n<TD>\r\n<P align=left>1.05</P></TD>\r\n<TD>\r\n<P align=left>1.4</P></TD>\r\n<TD>\r\n<P align=left>2.8</P></TD>\r\n<TD>\r\n<P align=left>4.4</P></TD>\r\n<TD>\r\n<P align=left>5.6</P></TD>\r\n<TD>\r\n<P align=left>6.1</P></TD></TR></TBODY></TABLE></P><BR><BR>\r\n<P>\r\n<H3>Рекомендации по установке и эксплуатации сотового поликарбоната:</H3>\r\n<P></P>\r\n<OL>\r\n<LI>При изготовлении перегородок и вертикального остекления поликарбонат нужно располагать так, чтобы ребра жесткости были расположены вертикально. \r\n<LI>При изготовлении скатных перекрытий ребра жесткости должны быть расположены вдоль ската, т.е. сверху вниз. Рекомендуемый угол наклона не менее 15° \r\n<LI>При изготовлении арочных перекрытии следует учитывать, что изгиб поликарбоната допускается только поперек ребер жесткости, т.е. по длине листа. Для предотвращения излома панелей нужно придерживаться допустимых радиусов изгиба для данной толщины. \r\n<LI>Монтировать поликарбонат рекомендуется, не снимая защитной пленки. На ее лицевой стороне (с рисунком) указано, что эта сторона защищена от воздействия ультрафиолета \"UF- Protected\". Панели укладываются этой стороной наружу. Кроме того пленка защищает их от случайных царапин во время монтажа. \r\n<LI>Для предотвращения попадания в ячейки пыли, грязи и влаги рекомендуется открытые края панелей закрывать П-образным торцевым профилем. Кроме того дополнительно рекомендуется заклеивать эти края специальной самоклеящейся металлизированной лентой. Причем верхний край (при наклонном расположении плит) нужно закрывать сплошной (герметизирующей) лентой, а нижний край - перфорированной для создания возможности испарения конденсата. Герметизация панелей в местах их соединения профилями производится силиконовым герметиком. \r\n<LI>При соединении панелей профилями необходимо учитывать тепловое расширение или сужение панелей в зависимости от времени года производства работ. Для предотвращения выгибания или провисания панелей нужно оставлять необходимый зазор между ними и соединительными профилями. \r\n<LI>Для крепления панелей непосредственно к каркасу с помощью саморезов отверстия в панелях необходимо сверлить большего диаметра или в форме эллипса с учетом коэффициента теплового расширения. Кроме того под головки саморезов необходимо прокладывать специальные шайбы с резиновыми прокладками, чтобы предотвратить протекание воды и смятие поверхности панелей. \r\n<LI>Резка панелей производится любым режущим инструментом вплоть до ручного, но для более качественной резки рекомендуется пользоваться высокооборотной циркулярной пилой с мелкими зубьями.</LI></OL>',1,22,NULL,NULL,1477427902,1477427902),(28,33,3,4,2,'page','Галерея светопрозрачных конструкций','gallery-translucent','',1,23,NULL,NULL,1477427902,1477427902),(29,33,5,6,2,'page','Навесы и козырки','canopies','',1,24,NULL,NULL,1477427902,1477427902),(30,33,7,8,2,'page','Навесы для басейнов','gallery-pool','',1,25,NULL,NULL,1477427903,1477427903),(31,33,9,10,2,'page','Навесы для автомобиля','gallery-auto','',1,26,NULL,NULL,1477427904,1477427904),(33,33,1,16,0,'page','Конструкции','constructions','<h1>Конструкции</h1><P><IMG class=imgBorder alt=\"\" align=left src=\"/ufiles/Image/volnistiy.jpg\">Компания \"АЛИОН ГРУПП\"&nbsp;также занимается изготовлением металлоконструкций с элементами ковки и других материалов. Мы производим полный комплекс работ по проектированию, изготовлению и монтажу изделий любой сложности. Компания специализируется на профессиональном изготовлении и монтаже светопрозрачных <SPAN style=\"FONT-WEIGHT: bold\">конструкций из поликарбоната</SPAN> и металла.&nbsp;Компания создает из металлоконструкций и поликарбоната любые светопрозрачные конструкции, как готовые, так и под заказ.</P>\r\n<H4 align=left>Мы предлагаем</H4>\r\n<TABLE style=\"BORDER-BOTTOM: medium none; BORDER-LEFT: medium none; WIDTH: 564px; BORDER-COLLAPSE: collapse; BORDER-TOP: medium none; BORDER-RIGHT: medium none\" align=left>\r\n<TBODY>\r\n<TR>\r\n<TD style=\"BORDER-BOTTOM: medium none; BORDER-LEFT: medium none; BORDER-TOP: medium none; BORDER-RIGHT: medium none\">\r\n<UL>\r\n<LI><A href=\"/constructions/hothouses/\"><SPAN style=\"FONT-WEIGHT: bold\">теплицы&nbsp;из поликарбоната</SPAN></A><SPAN style=\"FONT-WEIGHT: bold\">;&nbsp; </SPAN>\r\n<LI><A title=\"теплицы промышленные\" href=\"http://polikarbonatvs.com.ua/constructions/industrial-hothouses/\" target=_self><SPAN style=\"FONT-WEIGHT: bold\">теплицы промышленные&nbsp;под ключ:</SPAN></A><SPAN style=\"FONT-WEIGHT: bold\"></SPAN>\r\n<LI><A href=\"/services/sale-hothouses/\"><SPAN style=\"FONT-WEIGHT: bold\">теплицы дачные</SPAN></A><SPAN style=\"FONT-WEIGHT: bold\">; </SPAN>\r\n<LI><A href=\"http://polikarbonatvs.com.ua/constructions/krovlya/\"><SPAN style=\"FONT-WEIGHT: bold\">навесы&nbsp;из поликарбоната; </SPAN></A>\r\n<LI><A href=\"http://polikarbonatvs.com.ua/constructions/krovlya/\"><SPAN style=\"FONT-WEIGHT: bold\">навесы для автомобиля;</SPAN></A><SPAN style=\"FONT-WEIGHT: bold\"></SPAN>\r\n<LI><A href=\"http://polikarbonatvs.com.ua/constructions/krovlya/\"><SPAN style=\"FONT-WEIGHT: bold\">козырьки из поликарбоната; </SPAN></A>\r\n<LI><A href=\"http://polikarbonatvs.com.ua/constructions/krovlya/\"><SPAN style=\"FONT-WEIGHT: bold\">павильоны для бассейнов; </SPAN></A>\r\n<LI><A href=\"http://polikarbonatvs.com.ua/constructions/metal/\"><SPAN style=\"FONT-WEIGHT: bold\">ворота, ограждения, заборы; </SPAN></A>\r\n<LI><A href=\"http://polikarbonatvs.com.ua/constructions/krovlya/\"><SPAN style=\"FONT-WEIGHT: bold\">зимний сад;</SPAN></A></LI></UL></TD>\r\n<TD style=\"BORDER-BOTTOM: medium none; BORDER-LEFT: medium none; BORDER-TOP: medium none; BORDER-RIGHT: medium none\">\r\n<UL>\r\n<LI><A href=\"/constructions/krovlya/\">остекление крыш промышленных объектов; </A>\r\n<LI><A href=\"/constructions/krovlya/gallery-translucent/\" target=_self>зенитные фонари, кровля;</A> \r\n<LI><A href=\"/constructions/krovlya/\">прозрачные переходы, входные группы; </A>\r\n<LI><A href=\"/constructions/krovlya/\">светопрозрачные торговые комплексы; </A>\r\n<LI><A href=\"/constructions/krovlya/\">наружные рекламные конструкции; </A>\r\n<LI><A href=\"/constructions/krovlya/\">навесные фасады; </A>\r\n<LI><A href=\"/constructions/metal/\">утепленные балконные ограждения; </A>\r\n<LI><A href=\"/constructions/metal/\">террасы из металлоконструкций; </A>\r\n<LI><A href=\"/constructions/krovlya/\">ларьки и многое другое.</A> </LI></UL></TD></TR></TBODY></TABLE>\r\n<P><SPAN class=bg1>Доставка, монтаж, сервис, гарантия 10 лет.</SPAN></P><BR><h1>Металлические навесы и козырьки</h1><P>Металлические навесы и козырьки - это <SPAN style=\"FONT-WEIGHT: normal\"><SPAN style=\"FONT-WEIGHT: normal\">светопрозрачная конструкция</SPAN> </SPAN>на основе металлической рамы и сотового поликарбоната (пластик). Такой козырёк не закрывает естественное освещение и одновременно улучшает внешний вид и безопасность пребывания в том месте, где установлен. <SPAN style=\"FONT-WEIGHT: normal\"><SPAN style=\"FONT-WEIGHT: normal\">Металлическая рама</SPAN> </SPAN>обеспечивает необходимую прочность долгие годы жизни козырька, а также, благодаря дизайнерским возможностям служит украшением фасада здания. Сегодня популярно в качестве <SPAN style=\"FONT-WEIGHT: bold\"><A title=\"Кровля для козырька\" href=\"/constructions/krovlya/\" target=_self>кровли для козырька</A></SPAN> использовать листовой поликарбонат со свето - пропускающей способностью.<BR>Мы создаем архитектурные козырьки и <A title=\"Навесы и козырьки\" href=\"/constructions/krovlya/\" target=_self>навесы</A> различного типа и конструкций. Козырьки повышают безопасность, а также улучшают эстетичный вид сооружения. Применение таких конструкций широко используется&nbsp;&nbsp;для балконов &nbsp;и входных дверей. Компания изготавливает стандартные и нестандартные козырьки, навесы и <SPAN style=\"FONT-WEIGHT: bold\"><A title=\"Автонавесы, навесы для автомобилей\" href=\"/constructions/krovlya/\" target=_self>автонавесы</A></SPAN>&nbsp;главным достоинством которых является легкость конструкции и простота монтажа, при этом мы делаем защитные навесы с различным светопропусканием и со 100% защитой от осадков и солнца.<BR><SPAN style=\"FONT-WEIGHT: bold\"><A title=\"Козырьки из поликарбоната\" href=\"/constructions/krovlya/\" target=_self>Козырьки из поликарбоната</A></SPAN> превращают любой вход - в парадный. При этом, являясь важным элементом декора. Навесы и козырьки из поликарбоната выполняют и чисто защитные функции. Используемый нами поликарбонат обладает высокой огнеустойчивостью — он не только не воспламеняется в открытом огне, но и при температурном разрушении не представляет опасности для жизни, что выгодно отличает его от других материалов используемых при сооружении навесов и козырьков. Козырьки издавна считаются неотъемлемыми атрибутами фасадов, как городских строений, так и частных владений. <BR>Металлические козырьки облагораживают внешний вид, придавая завершенность и законченность внешнему образу здания. Оригинальный дизайн и изящные линии козырьков, выполненных из металла, подарят любому офисному, жилому или загородному дому свой особенный стиль и привлекательность. Металлические козырьки защищают от снега, дождя и ветки деревьев. <BR><SPAN style=\"FONT-WEIGHT: normal\"><SPAN style=\"FONT-WEIGHT: normal\">Металлический каркас</SPAN>,</SPAN> покрытый поликарбонатом обеспечивают комфортное и безопасное проживание людей в том или ином здании, а также невероятно преображают внешний вид архитектурного объекта. Козырьки создают безопасное пространство вокруг себя, прекрасно защищая вход в здание от всевозможных осадков, также козырьки оберегают жителей от падения с крыш сосулек зимой и иных предметов летом. Надежно закрепленные козырьки (на кронштейнах, цепях или металлических столбах) прослужат невероятно долгий срок вам и вашему дому.</P>\r\n<P>Установка козырьков: козырек, монтаж занимает от 1-3 часов, в том случаи, если уже готовая стандартная <SPAN style=\"FONT-WEIGHT: normal\"><SPAN style=\"FONT-WEIGHT: normal\">конструкция козырька</SPAN>. <BR></SPAN>Установка навесов: навес, монтаж осуществляется от 1 до 3 дней. В зависимости от сложности конструкторских решений. Весь процесс в общем, с проектированием производится в течении 7 дней. <BR>Наша компания «Вишневый Сад Плюс» гарантирует качество монтажных работ, <SPAN style=\"FONT-WEIGHT: bold\"><A title=металлоконструкции href=\"/constructions/metal/\" target=_self>металлоконструкции</A></SPAN> и <A title=\"Поликарбонат, пластиковые материалы\" href=\"/materials/\" target=_self>поликарбонат</A>, из которого изготавливаем <SPAN style=\"FONT-WEIGHT: bold\"><A title=\"Галерея конструкций навесов и козырьков\" href=\"/constructions/krovlya/canopies/\" target=_self>конструкции навесов</A></SPAN>.</P>\r\n<H4>Почему с нами выгодно сотрудничать</H4>\r\n<P>•&nbsp;Мы имеем большой опыт в решении задач&nbsp;любой сложности.&nbsp;<BR>• Применяем комплексный подход в работе. <BR>• Вы экономите своё время.&nbsp;<BR>&nbsp;&nbsp;(заказав все в одном месте:&nbsp;проекты, материалы, стройбригады, доставка, монтаж)&nbsp;<BR>• Наши цены и качество Вас приятно удивят. <BR>• Гарантируем надежность продукции. </P>\r\n<P><SPAN style=\"FONT-WEIGHT: bold\">Чтобы заказать&nbsp;любую конструкцию, Вам достаточно&nbsp;просто</SPAN> позвонить нам. </P>\r\n<P align=center><A title=\"Контакты: телефоны компании, обратная связь\" href=\"/contacts/\" target=_self><IMG border=0 alt=\"Задать вопрос\" src=\"/ufiles/Image/Vopros.PNG\" width=193 height=81></A></P>',1,27,NULL,NULL,1477427905,1477427905),(34,16,12,13,1,'page','Рифленый и волнистый поликарбонат','ribbed','<h1>Рифлёный и волнистый поликарбонат</h1><P><IMG class=imgBorderLeft alt=\"\" align=left src=\"/ufiles/Image/poly1.jpg\">Обладая высокой ударопрочностью и&nbsp;98% защитой от&nbsp;вредных УФ&nbsp;лучей, листы рифлёного и&nbsp;волнистого поликарбоната могут использоваться для остекления крыш любых объектов, благодаря их&nbsp;особой структуре.<BR>Его выносливость и&nbsp;устойчивость к&nbsp;плохим погодным условиям впечатляет: при проведении имитационного испытания, даже градины диаметром 20&nbsp;мм, которые били по&nbsp;стеклу со&nbsp;скоростью 21 <NOBR>м/с</NOBR>, не&nbsp;смогли разбить лист.<BR>Кроме того, несмотря на&nbsp;характеристики высокого сопротивления, плиты рифлёного и&nbsp;волнистого поликарбоната остаются относительно лёгкими и&nbsp;сохраняют свои оптические характеристики.</P>\r\n<H2><SPAN style=\"FONT-WEIGHT: normal\">Использование и применение поликарбоната рифленого и волнистого</SPAN></H2>\r\n<UL>\r\n<LI>Промышленное остекление, крыши \r\n<LI>Крытые переходы \r\n<LI>Защитное стекло</LI></UL>\r\n<TABLE class=tableB width=\"100%\">\r\n<TBODY>\r\n<TR>\r\n<TD vAlign=top width=168>РО 900<BR><IMG border=0 alt=\"\" src=\"/ufiles/Image/clip_image002.gif\" width=147 height=58></TD>\r\n<TD vAlign=top width=60>Ширина / см</TD>\r\n<TD vAlign=top width=60>Макс. длина / см <BR><SPAN class=textSmall>(на складе)</SPAN></TD>\r\n<TD vAlign=top rowSpan=8><SPAN style=\"FONT-WEIGHT: bold\">Физические характеристики<BR></SPAN>Плотность – 1,20<BR>Влагопоглощение (24 часа при 230С) – 0,36%<BR>Гидропроводность (1 мм толщины) – 2,28 q/м2<BR>Допустимые отклонения: Длина \r\n<UL>\r\n<LI>лист &lt;5м - -0,+10 мм \r\n<LI>лист &gt;5 м - -0,+25 мм </LI></UL><SPAN style=\"FONT-WEIGHT: bold\">Тепловые свойства<BR></SPAN>Теплостойкость по Вика – 145 - 1500<BR>Температура деформации под нагрузкой – 135&nbsp;- 1400<BR>Теплопроводность – 0,21 W/m0C <BR>Теплопередача 5,7 W/m0C <BR>Коэффициент линейного теплового расширения– 0,067 мм/м/0С<BR>Диапазон рабочих температур (без нагрузки) \r\n<UL>\r\n<LI>Постоянная&nbsp; - 40 до +1000С \r\n<LI>Краткосрочная - 40 до +1350С </LI></UL><SPAN style=\"FONT-WEIGHT: bold\">Механические характеристики<BR></SPAN>Точка текучести - &gt; 60мПа<BR>Предел прочности- &gt; 70мПа<BR>Прибавка в точке текучести – 6 – 8%<BR>Удлинение при разломе - &gt;100%<BR>Модуль эластичности – 2300 мПа<BR>Ударопрочность: при проведении имитационного испытания, даже градины диаметром 20 мм, которые били по стеклу со скоростью 21 м/с, не смогли разбить лист.<BR>Класс пожаростойкости М1</TD></TR>\r\n<TR>\r\n<TD>GO 920 (1100 на заказ)<BR><IMG border=0 alt=\"\" src=\"/ufiles/Image/clip_image004.gif\" width=147 height=58></TD>\r\n<TD>90</TD>\r\n<TD>800</TD></TR>\r\n<TR>\r\n<TD>GRECA<BR><IMG border=0 alt=\"\" src=\"/ufiles/Image/clip_image006_0000.gif\" width=147 height=49></TD>\r\n<TD>92</TD>\r\n<TD>800</TD></TR>\r\n<TR>\r\n<TD>Cobacier 1004<BR><IMG border=0 alt=\"\" src=\"/ufiles/Image/clip_image008_0000.gif\" width=134 height=53></TD>\r\n<TD>104</TD>\r\n<TD>800</TD></TR>\r\n<TR>\r\n<TD>Nergal<BR><IMG border=0 alt=\"\" src=\"/ufiles/Image/clip_image010_0000.gif\" width=123 height=51></TD>\r\n<TD>105</TD>\r\n<TD>800</TD></TR>\r\n<TR>\r\n<TD>Nervesco 1045 TS<BR><IMG border=0 alt=\"\" src=\"/ufiles/Image/clip_image012_0000.gif\" width=134 height=59></TD>\r\n<TD>105</TD>\r\n<TD>800</TD></TR>\r\n<TR>\r\n<TD>Haironville 3.333.39T<BR><IMG border=0 alt=\"\" src=\"/ufiles/Image/clip_image014_0000.gif\" width=134 height=64></TD>\r\n<TD>105</TD>\r\n<TD>800</TD></TR>\r\n<TR>\r\n<TD>25.1070<BR><IMG border=0 alt=\"\" src=\"/ufiles/Image/clip_image016_0000.gif\" width=147 height=65></TD>\r\n<TD>105</TD>\r\n<TD>800</TD></TR></TBODY></TABLE>\r\n<H2><SPAN style=\"FONT-WEIGHT: normal\">Рифленый плиты</SPAN></H2>\r\n<P><IMG class=imgBorder border=0 alt=\"\" align=left src=\"/ufiles/Image/WAVE.jpg\">Эти рифлёные плиты являются системой сотовой поликарбонатной плиты, используемой для световых люков и&nbsp;кровельных покрытий в&nbsp;гражданском и&nbsp;промышленном строительстве. Они производятся в&nbsp;двух различных вариантах: плоском и&nbsp;рифлёном.</P>\r\n<P>Сотовые <NOBR>крупно-волновые</NOBR> пластины являются особенно лёгкими, что облегчает их&nbsp;транспортировку и&nbsp;установку. Они обладают исключительной устойчивостью к&nbsp;ударам, изменениям температуры, воздействию солнечных лучей на&nbsp;своём УФ&nbsp;покрытии, износу и&nbsp;плохим погодным условиям.</P>\r\n<P>Эти пластины также обладают отличной устойчивостью к&nbsp;распределённым и&nbsp;сосредоточенным нагрузкам, удивительными жаро- и&nbsp;звукоизоляционными свойствами, в&nbsp;то&nbsp;время как не&nbsp;препятствуют хорошему прониканию света.</P>\r\n<H2><SPAN style=\"FONT-WEIGHT: normal\">Продажа рифленого и волнистого поликорбоната (Киев и вся Украина) - информация о характеристике</SPAN></H2>\r\n<H4>Размеры:<BR></H4>\r\n<UL>\r\n<LI>длина по&nbsp;заказу \r\n<LI>общая ширина 920&nbsp;мм / 1097&nbsp;мм \r\n<LI>используемая ширина 1050&nbsp;мм \r\n<LI>толщина плиты 6&nbsp;мм \r\n<LI>волна по&nbsp;Европейскому стандарту 177/51&nbsp;мм</LI></UL>\r\n<H4>Светопропускаемость:<BR></H4>\r\n<UL>\r\n<LI>вертикальная 83% \r\n<LI>касательная 85%</LI></UL>\r\n<P>Теплопередача К=2,80 ккал/м2 ч0С<BR>Звукопередача 19дБ до&nbsp;500 Гц<BR>Вес 2,00/2,50 кг/м2</P>\r\n<P>Класс пожаростойкости - М1.</P>\r\n<P><SPAN class=bg1>Доставка, монтаж, сервис, гарантия 10 лет.</SPAN></P>',1,28,NULL,NULL,1477427905,1477427905),(35,35,1,2,0,'page','Галерея теплиц','gallery-hothouses','',1,29,NULL,NULL,1477427906,1477427906),(38,16,14,15,1,'page','Алюминиевые профили','aluminum','<h1>Алюминиевые профили</h1><IMG class=imgBorder alt=\"\" src=\"/ufiles/Image/alyu.jpg\" align=left> \r\n<P>Наша компания реализует алюминиевые профили Dhaze (Франция), отличительными чертами профилей этой компании являются: легкость монтажа, европейское качество, конкурентная цена.</P>\r\n<P>Наша компания реализует: 1.6, 3, 4.2, 4.5-метровые алюминиевые профили, а также рамы и вспомогательные конструкции.</P>\r\n<P>&nbsp;</P><SPAN class=bg1>Доставка, монтаж, гарантия 10 лет, сервис.</SPAN>',1,31,NULL,NULL,1477427908,1477427908),(39,33,13,14,2,'page','Галерея металоконсрукций','gallery-metal','',1,32,NULL,NULL,1477427909,1477427909),(41,17,2,3,1,'page','Продажа теплиц','sale-hothouses','<h1>Производство теплиц</h1><P>Предлагаем арочные, дачные, садовые, зимние, термопластиковые, типовые, уникальные <A href=\"http://polikarbonatvs.com.ua/constructions/hothouses/\">теплицы</A> под сотовый поликарбонат, которые стали отличной заменой теплиц под пленку и стекло. Каркасы теплиц оцинкованные,&nbsp;алюминиевые профили. Покрытие теплицы - поликарбонат сотовый, который легче стекла, пропускает 86% видимых лучей, имеет хорошую теплоизоляцию, выдерживает большие снеговые и ветровые нагрузки, не бьется. В комплект входит инструкция по сборке, шурупы. Стандартные размеры: (2х3х4, 2х3х6, 2,5х4х6) Длина может быть любой, &nbsp; можно добавлять дополнительные секции по 2м. Они позволяют увеличивать размер теплицы до желаемых размеров. Срок эксплуатации поликарбонатной конструкции&nbsp;порядка 30 лет. <BR>Также, Вы можете <A title=\"Заказать теплицу, контакты\" href=\"/contacts/\" target=_self>заказать</A>&nbsp;строительство теплиц под индивидуальный нестандартный размер. Проекты теплиц&nbsp;- проектирование теплиц по Вашим или нашим чертежам.&nbsp;<BR>Доставка по Киеву и Украине. Гарантия 10 лет, установка теплиц, сервис. Теплица из пластика <BR><A title=\"Заказать теплицу\" href=\"http://polikarbonatvs.com.ua/contacts/\" target=_blank>Звоните и заказывайте!&nbsp;</A>&nbsp;</P>\r\n<H2>Краткое описание</H2>\r\n<P>Каркас теплицы изготовлен из оцинкованного профиля. Покрытие -&nbsp;прозрачный сотовый поликарбонат толщиной 4 мм. Теплица имеет два дверных проёма в противоположных торцах, в каждом дверном проеме&nbsp;есть дверь и форточка. <SPAN style=\"FONT-WEIGHT: normal\"><SPAN style=\"FONT-WEIGHT: normal\">Фундамент для теплицы</SPAN> </SPAN>не требуется. Теплица из поликарбоната&nbsp;крепится на грунте закапыванием специальных Т-образных окончаний каркаса. В комплект входит все необходимое для надежного крепления покрытия и подробная иллюстрированная <A title=\"Инструкция по сборке дачной теплицы\" href=\"http://polikarbonatvs.com.ua/ufiles/Image/Instrukciya.doc\">инструкция с этапами сборки теплиц</A>&nbsp;и фотографиями узлов. Сборка осуществляется с помощью винтов и гаек. Для тех, кто не может собрать самостоятельно - предлагаем услуги монтажа (1900 грн. за всю теплицу с учетом покрытия СПК). <BR><SPAN style=\"FONT-WEIGHT: bold\"><SPAN style=\"FONT-WEIGHT: normal\">Цена теплицы</SPAN> </SPAN>2х3х6 м;&nbsp;+ каркас + СПК - 4 мм;&nbsp;итого <SPAN style=\"FONT-WEIGHT: bold\"><SPAN style=\"FONT-WEIGHT: normal\">цена: 4500 грн</SPAN>.</SPAN> Прайсы на теплицы Вы можете скачать <A title=\"Смотреть или скачать прайсы\" href=\"/prices/\">прайс</A>&nbsp;на нашем сайте (правый верхний угол&nbsp;страницы). Цена розничная с учетом доставки до получателя по Киеву. Доставка по Украине от&nbsp;50-300 грн.<BR><SPAN style=\"FONT-WEIGHT: normal\"><SPAN style=\"FONT-WEIGHT: normal\">Размер теплицы:</SPAN> </SPAN>высота - 2 м; ширина - 3 м; длина - 6 м; 2х3х6 и другие под заказ. Дополнительные секции&nbsp;помогут увеличить теплицу на нужный Вам размер 8 м, 10 м, 12 м,14 м, 16 м, 20 м, 30 м и т.д. Размер повышает стоимость теплицы. Возможно изготовление теплиц<SPAN style=\"FONT-WEIGHT: bold\"> </SPAN>любых размеров&nbsp;с шириной и длиной под заказ. <BR>Остались вопросы? Звоните!</P>\r\n<P><IMG border=0 alt=\"Теплица из сотового поликарбоната\" src=\"/ufiles/Image/1.jpg\">&nbsp;</P>\r\n<P>Мы продаем теплицы и в качестве покрытия используем сотовый поликарбонат. Хотим развеять миф что весь поликарбонат одинаковый, к сожалению, производители за счет спроса на дешевый пластик, стали очень далеко отходить от технологий производства и поэтому уменьшают как толщину, так и номинальный вес листов. Также листы не покрывают&nbsp; защитным слоем от ультрафиолетового излучения, что приводит к их быстрому разрушению, срок службы таких пластиков не больше года, а порой и несколько месяцев, сомнительная экономия.<BR>Если Вы все-таки решили купить теплицу и пойти по пути экономии, то советуем приобрести специальную тепличную пленку, стоимость ее в десятки раз меньше самого дешевого поликарбоната, а срок службы в два три раза больше, до 3лет. <BR>Например, чтоб накрыть теплицу 3х6х2м вы потратите не более 250 грн.<BR>&nbsp;<BR><SPAN style=\"FONT-WEIGHT: bold\">Сотовый поликарбонат всегда остается в приоритете, вот несколько преимуществ</SPAN></P>\r\n<UL>\r\n<LI>Пропускает много света (86% видимых лучей); \r\n<LI>Не боится сильного ветра и сугробов, в то время, как стекло или плёнка могут не выдержать; \r\n<LI>Поликарбонат —&nbsp; не бьется (при этом его толщина от 4 мм); \r\n<LI>Отличная теплоизоляция; \r\n<LI>Срок службы —&nbsp;&nbsp; до 20 лет. </LI></UL>\r\n<P><SPAN style=\"FONT-WEIGHT: bold\">Профиль каркаса теплицы</SPAN> —&nbsp; оцинкован, он не подвержен коррозии. Всё, что нужно сделать для установки —&nbsp; закопать в землю «якоря» каркаса. Фундамент при желании можно не использовать. В комплекте простая и подробная инструкция сборки. Если Вы собирали туристическую палатку, то нашу теплицу для вас не составит сложности собрать.</P>\r\n<P>Размеры стандартных теплиц:</P>\r\n<UL>\r\n<LI>3х4х2; \r\n<LI>3х6х2; \r\n<LI>4х6х2,3 \r\n<LI>4х8х2,3 \r\n<LI>8х12х2,3</LI></UL>\r\n<P>По желанию длину можно собрать любую, просто добавляем секции по 2 м и удлиняем теплицу хоть до 100метров<BR></P><SPAN style=\"FONT-WEIGHT: bold\"></SPAN>\r\n<P><SPAN style=\"FONT-WEIGHT: bold\">Больше&nbsp;информации о&nbsp;производстве теплиц</SPAN></P>\r\n<P>• <A title=\"Описание продажы теплиц\" href=\"http://polikarbonatvs.com.ua/services/sale-hothouses/\" target=_blank>Описание&nbsp;продажы теплиц<BR></A>• <A title=\"Теплицы и парники изготовление и виды теплиц, преимущества теплиц\" href=\"http://polikarbonatvs.com.ua/constructions/hothouses/\" target=_blank>Изготовление теплицы<BR></A>• <A title=\"Фотогалерея теплиц из поликарбоната\" href=\"http://polikarbonatvs.com.ua/constructions/hothouses/gallery-hothouses/\" target=_blank>Фотогалерея теплиц</A><BR>• <A title=\"Статьи о поликарбонатных теплицах, теплицы\" href=\"http://polikarbonatvs.com.ua/articles/article5.htm\" target=_blank>Статьи: Все&nbsp;о теплицах</A><BR>• <A title=\"Строительство промышленных теплиц под ключ\" href=\"/constructions/industrial-hothouses/\" target=_self>Строительство промышленных теплиц<BR></A><BR>Вы также&nbsp;можете <A title=\"Инструкция по сборке теплицы\" href=\"http://polikarbonatvs.com.ua/ufiles/Image/Instrukciya.doc\"><SPAN style=\"COLOR: #810081\">скачать инструкцию по сборке и установе теплицы,&nbsp;монтаж теплицы</SPAN></A>&nbsp;из сотового поликарбоната и оцинкованного профиля&nbsp;(2.05 Мб)</P><SPAN style=\"FONT-WEIGHT: bold\"></SPAN>\r\n<P><SPAN class=bg1>Производство&nbsp;теплиц, монтаж, сервис, гарантия.</SPAN></P>',1,33,NULL,NULL,1477427909,1477427909),(42,42,1,2,0,'page','Продажа поликарбоната в Украине','sale-polycarbonate','<h1>Информация о продаже</h1><p><img class=\"imgBorderLeft\" alt=\"Поликарбонат - листовой стройпластик\" src=\"/ufiles/Image/Polikarbonat_opt.JPG\" align=\"left\" border=\"0\" height=\"119\" width=\"162\">Предлагаем&nbsp;качественный поликарбонат в Украине&nbsp;лучших торговых марок,&nbsp;мировых&nbsp;производителей&nbsp;сотового и монолитного поликарбоната оптом и в розницу: <br>•&nbsp;«POLYSIDE» (ПОЛИСАЙД, пр-ва Израиль)<br>• «POLYGAL» (ПОЛИГАЛЬ, пр-ва Израиль)<br>• «PLASTILUX» (ПЛАСТИЛЮКС, пр-ва&nbsp;Россия) <br>• «ALEXDORF», «POLYNEX» (пр-ва Китай) <br>• «STRONEX» (СТРОНЕКС, пр-ва Украина) <br>• «POLYCAM» (ПОЛИКАМ, пр-ва Турция)&nbsp; и другие.</p>\r\n<h2>Информация о продаже<br></h2>\r\n<p>Приобрести продукцию можно стандартных размеров: ширина 2,1 м, длина 6 м и 12 м, толщина 4, 6, 8, 10, 16, 32 мм. Цветовая палитра – прозрачный, опал, бронза, синий, зеленый, бирюза, серый, черный, красный, оранжевый, молочный, дымчатый. </p>\r\n<p>&nbsp;<img style=\"WIDTH: 583px; HEIGHT: 130px\" alt=\"Поликарбонат\" src=\"/ufiles/Image/poly_color.jpg\" border=\"0\" height=\"173\" width=\"797\"></p>\r\n<p><br>В нашем<span style=\"font-weight: bold;\"> </span>ассортименте есть листы поликарбонатные с защитой от ультрафиолетового излучения. Листовой поликарбонат, любых&nbsp;торговых марок по низкой&nbsp;цене производителя. Стоимость товаров есть в прайсах, которые можно скачать на нашем сайте. Выбрать наиболее подходящий поликарбонат для Ваших целей, помогут менеджеры нашей компании и для этого Вам достаточно просто <a title=\"Контакты\" href=\"/contacts/\" target=\"_blank\">позвонить</a>.</p>\r\n<p><span style=\"FONT-WEIGHT: bold\"><span class=\"tx1\" style=\"FONT-WEIGHT: bold\">Также предлагаем: <br></span><br></span>- комплектующие и системы креплений для поликарбоната<br>- теплицы из оцинкованного профиля (сборные конструкции для дачи, сада и огорода)<br>- навесы и козырьки (из металлоконструкций и поликарбоната)<br>- павильоны, навесные и раздвижные системы для бассейнов<br>- строительство светопрозрачных конструкций:&nbsp; зимние сады, оранжереи, промышленные и фермерские теплицы под ключ.</p>\r\n<p><span class=\"tx1\" style=\"FONT-WEIGHT: bold\">Мы предоставляем нашим заказчикам:<br></span>1. Оптово-розничная продажа листового поликарбоната. <br>2. Поставка пластиковых материалов нестандартных размеров и цветов.<br>3. Профессиональные консультации и рассчеты.<br>4. Порезка&nbsp;поликрбоната по размерам заказчика.<br>5. Высококачественное обслуживание клиентов (до и послепродажное сопровождение). <br>6. Производство, изготовление, монтаж и установка металлоконструкций.<br>7. Уникальная бонусная программа для дилеров.<br>8. Доставка по Киеву и Украине.<br>9. Гарантия 10 лет, сервис, <br></p>\r\n<p>Ищем дилеров и надеемся на дальнейшее сотрудничество!</p>\r\n<p><span style=\"FONT-WEIGHT: bold\"></span>&nbsp;</p>\r\n<p><span class=\"bg1\">Доставка, монтаж, сервис, гарантия 10 лет.</span></p>',1,30,NULL,NULL,1477427907,1477427907),(43,43,1,2,0,'page','(Спiваемо разом), Вишневый Сад + теплицы, поликарбонат','vs','<h1>Сайт \"Вишневый Сад\"  предлагает:</h1></A>\r\n<P><SPAN style=\"FONT-WEIGHT: bold\" class=tx1>Співайте з нами, купуйте у нас!&nbsp; </SPAN></P>\n[widget id=137]\n<h1>Полезные материалы</h1>\r\n<STYLE type=text/css><!--\r\n.style2 {font-size: 12px}\r\n--></STYLE>\r\n\r\n<TABLE border=1 cellSpacing=0 cellPadding=0 width=\"100%\">\r\n<TBODY>\r\n<TR>\r\n<TD>\r\n<P><SPAN class=style2><SPAN style=\"FONT-STYLE: italic\">Полезные материалы</SPAN><BR>Для&nbsp;строительства дома, или ремонта квартиры, представляем качественные строительные материалы. Системы для кровли - кровля и рубероид металлочерепица, шифер и композитная черепица. Отлично подходит гибкая черепица металлочерепица для кровли дачного дома. Также возможно установить&nbsp;водосточное оборудование в доме.&nbsp;</SPAN></P>\r\n<P><SPAN class=style2>В шумных местах больше уюта в квартире создадут металлопластиковые <A title=\"окна металлопластиковые\" href=\"http://ornet.com.ua/\">окна</A> двухкамерные. Застеклить <A title=\"пластиковые окна\" href=\"http://ornet.com.ua/production/windows/\">окна пластиковые</A>&nbsp;можно один раз в 10 лет. Светопропускаемость через окно будет большая. Для террас рекомендуется прозрачная кровля под&nbsp;сотовый поликарбонат. В&nbsp;Днепропетровске и в Киеве&nbsp;купить можно дешево в Украине. Гидроизоляционнные системы - гидроизоляция герметик. Оборудование насосное - насосы , циркуляционные насосы. Если Вы домохозяйка, которая любит готовить кулинарные рецепты, то Вам нужно для начала построить&nbsp; украинские теплицы и свой умный дом. На кухне Вам нужно иметь металлическую посуду,&nbsp;посуда из нержавеющей стали решает проблему правильного питания в Украине. На даче нужно строить навесы из поликарбоната и козырьки. Они будут защищать Вас от солнца и дождя. Навес защитит Ваш кузов автомобиля от каштанов, которые могут падая, сделать вмятину на автомобиле. А если вдруг это случилось, то маcтера рихтовщики по <A href=\"http://pdr.com.ua/obuchenie/\">ремонту вмятин</A> делают <A href=\"http://pdr.com.ua/\">удаление вмятины</A> без покраски по новой технологии PDR. А летом, Вы всегда сможете отправиться в отпуск в Крым. Там есть такое место в Крыму за Евпаторией с. Поповка казантип, где ежегодно проходит молодежный фестиваль Казантип. А кому будет мало, то можно отправиться на море за границу. Горящие путевки всегда можно купить туры в турцию и туры в Иорданию, а лично я люблю отдых в Болгарии недорого с ветерком. В Болгарии Vip клиентам в номерах предлагают лучшие постельные принадлежности: шерстяная постель, ее можно купить в Украине постельное белье Бауер. Для путешествий заказ билетов на автобус Путешествуя не забудьте в дорогу или домой прикупить себе домашнюю сауну. Инфракрасная сауна поможет расслабиться и придаст хороший тонус для организма. Уход за телом - это очень важно в том случаи если Вы заботитесь о здоровом образе жизни.</SPAN></P></TD></TR></TBODY></TABLE>',1,34,NULL,NULL,1477427910,1477427910),(44,44,1,2,0,'page','Все о теплицах','articles-hothouses','',1,35,NULL,NULL,1477427911,1477427911),(45,45,1,2,0,'page','Промышленные теплицы','industrial-hothouses','<h1>Промышленные теплицы</h1><p><img style=\"WIDTH: 243px; HEIGHT: 172px\" class=\"imgBorderLeft\" border=\"0\" alt=\"Промышленная теплица\" align=\"left\" src=\"/ufiles/Image/promishlenie_teplici.jpg\" width=\"230\" height=\"160\">Кроме дачных теплиц мы можем предложить&nbsp; Вам <span style=\"FONT-WEIGHT: bold\"><span style=\"FONT-WEIGHT: normal\">строительство&nbsp;промышленных теплиц</span> </span>под ключ&nbsp;и удовлетворить любые Ваши потребности в тепличном бизнесе и разработать наилучшие предложения в соотношении цены и качества! Комплексное решение тепличного хозяйства под ключ! Предлагаем все необходимые материалы, передовые технологии строительства и системы автоматики для типлиц. Сегодня новые технологии строительства теплиц позволяют автоматизировать и систематизировать все процессы для выращивания в теплицах овощей и других культур.&nbsp; В промышленной теплице 1 человек с компьютера может управлять всеми процессами: выращивание на гидропонике, система обогрева, зашторивание, отсвечивание, орошение, туманообразование, автоматика, климат-контроль, оборудование для сортировки, упаковки, внутренний транспорт в теплице и многое другое. Рабочий персонал в теплице при необходимости&nbsp;может&nbsp;работать&nbsp;не более&nbsp;5 человек (при полной автоматизации). </p>\r\n<h3><span class=\"tx1\">Начать свой тепличный бизнес - сейчас самое время! </span></h3>\r\n<p>Вы надумали заняться&nbsp;тепличным бизнесом? Мы Вам в этом поможем! <br>Предлагаем строительство промышленных теплиц,&nbsp;в которых Вам можно зарабатывать вполне&nbsp;хорошие&nbsp;деньги и тем самым создавать полезные продукты&nbsp;человечеству -&nbsp;кушать всегда хочется.<span style=\"FONT-WEIGHT: bold\"> </span></p>\r\n<h3 class=\"tx1\">Выгода промышленных теплиц </h3>\r\n<p>Для примера томоты: (1 кв.м. дает&nbsp; от 40 до 60 кг.) томатов.&nbsp; Теперь берем в среднем (50кг. помидор) и умножаем на среднюю цену в год : 7.5 грн. и получается (375 грн:. на кв.м.) - умножаем на 1 гектар и выходит: 3 750 000 грн. в год. Вот и следует призадуматься.</p>\r\n<h3><span class=\"tx1\">Стоимость промышленной теплицы под ключ</span>&nbsp;</h3>\r\n<p>Чтобы определить точную стоимость аграрной теплицы, нам&nbsp;нужно знать&nbsp;информацию о размере Вашей теплицы, культуру выращивания, климатическое расположение и т.п.&nbsp; <br>Общая стоимость <span style=\"FONT-WEIGHT: normal\"><span style=\"FONT-WEIGHT: normal\">аграрной промышленной теплицы</span>:</span> от 130 до 300 евро за кв.м. под ключ. Цена зависит от количества внутренних систем оборудования и т.п.. Разные культуры требуют разные системы на которые&nbsp;и влияет цена. Автоматика для выращивания салатов самая дорогая. Культуры выращивания: томаты, салаты, цветы, ягоды и т.д.&nbsp;&nbsp;Разным видам культур требуется разные системы.&nbsp;Есть,&nbsp;так называемые: \"игрушки для богатых\" без которых можно и обойтись и сэкономить. Все это, надо выяснить в наших с Вами переговорах.&nbsp; Мы вместе с Вами отрегулируем возможные цены которые будут приемлемы только для Вас. Остались вопросы? Звоните!<br></p>\r\n<p><span style=\"FONT-WEIGHT: bold\"></span><br>&nbsp;</p><!--noindex--><br><!--/noindex-->',1,36,NULL,NULL,1477427912,1477427912),(46,46,1,2,0,'page','Прайсы','prices','<h1>Цены на сотовый поликарбонат и теплицы в Киеве</h1><p>В этом разделе Вы можете узнать цену сотового поликарбоната и теплиц и комплектующих . Мы осуществляем доставку по Киеву и Украине. Для постоянных клиентов действует система скидок. Наша цена в Киеве на поликарбонат&nbsp;наиболее конкурентоспособная. Нашли дешевле - позвоните и&nbsp;мы предоставим цену ниже !</p><h1>Цены</h1><h4 align=\"center\">Цены на&nbsp;сотовый поликарбонат :</h4><div><img src=\"/ufiles/Image/polikarbonat0407.png\" alt=\"\" align=\"\" border=\"0px\"></div><h4 align=\"center\">Цены на&nbsp;монолитный поликарбонат :</h4><div><img src=\"/ufiles/Image/monolit_cena_17,06.png\" alt=\"\" align=\"\" border=\"0px\"></div><h4 align=\"center\">Цены на комплектующие к сотовому поликарбонату:</h4>\r\n<p align=\"center\"><img src=\"/ufiles/Image/profile0405.png\" alt=\"\" align=\"\" border=\"0px\"></p>\r\n<p>Цветной: синий, зелёный, красный, молочный только в <span style=\"font-weight: bold;\">ТМ POLYSIDE</span>.&nbsp;<br><span style=\"font-weight: bold;\">БР - </span>лист с минимальным повреждением(легкая вмятина, залом).<br>Стандартный размер листа поликарбоната <span style=\"FONT-WEIGHT: bold\">2100мм х 6000мм.</span><br><span style=\"FONT-SIZE: 9pt; FONT-FAMILY: \'Arial Black\',\'sans-serif\'; COLOR: red; mso-fareast-font-family: \'Times New Roman\'; mso-bidi-font-family: \'Times New Roman\'; mso-ansi-language: RU; mso-fareast-language: RU; mso-bidi-language: AR-SA\">Если Вы найдете дешевле, позвоните мы дадим Вам лучшую цену!</span><br><span class=\"tx2\">•</span> Торговые марки RAINBOW, TITANPLAST - 10 лет, POLYSIDE - гарантия 5 лет.<br><span class=\"tx2\">• </span>Торговые марки SUNNEX - продаются&nbsp;без гарантии.<br><span class=\"tx2\">•</span> Также, в наличии есть другие торговые марки -&nbsp;цены узнавайте по тел: (044)223-36-07<br><span class=\"tx2\">•</span>&nbsp;Всегда в наличии листы&nbsp;по выгодной цене&nbsp;с небольшими дефектами, возникшими при транспортировке поликарбоната. </p>\r\n<h4 align=\"center\">Цены на каркасы теплиц с поликарбонатом Премиум \"Славянка\"</h4>\r\n<p align=\"center\"><img src=\"/ufiles/Image/teplica23_03.png\" alt=\"\" align=\"\" border=\"0px\"></p>\r\n<p>С преимуществами и особенностями теплицы Премиум \"Славянка\" можете ознакомится <span style=\"FONT-WEIGHT: bold\"><a href=\"http://polikarbonatvs.com.ua/constructions/hothouses/\">тут</a></span></p>\r\n<h4 align=\"center\">Цены на каркасы теплиц с поликарбонатом \"Славянка\"</h4><p align=\"center\"><img src=\"/ufiles/Image/teplica23_03_4.png\" alt=\"\" align=\"\" border=\"0px\">&nbsp;</p>\r\n<p>* <span style=\"font-weight: bold;\">Цены на теплицы и на поликарбонат меняются, в зависимости от курса доллара! Актуальную стоимость уточняйте у менеджера.</span></p>\r\n<div>В <span style=\"FONT-WEIGHT: bold\">комплектацию</span> каждой теплицы, независимо от накрытия, входит</div>\r\n<div><span style=\"FONT-WEIGHT: bold\">1.</span> Каркас теплицы - труба 20х20х2;</div>\r\n<div><span style=\"FONT-WEIGHT: bold\">2.</span> Профиля соединительные;</div>\r\n<div><span style=\"FONT-WEIGHT: bold\">3.</span> Одна форточка с газовым упором подъема;</div>\r\n<div><span style=\"FONT-WEIGHT: bold\">4.</span> Одна дверь с ручкой и креплениями к каркасу;&nbsp;</div>\r\n<div><span style=\"FONT-WEIGHT: bold\">5.</span> Комплект термошайб(для крепления поликарбоната к каркасу);</div>\r\n<div><span style=\"FONT-WEIGHT: bold\">6.</span> Инструкция по сборке на украинском языке.</div>\r\n<div>&nbsp;</div>',1,38,NULL,NULL,1477427912,1477427912),(47,47,1,2,0,'articles_list_page','Продукция','catalog1','',1,39,NULL,NULL,1477427913,1477820814),(48,48,1,2,0,'page','Обогреватели','obogrevateli','',0,40,NULL,NULL,1477427913,1477427913),(49,49,1,2,0,'page','Обогреватели','obogrevately','<h1>Обогреватели, обогревательные панели</h1><P><SPAN class=bl2>Уникальный, современный, керамический&nbsp;<SPAN style=\"FONT-WEIGHT: bold\">обогреватель НКТ&nbsp;</SPAN>сочетает&nbsp;в себе качество, экономию и модный стиль! Купите прямо сейчас по тел: (050) 338-28-38 <BR>Смотрите на видео как выглядит лучший<SPAN style=\"FONT-WEIGHT: bold\">&nbsp;обогреватель 2012/2013/2014 года</SPAN></SPAN></P><PARAM name=\"movie\" value=\"http://www.youtube.com/v/oA1IWCTNZ4M?version=3&amp;hl=ru_RU&amp;rel=0\"><PARAM name=\"allowFullScreen\" value=\"true\"><PARAM name=\"allowscriptaccess\" value=\"always\"><EMBED type=application/x-shockwave-flash height=315 width=560 src=http://www.youtube.com/v/oA1IWCTNZ4M?version=3&amp;hl=ru_RU&amp;rel=0 allowscriptaccess=\"always\" allowfullscreen=\"true\"> \r\n<H2>Преимущества керамического обогревателя НКТ</H2>\r\n<P>• стильный&nbsp; дизайн<BR>• Ультратонкий(12мм)<BR>• Бесшумная работа<BR>• Мягкий тепловой поток, при помощи которого осуществляется обогрев, создает исключительный тепловой комфорт <BR>• значительная экономия электроэнергии , всего 350Вт или 500 Вт<BR>• имеет высокий уровень пожаро и взрывобезопасности <BR>• долговечность <BR>• не сжигает кислород <BR>• снижает подверженность к простудным заболеваниям при установке в детский дошкольных учереждениях. <BR>• не боится перегрузок в электросети <BR>• простота монтажа , что позволяет варьировать место и комбинацию установки <BR>• Площадь обогрева 6-8 м2 для 350Вт и 9-12 м2 для 500Вт<BR>• не поднимает пыль <BR>• разнообразие цветового исполнения.<BR>• не требует проэктов и разрешений</P>\r\n<H3>Как работают экономичные обогревательные панели&nbsp;НКТ</H3>\r\n<P><IMG class=imgBorderLeft border=0 alt=\"\" align=left src=\"/ufiles/Image/Obogrevatel1.jpg\" width=168 height=110>Предназначается как для основного, так и для дополнительного обогрева жилых, подсобных и офисных помещений. Потребление электроэнергии одной панели составляет 350Вт(500Вт) в час и при это площадь обогрева-6-8 м2(9-12м2).&nbsp; При правильном расчете обогреватель может работать не более 16 часов в сутки, что позволяет значительно экономить электроэнергию. <BR>С точки зрения экологии жилища теплопанель такого типа имеет массу преимуществ. Благодоря тому что панель закрытого типа,&nbsp; не происходит выгорание органических веществ, которые находятся в воздухе и тем самым сохраняется его микрофлора и газовый состав. Отсутствует процесс деионизации, воздушная среда сохраняет свой естественный состав с минимальным содержанием углекислого газа . Тепло равномерно распределяется по всей поверхности панели и мягкий поток воздействует непосредственно на тело человека,благодаря чему разность температур на уровне головы и ног минимальна,то есть отсутствует дискомфортный эффект горячего потолка и при этом холодного пола.<BR>С одной стороны мы видим роскошную деталь интерьера,а с другой-современную энергосберегающую технологию. <BR>Само устройство обогревателя изготовлено с применением керамики, которая еще издревна служила человеку. Для разогрева электропанели применяется нагревательный элемент нового поколения, уникальность которого состоит в большом коэффициенте теплоотдачи при малом потреблении электроэнергии. При нагревании керамики до 85 градусов получаем очень эффективный инфракрасный источник тепла. Тыльная сторона панели имеет теплоаккумулирующее покрытие и ,в свою очередь нагревается до 95 градусов и ,нагревая воздух, создает естественную конвекцию. Применение теплопанели способствует ионизации воздуха. Анионы, соединяясь с кислородом воздуха, образуют ионизированный кислород,который активно улучшает иммунные качества человеческого организма. Анионы очищают воздух и придают ему антисептические качества. Функция генерации анионов включается автоматически при включении обогревателя. Также происходит ионизация воздуха, благодаря которой уменьшается токсичность воздуха и очищение его от пыли и микробов. Взвешенные частицы загрязнений и пыли электризуются и оседают на потолок, стены, пол и таким образом воздух очищается. </P>\r\n<H3>&nbsp;</H3><SPAN class=bl2><SPAN style=\"FONT-WEIGHT: bold\">Купить обогреватель (обогревательную панель)</SPAN>&nbsp;можно синего, белого или черного цвета. <BR><SPAN style=\"FONT-WEIGHT: bold\">Металлокерамический обогреватель панель</SPAN> нового поколения&nbsp;заказать сейчас по <SPAN style=\"FONT-WEIGHT: bold\">тел: (050)338-28-38</SPAN></SPAN>\n[widget id=178]\n',1,41,NULL,NULL,1477427913,1477427913),(50,50,1,2,0,'news_list_page','Акции','discounts','',1,42,NULL,2,1477427914,1477849758),(51,51,1,2,0,'page','Вакансии','jobs','<h1>Вакансии</h1><span style=\"FONT-WEIGHT: bold\" class=\"bl2\">На данный момент нет открытых<br></span>',1,37,NULL,NULL,1477427912,1477427912),(52,52,1,2,0,'page','Рівне','rovno','\n[widget id=230]\n<h1>Обратная связь</h1>',1,43,NULL,NULL,1477427915,1477427915),(53,53,1,2,0,'page','Луцьк','luck','\n[widget id=237]\n<h1>Обратная связь</h1>',1,44,NULL,NULL,1477427916,1477427916),(54,54,1,2,0,'page','Львів','lviv','\n[widget id=244]\n<h1>Обратная связь</h1>',1,45,NULL,NULL,1477427917,1477427917),(55,55,1,2,0,'page','Житомир','zhitomir','\n[widget id=251]\n<h1>Обратная связь</h1>',1,46,NULL,NULL,1477427918,1477427918),(56,56,1,2,0,'page','Івано-Франківськ','ivano-frankivsk','\n[widget id=258]\n<h1>Обратная связь</h1>',1,47,NULL,NULL,1477427918,1477427918),(57,57,1,2,0,'page','Чернівці','chernivtsi','\n[widget id=265]\n<h1>Обратная связь</h1>',1,48,NULL,NULL,1477427919,1477427919),(58,58,1,2,0,'page','Хмельницький','hmelnickiy','\n[widget id=272]\n<h1>Обратная связь</h1>',1,49,NULL,NULL,1477427920,1477427920),(59,59,1,2,0,'page','Тернопіль','ternopil','\n[widget id=279]\n<h1>Обратная связь</h1>',1,50,NULL,NULL,1477427920,1477427920),(60,60,1,2,0,'page','Донецк','donetsk','\n[widget id=286]\n<h1>Обратная связь</h1>',1,51,NULL,NULL,1477427921,1477427921),(61,61,1,2,0,'page','Днепропетровск','dnepropetrovsk','\n[widget id=293]\n<h1>Обратная связь</h1>',1,52,NULL,NULL,1477427922,1477427922),(62,62,1,2,0,'page','Одесса','odessa','\n[widget id=300]\n<h1>Обратная связь</h1>',1,54,NULL,NULL,1477427923,1477427923),(63,63,1,2,0,'page','Запорожье','zaporozhye','\n[widget id=307]\n<h1>Обратная связь</h1>',1,55,NULL,NULL,1477427924,1477427924),(64,64,1,2,0,'page','Черкассы','cherkassy','\n[widget id=314]\n<h1>Обратная связь</h1>',1,56,NULL,NULL,1477427925,1477427925),(65,65,1,2,0,'page','Полтава','poltava','\n[widget id=321]\n<h1>Обратная связь</h1>',1,57,NULL,NULL,1477427926,1477427926),(66,66,1,2,0,'page','Донецкая область г. Славянск','doneckaya','<h1>Поликарбонат Славянск (Донецкая область)</h1><P align=justify>Еще&nbsp; совсем недавно слова <SPAN style=\"FONT-STYLE: italic\">«строительство»</SPAN> и «ремонт» ассоциировались с огромными хлопотами , поисками недорогого качественного материала и специалистов, которые могли воплотить в жизнь Ваши желания. Но с каждым днем на рынке стройматериалов, а в частности в городе Славянске появляются новые и новые материалы, которые просты и удобны в применении. К такому материалу можно отнести поликарбонат <SPAN style=\"FONT-WEIGHT: bold\">(Славянск и донецкая область)</SPAN>, который в свою очередь подразделяется на сотовый, монолитный и рифленый.</P>\r\n<H2>Какие виды поликарбоната в Славянске и донецкой области мы предлагаем</H2>\r\n<P align=justify>Самым распространенным является поликарбонат сотовый, который обладает огромным количеством преимуществ, благодаря которым он нашел свое применение практически во всех сферах строительства и сельского хозяйства. Его свойства уникальны. Наличие полостей внутри листов, так называемых «сот», делает этот материал очень легким. Конструкции, выполненные из этого материала, намного легче, чем конструкции из его аналога-стекла. Тем самым нет никакой необходимости для применения дополнительной подъемной техники и дополнительной рабочей силы. Это значительно удешевляет стоимость Вашего проекта в целом, что немаловажно в эпоху кризиса. </P>\r\n<P align=justify>В случае необходимости без особых трудностей можно произвести демонтаж конструкции и перенести ее в другое место.&nbsp; Благодаря сотам внутри листов, данный материал обладает низким коэффициентом теплопроводности, что позволяет сохранять тепло внутри любой конструкции. Это свойство нашло применение в изготовлении различного вида теплиц. Чем больше толщина листа, тем ниже коэффициент тепловодности. Таким образом, не требуется никакого дополнительного обогрева для теплицы, что позволяет снизить энергетические расходы и , теми самым , сэкономить.&nbsp; Также при производстве теплиц важно то, что сотовый поликарбонат обладает высокой светопропускной способностью, которая даже превосходит стекло.&nbsp; Очень важно отметить и то, что сотовый поликарбонат –материал абсолютно пожаробезопасен. Он не воспламеняется, а при контакте с огнем только тлеет и является самозатухающимся. </P>\r\n<H2>В Славянске можно купить поликарбонат монолитный по низким ценам</H2>\r\n<P align=justify>Еще одной разновидностью поликарбоната является поликарбонат монолитный. В отличие от сотового, такой поликарбонат, как литой, не имеет полостей внутри. Выпускается толщиной от 2 до 10мм. Он также обладает высокой светопропускной способностью, но в отличие от стекла намного прочнее. Его практически нельзя разбить, что позволяет использовать его в изготовлении защитных антивандальных конструкций в местах большого скопления людей, а также в изготовлении пуленепробиваемых перегородок в банках и защитных щитах в военной промышленности.&nbsp; В Славянске или другом городе Донецкой области, Вы можете купить поликарбонат, цены на который будут гораздо ниже тех, что предлагает рынок. Вы спросите, почему так? Потому что, весь поликарбонат в Славянске, который мы поставляем, идет непосредственно от производитлея, а мы являемся официальными поставщиками.</P>\r\n<H2>Какие преимущества поликарбоната и где в Славянске его можно встретить?</H2>\r\n<P align=justify>Этот материал очень популярен у архитекторов и дизайнеров. Благодаря своей гибкости, из него можно изготавливать конструкции самых необычных форм. В рекламной промышленности без монолитного поликарбоната&nbsp; практически не обойтись. На улицах городов,&nbsp; все чаще и чаще можно встретить огромные рекламные щиты, изготовленные из него, а также вывески и буквы с подсветкой. Это все благодаря широкой цветовой гамме этого материала.&nbsp; Качественный материал обязательно имеет защиту от вредных ультрафиолетовых лучей, что, при правильном использовании , значительно продлевает срок службы любой конструкции. </P>\r\n<P align=justify>Ну и еще одна из разновидностей поликарбоната- поликарбонат волнистый или рифленый, продажу которого в Славянске и по Донецкой области мы осуществляем. Он очень прочен и выдерживает любые погодные условия и тем самым является идеальным материалом для <SPAN style=\"FONT-STYLE: italic\">«остекленения»</SPAN> крыш и любых других конструкций. Ему не страшен ни снег ни град. Также имеет защиту от ультрафиолета, тем самым не требуя замены многие годы. При покупке любого материала не гонитесь за мнимой экономией. Покупайте товар у надежных производителей. Тем самым Вы избавите себя от ежегодной замены материала, то есть от дополнительных затрат.</P>\r\n<P><SPAN style=\"FONT-WEIGHT: bold; FONT-STYLE: italic\">Цены на поликарбонат в Славянске снижены! Звоните и узнайте все подробности по телефонам, представленным далее.</SPAN><BR><SPAN style=\"FONT-WEIGHT: bold\"><BR>Мы теперь и в Донецкой области!<BR></SPAN>С 1 марта 2013 наш новый филиал &nbsp;работает для вас в городе Славянск &nbsp;<BR>по адресу &nbsp;ул. Машчерметовская 47.<BR><BR><SPAN style=\"FONT-WEIGHT: bold\">Весь март действует акционная цена для новых покупателей.<BR>О Вашей скидке можно уточнить у менеджера.</SPAN><BR><BR>Контактные телефоны:<BR>тел: (050) 9-033-022,<BR>тел: (098) 9-033-022.<BR><BR>График работы:<BR>Пн-Пт: с 9:00 до 18:00<BR>Сб-Вс: Выходной</P>\r\n<P><BR></P>',1,58,NULL,NULL,1477427927,1477427927),(67,67,1,2,0,'page','Теплицы','teplici','',1,59,NULL,NULL,1477427928,1477427928),(69,69,1,2,0,'page','Белая церковь','belaya-tserkov','<h1>Поликарбонат Белая церковь</h1><P align=justify>Вы решили заняться тепличным бизнесом, накрыть бассейн, сделать козырек над крыльцом или просто оживить свой приусадебный участок какой-нибудь незатейливой беседкой? Тогда Вам не обойтись без такого материала, как поликарбонат в городе Белая Церковь. Уникальность его свойств позволила ему найти применение во всех сферах строительства и сельского хозяйства. Различают несколько видов поликарбоната. Это сотовый, монолитный и рифленый или волнистый.&nbsp; Все они изготавливаются из высококачественного поликарбонатного сырья и обладают высокими техническими характеристиками.</P>\r\n<P align=justify>Абсолютно все поликарбонатные листы , купленные у надежных и проверенных производителей и поставщиков, имеют защитный слой от вредных ультрафиолетовых лучей. Это является важным фактором, так как в противном случае, любая конструкция, изготовленная и поликарбонатных листов без такой защиты, очень быстро придет в негодность и потребует замены материала, а тем самым и дополнительных финансовых расходов.&nbsp; Есть и некоторые различия между этими видами поликарбоната.</P>\r\n<H2>Поговорим о видах поликарбоната, которые мы предлагаем в Белой Церкви</H2>\r\n<P align=justify><SPAN style=\"FONT-WEIGHT: bold\">Поликарбонат сотовый</SPAN> изготовлен из поликарбонатного сырья методом экструзии. Его особенность – наличие воздушной прослойки, что делает данный материал очень легким и простым в применении. Настолько простым, что Вам не потребуется ни дополнительных подъемных механизмов, ни дополнительной рабочей силы. А это существенно сокращает финансовые расходы Вашего проекта в целом.&nbsp; Наличие воздушной камеры- просто находка при изготовлении теплиц. Это понижает коэффициент теплоотдачи, позволяет сохранить значительную часть тепла внутри помещения, тем самым экономить средства на дополнительном обогреве. А это, согласитесь, немаловажно важно, в период всеобщего повышения цен на энергоносители. И причем, чем больше толщина листов, тем и экономия больше.&nbsp; </P>\r\n<P align=justify>Важным свойством сотового поликарбоната является и высокая светопропускная способность, порой даже выше,чем у стекла. Материал абсолютно пожаробезопасен.&nbsp; Он не воспламеняется и является самозатухающимся. В случае контакта с открытым огнем, листы плавятся и быстро остывают.&nbsp; Поэтому сотовый поликарбонат можно смело использовать на приусадебном участке для изготовления козырьков, навесов для автомобилей, накрытий для бассейна.&nbsp; </P>\r\n<P align=justify><SPAN style=\"FONT-WEIGHT: bold; FONT-STYLE: italic\">Монолитный поликарбонат</SPAN>&nbsp; отличается от сотового отсутствием воздушного пространства внутри листа. Это цельным материал, который выпускается толщиной от&nbsp; 2 до 10 мм. Имеет очень высокий коэффициент прочности. Его практически невозможно разбить. Это свойство активно используется в военной промышленности для создания пуленепробиваемых щитов, защитных перегородок в банках , а также антивандальных ограждений в местах большого скопления людей.&nbsp; Монолитный поликарбонат во многих сферах заменил хрупкое тяжелое стекло. <BR></P>\r\n<P align=justify><SPAN style=\"FONT-STYLE: italic\"><SPAN style=\"FONT-WEIGHT: bold\">Хочется отметить</SPAN>, что этот материал очень гибок. Это свойство привлекло особое внимание дизайнеров и архитекторов. Они получили возможность воплощать в жизнь свои самые смелые идеи, создавая конструкции самых причудливых форм. Обширная цветовая гамма-&nbsp; одно из преимуществ монолитного поликарбоната. В рекламной промышленности- это один из важных факторов.&nbsp; <BR></P></SPAN>\r\n<P align=justify>На различных выставках можно видеть яркие рекламные стенды, объемные буквы с подсветкой , что сразу же привлекает потенциальных покупателей. На улицах городов стали встречаться огромные яркие баннеры, изготовленные из монолитного поликарбоната. Тем самым этот материал прочно занял свою нишу на строительном рынке. </P>\r\n<P align=justify>Хочется сказать пару слов и о волнистом поликарбонате, продажу в Белой Церкви которого мы осуществляем.&nbsp;&nbsp; Он стал отличной альтернативой шиферу, но в отличие от последнего, намного прочнее, практически не бьется и&nbsp; выдерживает любую непогоду, даже крупный град. Также имеет защиту от ультрафиолета и может прослужить добрую службу многие годы. </P>\r\n<P><SPAN style=\"FONT-WEIGHT: bold; FONT-STYLE: italic\">Ищете, где купить поликарбонат в Белой Церкви? Низкие цены на все виды поликарбоната гарантируем!</SPAN></P>',1,53,NULL,NULL,1477427922,1477427922),(70,70,1,2,0,'page','Доставка и установка','dostavka-i-ustanovka','',0,60,NULL,NULL,1477427928,1477427928),(71,71,1,2,0,'page','dostavka','dostavka','',0,61,NULL,NULL,1477427929,1477427929),(72,72,1,2,0,'page','Доставка','dostavka-i-oplata','<h1>Доставка и оплата</h1><P><SPAN style=\"FONT-WEIGHT: bold\">Сделать заказ Вы можете следующими способами:</SPAN></P>\r\n<UL>\r\n<LI>по телефону (044) 22-33-607, (067) 410 410 0,&nbsp;(050) 200 44 04&nbsp;;</LI>\r\n<LI>непосредственно в офисе, по адресу Вишневое, ул. Промышленная 5 (Fozzy).</LI></UL>\r\n<P>Доставка осуществляется в день заказа, при условии наличия свободных машин. Либо на следующий день, в оговоренное заранее время. Стоимость доставки зависит от места и оговаривается при заказе.</P>\r\n<P>Мы работаем с грузоперевозочными компаниями Нова Пошта, Деливери, Ин-Тайм.</P>\r\n<P>Звоните, поможем выбрать оптимальный для Вас вариант!</P>\r\n<P><SPAN style=\"FONT-WEIGHT: bold\">Оплатить заказ Вы можете следующими способами:</SPAN></P>\r\n<UL>\r\n<LI>непосредственно в офисе, по адресу Вишневое, ул. Промышленная 5 (Fozzy);</LI>\r\n<LI>по безналичному расчету;</LI>\r\n<LI>при доставке заказа к Вам;</LI>\r\n<LI>Оплатой на карту Приват Банка.</LI></UL>\r\n<UL>Приятных покупок!</UL>',1,62,NULL,NULL,1477427930,1477427930),(75,75,1,2,0,'page','Утепление фасада пенопластом','uteplenie-fasada-penoplastom','<h1>Утепление фасада пенопластом</h1><p class=\"MsoNormal\" style=\"MARGIN-BOTTOM: 0pt; LINE-HEIGHT: 13.5pt; TEXT-INDENT: 35.4pt\"><span style=\"FONT-SIZE: 9pt; FONT-FAMILY: Tahoma, sans-serif\"><span style=\"FONT-WEIGHT: bold\"><br></span></span></p>\r\n<p class=\"MsoNormal\" style=\"MARGIN-BOTTOM: 0pt; LINE-HEIGHT: 13.5pt; TEXT-INDENT: 35.4pt\"><span style=\"FONT-SIZE: 9pt; FONT-FAMILY: Tahoma, sans-serif\"><span style=\"FONT-WEIGHT: bold\">Утепление фасада пенопластом</span> – одно из наилучших решений для повышения энергосбережения Вашего дома, квартиры или промышленного помещения.<br></span><span style=\"FONT-SIZE: 9pt; FONT-FAMILY: Tahoma, sans-serif; TEXT-INDENT: 35.4pt\"><span class=\"Apple-tab-span\" style=\"WHITE-SPACE: pre\"></span>Наша компания предлагает Вам заказать качественное и экономически выгодное утепление, выполненное из материалов, специально подобранных для наилучшего результата.<br></span><span style=\"FONT-SIZE: 9pt; FONT-FAMILY: Tahoma, sans-serif; TEXT-INDENT: 35.4pt\"><span class=\"Apple-tab-span\" style=\"WHITE-SPACE: pre\"></span>Вы можете заказать утепление как утепление \"под ключ\", так и материалы для него, выполнив при этом работу самостоятельно.<br></span><span style=\"FONT-SIZE: 9pt; FONT-FAMILY: Tahoma, sans-serif; TEXT-INDENT: 35.4pt\"><span class=\"Apple-tab-span\" style=\"WHITE-SPACE: pre\"></span>Материалы, которые мы предлагаем – ТМ </span><span lang=\"EN-US\" style=\"FONT-SIZE: 9pt; FONT-FAMILY: Tahoma, sans-serif; TEXT-INDENT: 35.4pt\">Anserglob</span><span style=\"FONT-SIZE: 9pt; FONT-FAMILY: Tahoma, sans-serif; TEXT-INDENT: 35.4pt\">. Этот производитель, зарекомендовавший себя как ведущий и проверенный годами, специализируется именно на этом направлении деятельности.<br></span><span style=\"FONT-SIZE: 9pt; FONT-FAMILY: Tahoma, sans-serif; TEXT-INDENT: 35.4pt\"><span class=\"Apple-tab-span\" style=\"WHITE-SPACE: pre\"></span><span style=\"FONT-WEIGHT: bold\">Пенопласт для утепления</span> – производства завода Сонант(Днепропетровск, Одесса). Позволяет заказать индивидуальную толщину/плотность пенопласта. Качество и долговечность – залог длительной эксплуатации Вашей конструкции.</span></p>\r\n<p class=\"MsoNormal\" style=\"MARGIN-BOTTOM: 0pt; LINE-HEIGHT: 13.5pt; TEXT-INDENT: 35.4pt\"><span style=\"FONT-SIZE: 9pt; FONT-FAMILY: Tahoma, sans-serif\">&nbsp; &nbsp; &nbsp; &nbsp; &nbsp; </span><span style=\"FONT-SIZE: 9pt; FONT-FAMILY: Tahoma, sans-serif; TEXT-INDENT: 35.4pt\">Общая схема утепления, с расшифровкой материалов, выглядит так:</span></p>\r\n<p class=\"MsoNormal\" style=\"MARGIN-BOTTOM: 0pt; LINE-HEIGHT: 13.5pt; TEXT-INDENT: 35.4pt\"><img border=\"0\" alt=\"\" align=\"left\" src=\"/ufiles/Image/Uteplenie_fasada.jpg\" width=\"575\" height=\"500\"></p>\r\n<p class=\"MsoNormal\" style=\"MARGIN-BOTTOM: 0pt; LINE-HEIGHT: 13.5pt; TEXT-INDENT: 35.4pt\"><br></p>\r\n<p class=\"MsoNormal\" style=\"TEXT-INDENT: 35.4pt\"><br></p>\r\n<p class=\"MsoNormal\" style=\"TEXT-INDENT: 35.4pt\"><br></p>\r\n<p class=\"MsoNormal\" style=\"TEXT-INDENT: 35.4pt\"><br></p>\r\n<p class=\"MsoNormal\" style=\"TEXT-INDENT: 35.4pt\"><br></p>\r\n<p class=\"MsoNormal\" style=\"TEXT-INDENT: 35.4pt\"><br></p>\r\n<p class=\"MsoNormal\" style=\"TEXT-INDENT: 35.4pt\"><br></p>\r\n<p class=\"MsoNormal\" style=\"TEXT-INDENT: 35.4pt\"><br><br><br></p>\r\n<p class=\"MsoNormal\" style=\"TEXT-INDENT: 35.4pt\"><br></p>\r\n<p class=\"MsoNormal\" style=\"TEXT-INDENT: 35.4pt\"><br></p>\r\n<p class=\"MsoNormal\" style=\"TEXT-INDENT: 35.4pt\"><br></p>\r\n<p class=\"MsoNormal\" style=\"TEXT-INDENT: 35.4pt\"><span style=\"TEXT-INDENT: 35.4pt\"><br></span></p>\r\n<p class=\"MsoNormal\" style=\"MARGIN-BOTTOM: 0pt; LINE-HEIGHT: 13.5pt; TEXT-INDENT: 35.4pt\"><span style=\"FONT-SIZE: 9pt; FONT-FAMILY: Tahoma, sans-serif\">Ответы на часто задаваемые вопросы:<!--?xml:namespace prefix = \"o\" /--><o:p></o:p></span></p>\r\n<p class=\"MsoNormal\" style=\"MARGIN-BOTTOM: 0pt; LINE-HEIGHT: 13.5pt\"><span style=\"FONT-SIZE: 9pt; FONT-FAMILY: Tahoma, sans-serif\"><span style=\"font-weight: bold;\">Вопрос</span>: «Для чего нужно утепление фасада»?<o:p></o:p></span></p>\r\n<p class=\"MsoNormal\" style=\"MARGIN-BOTTOM: 0pt; LINE-HEIGHT: 13.5pt\"><span style=\"FONT-SIZE: 9pt; FONT-FAMILY: Tahoma, sans-serif; FONT-STYLE: italic\">Ответ:</span><span style=\"FONT-SIZE: 9pt; FONT-FAMILY: Tahoma, sans-serif\"> Для сохранения тепла внутри дома выработанного Вашим котлом(для индивидуального отопления) либо централизованного, в случае квартиры. Так как самая большая потеря тепла осуществляется через стены, лучший способ решить эту проблему – утеплить их.</span></p>\r\n<p class=\"MsoNormal\" style=\"MARGIN-BOTTOM: 0pt; LINE-HEIGHT: 13.5pt\"><span style=\"FONT-SIZE: 9pt; FONT-FAMILY: Tahoma, sans-serif\"><span style=\"font-weight: bold;\">Вопрос</span>: «Что можно использовать в качестве утеплителя»?<o:p></o:p></span></p>\r\n<p class=\"MsoNormal\" style=\"MARGIN-BOTTOM: 0pt; LINE-HEIGHT: 13.5pt\"><span style=\"FONT-SIZE: 9pt; FONT-FAMILY: Tahoma, sans-serif; FONT-STYLE: italic\">Ответ: </span><span style=\"FONT-SIZE: 9pt; FONT-FAMILY: Tahoma, sans-serif\">На сегодняшний день самыми популярными материалами для выполнения этой задачи выступают пенопласт-пенополистирол и минеральная вата. Мы выбираем первый вариант. Пенопласт имеет ряд неоспоримых преимуществ. Во – первых, стоимость гораздо ниже, чем у ваты. Во – вторых, легкость пенопласта и удобные размеры плит позволяют с легкостью крепить его к стенам. В – третьих, высокая прочность даже при низкой плотности. В – четвертых, безопасность и огнестойкость. Также к плюсам можно отнести: высокую шумоизоляцию, теплоизоляцию, стойкость к резким перепадам температур и погодных условий.</span></p>\r\n<p class=\"MsoNormal\" style=\"MARGIN-BOTTOM: 0pt; LINE-HEIGHT: 13.5pt\"><span style=\"FONT-SIZE: 9pt; FONT-FAMILY: Tahoma, sans-serif\"><span style=\"font-weight: bold;\">Вопрос</span>: «Чем крепить пенопласт»?<o:p></o:p></span></p>\r\n<p class=\"MsoNormal\" style=\"MARGIN-BOTTOM: 0pt; LINE-HEIGHT: 13.5pt\"><span style=\"FONT-SIZE: 9pt; FONT-FAMILY: Tahoma, sans-serif; FONT-STYLE: italic\">Ответ: </span><span style=\"FONT-SIZE: 9pt; FONT-FAMILY: Tahoma, sans-serif\">Для каждой стадии крепежа используется различный клей. Для приклеивания пенопласта к стене дома –<span style=\"font-weight: bold;\"> </span></span><span style=\"font-weight: bold;\"><span lang=\"EN-US\" style=\"FONT-SIZE: 9pt; FONT-FAMILY: Tahoma, sans-serif\">Anserglob</span><span lang=\"EN-US\" style=\"FONT-SIZE: 9pt; FONT-FAMILY: Tahoma, sans-serif\"></span><span lang=\"EN-US\" style=\"FONT-SIZE: 9pt; FONT-FAMILY: Tahoma, sans-serif\">BCX</span></span><span style=\"FONT-SIZE: 9pt; FONT-FAMILY: Tahoma, sans-serif\"><span style=\"font-weight: bold;\">-39</span>, для армирования -&nbsp;</span><span style=\"font-weight: bold;\"><span lang=\"EN-US\" style=\"FONT-SIZE: 9pt; FONT-FAMILY: Tahoma, sans-serif\">Anserglob</span><span lang=\"EN-US\" style=\"FONT-SIZE: 9pt; FONT-FAMILY: Tahoma, sans-serif\"></span><span lang=\"EN-US\" style=\"FONT-SIZE: 9pt; FONT-FAMILY: Tahoma, sans-serif\">BCX</span></span><span style=\"FONT-SIZE: 9pt; FONT-FAMILY: Tahoma, sans-serif\"><span style=\"font-weight: bold;\">-40</span>. Также используется дюбель с шапкой «зонтиком», для каждой толщины – свой размер. Средний расход смеси клея составляет 4-5 кг/м2, расход дюбелей зависит от размера и толщины листа.</span></p>\r\n<p class=\"MsoNormal\" style=\"MARGIN-BOTTOM: 0pt; LINE-HEIGHT: 13.5pt\"><span style=\"FONT-SIZE: 9pt; FONT-FAMILY: Tahoma, sans-serif\"><span style=\"font-weight: bold;\">Вопрос</span>: «Как подобрать толщину пенопласта»?<o:p></o:p></span></p>\r\n<p class=\"MsoNormal\" style=\"MARGIN-BOTTOM: 0pt; LINE-HEIGHT: 13.5pt\"><span style=\"FONT-SIZE: 9pt; FONT-FAMILY: Tahoma, sans-serif; FONT-STYLE: italic\">Ответ: </span><span style=\"FONT-SIZE: 9pt; FONT-FAMILY: Tahoma, sans-serif\">Это один из самых важных вопросов, общего ответа на него нет. Каждый проект индивидуален, поэтому обращайтесь по контактным телефонам, мы подберем под Вас нужную толщину. Резка пенопласта под индивидуальный размер – <span style=\"font-weight: bold;\">бесплатна</span>! Вы платите только за объем.</span></p>\r\n<p class=\"MsoNormal\" style=\"MARGIN-BOTTOM: 0pt; LINE-HEIGHT: 13.5pt\"><span style=\"FONT-SIZE: 9pt; FONT-FAMILY: Tahoma, sans-serif\"><span style=\"font-weight: bold;\">Вопрос</span>: «Что использовать для финишного слоя утепления»?<o:p></o:p></span></p>\r\n<p class=\"MsoNormal\" style=\"MARGIN-BOTTOM: 0pt; LINE-HEIGHT: 13.5pt\"><span style=\"FONT-SIZE: 9pt; FONT-FAMILY: Tahoma, sans-serif; FONT-STYLE: italic\">Ответ: </span><span style=\"FONT-SIZE: 9pt; FONT-FAMILY: Tahoma, sans-serif\">В большинстве случаев – декоративную штукатурку. Есть множество видов, цветов и размера зерна штукатурки, что позволяет подобрать желаемый вариант, который идеально впишется в Ваш дизайн. Торговая марка </span><span lang=\"EN-US\" style=\"FONT-SIZE: 9pt; FONT-FAMILY: Tahoma, sans-serif\">Anserglob</span><span style=\"FONT-SIZE: 9pt; FONT-FAMILY: Tahoma, sans-serif\"> позволяет выбрать из 140 цветов. Процесс колирования штукатурки – непосредственно перед Вашей покупкой, тем самым Вы уверены в свежести приобретаемого товара.</span><span style=\"FONT-SIZE: 9pt; FONT-FAMILY: Tahoma, sans-serif\">&nbsp;</span></p>\r\n<p class=\"MsoNormal\" style=\"MARGIN-BOTTOM: 0pt; LINE-HEIGHT: 13.5pt\"><span style=\"FONT-SIZE: 9pt; FONT-FAMILY: Tahoma, sans-serif\"><span style=\"font-weight: bold;\">Вопрос</span>: «Какой расход материалов »?<o:p></o:p></span></p>\r\n<p class=\"MsoNormal\" style=\"MARGIN-BOTTOM: 0pt; LINE-HEIGHT: 13.5pt\"><span style=\"FONT-SIZE: 9pt; FONT-FAMILY: Tahoma, sans-serif; FONT-STYLE: italic\">Ответ: </span><span style=\"FONT-SIZE: 9pt; FONT-FAMILY: Tahoma, sans-serif\">Для каждого материала есть средний расход на метр квадратный. Информация доступна в сети интернет, а также на официальном сайте производителя. Для индивидуального просчета обращайтесь к нам.</span></p>\r\n<p class=\"MsoNormal\" style=\"MARGIN-BOTTOM: 0pt; LINE-HEIGHT: 13.5pt\"><span style=\"FONT-SIZE: 9pt; FONT-FAMILY: Tahoma, sans-serif\"><span style=\"font-weight: bold;\">Вопрос</span>: «Какова общая стоимость проекта»?<o:p></o:p></span></p>\r\n<p class=\"MsoNormal\" style=\"MARGIN-BOTTOM: 0pt; LINE-HEIGHT: 13.5pt\"><span style=\"FONT-SIZE: 9pt; FONT-FAMILY: Tahoma, sans-serif; FONT-STYLE: italic\">Ответ: </span><span style=\"FONT-SIZE: 9pt; FONT-FAMILY: Tahoma, sans-serif\">Как уже говорилось, каждый проект – индивидуален. Стоимость зависит от следующих факторов: общая площадь работы, сложность работы, выбранный материал. Для больших проектов – скидки. Обращайтесь за консультацией. Поможем с просчетом и выбором пенопласта, цветом и структурой штукатурки.</span></p>\r\n<p class=\"MsoNormal\" style=\"MARGIN-BOTTOM: 0pt; LINE-HEIGHT: 13.5pt\"><span style=\"FONT-SIZE: 9pt; FONT-FAMILY: Tahoma, sans-serif\"><span style=\"font-weight: bold;\">Вопрос</span>: «Почему именно Мы»?<o:p></o:p></span></p>\r\n<p class=\"MsoNormal\" style=\"MARGIN-BOTTOM: 0pt; LINE-HEIGHT: 13.5pt\"><span style=\"FONT-SIZE: 9pt; FONT-FAMILY: Tahoma, sans-serif; FONT-STYLE: italic\">Ответ: </span><span style=\"FONT-SIZE: 9pt; FONT-FAMILY: Tahoma, sans-serif\">Мы не первый год на рынке этого типа услуг. Все материалы, которые используем, доступны для Вашего просмотра. Многие, делая работу «под ключ», не ставят в известность, из чего сделано Ваше утепление, тем самым берут дешевые материалы, которые выполняют свою функцию пару лет. Мы не берем деньги за индивидуальный порез пенопласта и помощь в просчете Вашего проекта.</span></p>\r\n<p class=\"MsoNormal\" style=\"MARGIN-BOTTOM: 0pt; LINE-HEIGHT: 13.5pt\"><span style=\"FONT-SIZE: 9pt; FONT-FAMILY: Tahoma, sans-serif\">&nbsp;&nbsp;&nbsp;&nbsp;&nbsp;&nbsp;&nbsp;&nbsp;&nbsp;&nbsp;&nbsp; С нынешним удорожанием энергоносителей – газа, света и т.д. вопрос экономии как никогда актуален. Для его решения есть несколько способов: замена окон, установка более экономичного котла, утепление фасада пенопластом. Именно на последнее мы предлагаем обратить Ваше внимание. Этот способ позволит решить проблему холодных стен, так как именно через стены теряется основная часть тепла. Утепление фасада пенопластом – наилучшее решение, аргументированно множеством факторов и преимуществ, о которых Вы можете найти информацию в ответах изложенных выше либо в сети интернет. Вы можете заказать утепления от небольшой квартиры многоэтажного дома до промышленного помещения, офисного центра и так далее. В любом случае, расходы на этот проект гарантированно окупятся спустя несколько лет, а с условием чуть ли не ежеквартального удорожания и того быстрей. Обязательно обращайте внимание на качество материалов, которые Вам предлагают. Пенопласт должен соответствовать государственным стандартам плотности, безопасности. Существуют и экономичные варианты пенопласта с пониженной плотностью, но об этом Вас должны обязательно известить. Многие производители уменьшают плотность для большего заработка, тем самым обманывая конечного потребителя. Качество сухих смесей не менее важно, используйте только смеси предназначенные для этого рода деятельности. Очень часто, для удешевления проекта, используют клей для внутренних работ, который не устойчив к зимним перепадам температур. Как итог – разрушение конструкции и потеря свойств теплосбережения. <span style=\"FONT-WEIGHT: bold\">Утепление фасада в Киеве</span> и области – одно из самых популярных решений энергосбережения на сегодняшний день. Обращайтесь за консультацией по контактным телефонам, указанным на сайте.<o:p></o:p></span></p>\r\n<p class=\"MsoNormal\" style=\"MARGIN-BOTTOM: 0pt; LINE-HEIGHT: 13.5pt\"><span style=\"FONT-SIZE: 9pt; FONT-FAMILY: Tahoma, sans-serif\">&nbsp;&nbsp;&nbsp;&nbsp;&nbsp;&nbsp;&nbsp;&nbsp;&nbsp;&nbsp;&nbsp; Также у нас предоставлены макеты небольшого размера. Можете ознакомиться и посмотреть своими глазами, как выглядит работа по утеплению поэтапно.</span></p><p class=\"MsoNormal\" style=\"MARGIN-BOTTOM: 0pt; LINE-HEIGHT: 13.5pt\"><span style=\"font-family: Tahoma, sans-serif;\">Розничную стоимость на материалы для для утепления можете узнать <span style=\"font-weight: bold; text-decoration: underline;\"><a href=\"http://polikarbonatvs.com.ua/category35.htm\">ТУТ</a><br></span></span><span style=\"font-family: Tahoma, sans-serif;\">Для оптовых покупателей, строительных бригад - скидки!</span></p>\r\n<p class=\"MsoNormal\" style=\"MARGIN-BOTTOM: 0pt; LINE-HEIGHT: 13.5pt; TEXT-INDENT: 35.4pt\"><span style=\"FONT-SIZE: 9pt; FONT-FAMILY: Tahoma, sans-serif\">Мы предлагаем только лучшее!</span></p>\r\n<div id=\"fb-root\" class=\" fb_reset fb_reset fb_reset\"><div style=\"position: absolute; top: -10000px; height: 0px; width: 0px;\"><div></div></div><div style=\"position: absolute; top: -10000px; height: 0px; width: 0px;\"><div><iframe name=\"fb_xdm_frame_http\" frameborder=\"0\" allowtransparency=\"true\" scrolling=\"no\" id=\"fb_xdm_frame_http\" aria-hidden=\"true\" title=\"Facebook Cross Domain Communication Frame\" tabindex=\"-1\" src=\"http://static.ak.facebook.com/connect/xd_arbiter/DhmkJ2TR0QN.js?version=41#channel=f26b234548&amp;origin=http%3A%2F%2Fpolikarbonatvs.com.ua\" style=\"border: none;\"></iframe><iframe name=\"fb_xdm_frame_https\" frameborder=\"0\" allowtransparency=\"true\" scrolling=\"no\" id=\"fb_xdm_frame_https\" aria-hidden=\"true\" title=\"Facebook Cross Domain Communication Frame\" tabindex=\"-1\" src=\"https://s-static.ak.facebook.com/connect/xd_arbiter/DhmkJ2TR0QN.js?version=41#channel=f26b234548&amp;origin=http%3A%2F%2Fpolikarbonatvs.com.ua\" style=\"border: none;\"></iframe></div></div><div style=\"position: absolute; top: -10000px; height: 0px; width: 0px;\"><div></div></div><div style=\"position: absolute; top: -10000px; height: 0px; width: 0px;\"><div><iframe name=\"fb_xdm_frame_http\" frameborder=\"0\" allowtransparency=\"true\" scrolling=\"no\" id=\"fb_xdm_frame_http\" aria-hidden=\"true\" title=\"Facebook Cross Domain Communication Frame\" tabindex=\"-1\" src=\"http://static.ak.facebook.com/connect/xd_arbiter/DhmkJ2TR0QN.js?version=41#channel=f553f9018&amp;origin=http%3A%2F%2Fpolikarbonatvs.com.ua\" style=\"border: none;\"></iframe><iframe name=\"fb_xdm_frame_https\" frameborder=\"0\" allowtransparency=\"true\" scrolling=\"no\" id=\"fb_xdm_frame_https\" aria-hidden=\"true\" title=\"Facebook Cross Domain Communication Frame\" tabindex=\"-1\" src=\"https://s-static.ak.facebook.com/connect/xd_arbiter/DhmkJ2TR0QN.js?version=41#channel=f553f9018&amp;origin=http%3A%2F%2Fpolikarbonatvs.com.ua\" style=\"border: none;\"></iframe></div></div><div style=\"position: absolute; top: -10000px; height: 0px; width: 0px;\"><div></div></div><div style=\"position: absolute; top: -10000px; height: 0px; width: 0px;\"><div><iframe name=\"fb_xdm_frame_http\" frameborder=\"0\" allowtransparency=\"true\" scrolling=\"no\" id=\"fb_xdm_frame_http\" aria-hidden=\"true\" title=\"Facebook Cross Domain Communication Frame\" tabindex=\"-1\" src=\"http://static.ak.facebook.com/connect/xd_arbiter/DhmkJ2TR0QN.js?version=41#channel=f30579613&amp;origin=http%3A%2F%2Fpolikarbonatvs.com.ua\" style=\"border: none;\"></iframe><iframe name=\"fb_xdm_frame_https\" frameborder=\"0\" allowtransparency=\"true\" scrolling=\"no\" id=\"fb_xdm_frame_https\" aria-hidden=\"true\" title=\"Facebook Cross Domain Communication Frame\" tabindex=\"-1\" src=\"https://s-static.ak.facebook.com/connect/xd_arbiter/DhmkJ2TR0QN.js?version=41#channel=f30579613&amp;origin=http%3A%2F%2Fpolikarbonatvs.com.ua\" style=\"border: none;\"></iframe></div></div></div>\r\n<div class=\"fb-like fb_iframe_widget\" data-share=\"true\" data-show-faces=\"true\" data-action=\"like\" data-layout=\"standard\" data-href=\"http://polikarbonatvs.com.ua/uteplenie-fasada-penoplastom/\" fb-xfbml-state=\"rendered\" fb-iframe-plugin-query=\"action=like&amp;app_id=&amp;href=http%3A%2F%2Fpolikarbonatvs.com.ua%2Futeplenie-fasada-penoplastom%2F&amp;layout=standard&amp;locale=ru_RU&amp;sdk=joey&amp;share=true&amp;show_faces=true\"><span style=\"vertical-align: bottom; width: 450px; height: 57px;\"><iframe name=\"f1dc02df6\" width=\"1000px\" height=\"1000px\" frameborder=\"0\" allowtransparency=\"true\" scrolling=\"no\" title=\"fb:like Facebook Social Plugin\" src=\"http://www.facebook.com/v2.0/plugins/like.php?action=like&amp;app_id=&amp;channel=http%3A%2F%2Fstatic.ak.facebook.com%2Fconnect%2Fxd_arbiter%2FDhmkJ2TR0QN.js%3Fversion%3D41%23cb%3Df3a7a56ff%26domain%3Dpolikarbonatvs.com.ua%26origin%3Dhttp%253A%252F%252Fpolikarbonatvs.com.ua%252Ff26b234548%26relation%3Dparent.parent&amp;href=http%3A%2F%2Fpolikarbonatvs.com.ua%2Futeplenie-fasada-penoplastom%2F&amp;layout=standard&amp;locale=ru_RU&amp;sdk=joey&amp;share=true&amp;show_faces=true\" style=\"border: none; visibility: visible; width: 450px; height: 57px;\" class=\"\"></iframe></span></div>\r\n<p></p>\r\n<div id=\"fb-root\"></div>\r\n<script id=\"facebook-jssdk\" src=\"//connect.facebook.net/ru_RU/sdk.js#xfbml=1&amp;version=v2.0\"></script>\r\n\r\n<script>(function(d, s, id) {  var js, fjs = d.getElementsByTagName(s)[0];  if (d.getElementById(id)) return;  js = d.createElement(s); js.id = id;  js.src = \"//connect.facebook.net/ru_RU/sdk.js#xfbml=1&version=v2.0\";  fjs.parentNode.insertBefore(js, fjs);}(document, \'script\', \'facebook-jssdk\'));</script>',1,63,NULL,NULL,1477427930,1477427930),(76,76,1,2,0,'page','Акрил','akril','<h1>Листовой акрил (оргстекло)</h1><div><span class=\"Apple-tab-span\" style=\"WHITE-SPACE: pre\"></span><img border=\"0\" alt=\"\" align=\"middle\" src=\"/ufiles/Image/Akril_1.jpg\"></div>\r\n<div><br></div>\r\n<div><span style=\"FONT-WEIGHT: bold\"><span class=\"Apple-tab-span\" style=\"WHITE-SPACE: pre\"></span>Акрил - </span>идеальный материал для изготовления рекламных вывесок, элементов мебели. Широко применяется в наружной рекламе благодаря возможности формовки. Материал предоставляет собой очень прочный и, в то же время, легкий пластик. Если сравнивать со стеклом, акрил в два раза легче и в пять раз прочней стекла аналогичного размера и толщины. <span style=\"FONT-WEIGHT: bold\">Листовой акрил</span> может быть как прозрачным так и цветным, палитра из множества цветов позволяет использовать его в разработке проектов любого цвета и оттенка. Толщина листа варьируется от полутора миллиметров до двадцати пяти. Светопропускаемость прозрачного акрила 92%.&nbsp;</div><div><br></div><div><span style=\"text-align: center; font-weight: bold;\"><span class=\"Apple-tab-span\" style=\"white-space:pre\">		</span>Таблица стоимости листового экструдированного акрила Plexiglas, Akrylon</span></div><div><img src=\"/ufiles/Image/acril1102.png\" alt=\"\" align=\"\" border=\"0px\"></div>\r\n<p align=\"center\"> <span style=\"FONT-WEIGHT: bold\">Таблица стоимости литого листового акрила&nbsp;</span></p>\r\n<div style=\"text-align: center;\"><img src=\"/ufiles/Image/litojacril1102.png\" alt=\"\" align=\"\" border=\"0px\"></div><div><span style=\"font-weight: bold; text-align: -webkit-center;\"><span class=\"Apple-tab-span\" style=\"white-space:pre\">				</span>Таблица стоимости зеркального листового акрила</span></div><div style=\"text-align: center;\"><img src=\"/ufiles/Image/zerkalo_acril.png\" alt=\"\" align=\"\" border=\"0px\"></div><div><span style=\"font-weight: bold; text-align: -webkit-center;\"><span class=\"Apple-tab-span\" style=\"white-space:pre\">	</span>Таблица стоимости экструдированного Сатинового(матового) листового акрила</span></div><div style=\"text-align: center;\"><img src=\"/ufiles/Image/matovuj_acril.png\" alt=\"\" align=\"\" border=\"0px\"></div><div><span style=\"font-weight: bold; text-align: -webkit-center;\">&nbsp; &nbsp;Таблица стоимости &nbsp;Plexiglas Optical HC(наиболее устойчивое к царапинам покрытие)&nbsp;</span></div><div style=\"text-align: center;\"><img src=\"/ufiles/Image/carapiny_acril.png\" alt=\"\" align=\"\" border=\"0px\"></div>\r\n<div><span style=\"FONT-WEIGHT: bold\">Цвета в ассортименте: белый, голубой, желтый, зеленый, лимонный, малиновый, опал, оранжевый, салатовый, синий, черный, красный.</span></div>\r\n<div>Наличие цветов и толщин обязательно уточняйте по телефонам указанным в <a href=\"http://polikarbonatvs.com.ua/contacts/\"><span style=\"FONT-WEIGHT: bold\">контактной информации</span></a>.&nbsp;</div>\r\n<div>Есть <span style=\"FONT-WEIGHT: bold\">два метода изготовления</span> листового акрила:</div>\r\n<div>\r\n<ol>\r\n<li><span style=\"LINE-HEIGHT: 18px\"><span style=\"FONT-WEIGHT: bold\">Экструзия </span>- выталкивание. Непрерывная масса полимера проходит через щелевую головку, после этого охлаждается и&nbsp;режется&nbsp;на стандартные листы. Акрил, полученный этим способом обладает меньшей ударной прочностью и меньшей химической стойкостью, но у него лучшая способность к склеиванию. Есть возможность производства более длинных листов.</span> \r\n</li><li><span style=\"LINE-HEIGHT: 18px\"><span style=\"FONT-WEIGHT: bold\">Литье</span> - метод, в котором мономер ММА заливают между двумя&nbsp;параллельными плоскостями с дальнейшим твердением. По сравнению с акрилом изготовленным по методу экструзии, литой акрил обладает следующими преимуществами: более термостойкий, повышенная устойчивость к механическим нагрузкам, лучше при формовке, что позволяет использовать его в сложных конструкциях.</span></li></ol></div>\r\n<div>Преимущества акрила:</div>\r\n<div>\r\n<ul>\r\n<li><span style=\"LINE-HEIGHT: 18px\">Низкий вес, по сравнению со стеклом, в два раза легче;</span> \r\n</li><li><span style=\"LINE-HEIGHT: 18px\">Высокая ударопрочность,&nbsp;</span><span style=\"LINE-HEIGHT: 18px\">по сравнению со стеклом, в пять раз крепче;</span> \r\n</li><li><span style=\"LINE-HEIGHT: 18px\">Отличная светопропускаемость, 92% в прозрачном акриле;</span> \r\n</li><li><span style=\"LINE-HEIGHT: 18px\">Способность к формовке, изделия из акрила выполняются в различных формах;</span> \r\n</li><li><span style=\"LINE-HEIGHT: 18px\">Высокая устойчивость к внешней среде и ультрафиолетовому излучению.<br></span><span style=\"LINE-HEIGHT: 18px\"><br>Акрил используют в различных сферах:</span></li></ul>\r\n<div>\r\n<ol>\r\n<li><span style=\"LINE-HEIGHT: 18px\"><span style=\"FONT-WEIGHT: bold\">Декоративный глянцевый</span> - непрозрачные, окрашенные листы созданы для использования в домашней мебели, офисных перегородках, дверях и т.д. С помощью этого вида акрила можно создать уникальный стиль для любого помещения. Акриловые вставки подчеркнут индивидуальность и красоту каждой детали интерьера или рабочего пространства.</span> \r\n</li><li><span style=\"LINE-HEIGHT: 18px\"><span style=\"FONT-WEIGHT: bold\">Декоративный матовый</span> - полупрозрачное стекло, имеет матовую поверхность, которая не царапается и не оставляет отпечатков пальцев. Также используется в различных интерьерах домов, квартир и офисов. Благодаря светорассеиванию, широко применяется в конструкциях, которые подсвечиваются изнутри.</span> \r\n</li><li><span style=\"LINE-HEIGHT: 18px\"><span style=\"FONT-WEIGHT: bold\">Зеркальный акрил - </span>заменяет стекло в проектах, где нельзя использовать обычное стекло. Причиной этому может быть безопасность, сложность конструкции. Зеркальный акриловый лист намного прочнее и легче, он отлично формуется.</span></li></ol>\r\n<div>У нас Вы можете <span style=\"FONT-WEIGHT: bold\">купить акрил в Киеве по хорошей цене</span>. Мы осуществляем резку листа под Ваши размеры. Только качественные материалы ведущих производителей. Возможна доставка по Киеву и области. С условиями доставки можете ознакомиться <span style=\"FONT-WEIGHT: bold\"><a href=\"http://polikarbonatvs.com.ua/dostavka-i-oplata/\">ТУТ</a>.</span></div></div></div>\r\n<div><span style=\"FONT-WEIGHT: bold\"><br></span></div>\r\n<div><span style=\"FONT-WEIGHT: bold\"><br></span></div>',1,64,NULL,NULL,1477427931,1477427931),(77,77,1,2,0,'page','Газобетон','gazobeton','<h1>Газобетон</h1><P>&nbsp;&nbsp;&nbsp;&nbsp; Компания \"Алион Групп\" предлагает Вам купить качественный газобетон ведущих производителей AEROC(Обухов, Березань) и Стоунлайт(Бровары), UDK(Днепропетровск).</P>\r\n<P><IMG style=\"HEIGHT: 190px; WIDTH: 590px\" border=0 alt=\"\" align=left src=\"/ufiles/Image/Gazobeton.png\" width=624 height=190></P>\r\n<P>&nbsp;</P>\r\n<P>&nbsp;</P>\r\n<P>&nbsp;</P>\r\n<P>&nbsp;</P>\r\n<P><BR>&nbsp;&nbsp;&nbsp;&nbsp; Газобетон с&nbsp;доставкой по Киеву и области по хорошей цене!</P>\r\n<P class=MsoNormal style=\"MARGIN: 0cm 0cm 6pt; LINE-HEIGHT: normal; TEXT-INDENT: 35.4pt\"><SPAN style=\"FONT-SIZE: 12pt; FONT-FAMILY: Calibri\">Газобетон автоклавного твердения представляет собой искусственный <SPAN style=\"mso-bidi-font-weight: bold\">камень, имеющий пористую структуру, благодаря которой, обладает высокими показателями теплосбережения, низкой плотностью, легкостью в монтаже и перевозке. Газобетон ведущих производителей абсолютно безопасный, не токсичный, химически инертный, при нагревании и эксплуатации в повышенной температуре не выделяет вредных элементов. Негорючесть, воздушная и паровая проницаемость, позволяющая «стене дышать» препятствует появлению грибка, а также микроорганизмов и паразитов. Благодаря совокупности этих свойств, газобетон считают приоритетным материалом для возведения жилых зданий, а также общественных, различной сложности и этажности. <?xml:namespace prefix = \"o\" ns = \"urn:schemas-microsoft-com:office:office\" /><o:p></o:p></SPAN></SPAN></P>\r\n<P class=MsoNormal style=\"MARGIN: 0cm 0cm 6pt; LINE-HEIGHT: normal; TEXT-INDENT: 35.4pt\"><SPAN style=\"FONT-SIZE: 12pt; FONT-FAMILY: Calibri; mso-bidi-font-weight: bold\">Газобетон относят к экологически чистым строительным материалам благодаря использованию природных компонентов, таких как: гипсовый камень, цемента с отсутствием добавок, молотых кварцевого песка и негашенной извести, воды. Парообразователем выступает алюминиевая пудра, количество которой составляет 0,1% от общей массы. Ошибочно считать этот компонент вредным для человека, после завершения технологического процесса, алюминий оказывается в составе соединений, которые нейтральны и безвредны для человеческого организма.<o:p></o:p></SPAN></P>\r\n<P class=MsoNormal style=\"MARGIN: 0cm 0cm 6pt; LINE-HEIGHT: normal; TEXT-INDENT: 35.4pt\"><SPAN style=\"FONT-SIZE: 12pt; FONT-FAMILY: Calibri; mso-bidi-font-weight: bold\">К часто задаваемым вопросам и заблуждениям можно отнести следующее:<o:p></o:p></SPAN></P>\r\n<P class=MsoListParagraph style=\"MARGIN: 0cm 0cm 6pt 36pt; LINE-HEIGHT: normal; TEXT-INDENT: -18pt; mso-add-space: auto; mso-list: l0 level1 lfo1\"><SPAN style=\"FONT-WEIGHT: bold; mso-bidi-font-family: Calibri; mso-bidi-theme-font: minor-latin\"><SPAN style=\"mso-list: Ignore\"><SPAN style=\"FONT-SIZE: 12pt; FONT-FAMILY: Calibri\">1.</SPAN><SPAN style=\"FONT: 7pt \'Times New Roman\'\">&nbsp;&nbsp;&nbsp;&nbsp;&nbsp;&nbsp; </SPAN></SPAN></SPAN><SPAN style=\"FONT-SIZE: 12pt; FONT-FAMILY: Calibri; FONT-WEIGHT: bold\">Растет ли прочность газобетона с увеличением плотности?<o:p></o:p></SPAN></P>\r\n<P class=MsoNormal style=\"MARGIN: 0cm 0cm 6pt; LINE-HEIGHT: normal; TEXT-INDENT: 18pt\"><SPAN style=\"FONT-SIZE: 12pt; FONT-FAMILY: Calibri\">Нет, прочность зависит не от плотности, а от качества сырья, соблюдением технологии изготовления, поэтому у разных производителей, одна и та же плотность газобетона сопровождается разной прочностью. Задумывая проект из газобетона, обращайте внимание не на плотность, а на прочность.<o:p></o:p></SPAN></P>\r\n<P class=MsoListParagraph style=\"MARGIN: 0cm 0cm 6pt 36pt; LINE-HEIGHT: normal; TEXT-INDENT: -18pt; mso-add-space: auto; mso-list: l0 level1 lfo1\"><SPAN style=\"FONT-WEIGHT: bold; mso-bidi-font-family: Calibri; mso-bidi-theme-font: minor-latin\"><SPAN style=\"mso-list: Ignore\"><SPAN style=\"FONT-SIZE: 12pt; FONT-FAMILY: Calibri\">2.</SPAN><SPAN style=\"FONT: 7pt \'Times New Roman\'\">&nbsp;&nbsp;&nbsp;&nbsp;&nbsp;&nbsp; </SPAN></SPAN></SPAN><SPAN style=\"FONT-SIZE: 12pt; FONT-FAMILY: Calibri; FONT-WEIGHT: bold\">От чего зависит теплопроводность газобетонного блока?<o:p></o:p></SPAN></P>\r\n<P class=MsoNormal style=\"MARGIN: 0cm 0cm 6pt; LINE-HEIGHT: normal; TEXT-INDENT: 18pt\"><SPAN style=\"FONT-SIZE: 12pt; FONT-FAMILY: Calibri\">В этом случае, теплопроводность напрямую зависит от плотности, чем плотней материал, тем теплопроводность больше и наоборот.<o:p></o:p></SPAN></P>\r\n<P class=MsoListParagraph style=\"MARGIN: 0cm 0cm 6pt 36pt; LINE-HEIGHT: normal; TEXT-INDENT: -18pt; mso-add-space: auto; mso-list: l0 level1 lfo1\"><SPAN style=\"FONT-WEIGHT: bold; mso-bidi-font-family: Calibri; mso-bidi-theme-font: minor-latin\"><SPAN style=\"mso-list: Ignore\"><SPAN style=\"FONT-SIZE: 12pt; FONT-FAMILY: Calibri\">3.</SPAN><SPAN style=\"FONT: 7pt \'Times New Roman\'\">&nbsp;&nbsp;&nbsp;&nbsp;&nbsp;&nbsp; </SPAN></SPAN></SPAN><SPAN style=\"FONT-SIZE: 12pt; FONT-FAMILY: Calibri; FONT-WEIGHT: bold\">Нужно ли утеплять стену из газобетона?<o:p></o:p></SPAN></P>\r\n<P class=MsoNormal style=\"MARGIN: 0cm 0cm 6pt; LINE-HEIGHT: normal; TEXT-INDENT: 18pt\"><SPAN style=\"FONT-SIZE: 12pt; FONT-FAMILY: Calibri\">В зависимости от толщины блока и его плотности. Если Ваши стены толщиной от 300мм, с плотностью 300-400кг на 1м3, можете не утеплять. Такая стена имеет термическое сопротивление аналогичное минеральной вате толщиной 100-150мм. Затраты на дополнительное утепление будут не оправданы. В других случаях, например, толщина стены менее 250мм, а плотность больше чем 500кг, утеплять стену считается правильным и необходимым.</SPAN></P><SPAN style=\"FONT-SIZE: 12pt; FONT-FAMILY: Calibri\">\r\n<P class=MsoListParagraph style=\"MARGIN: 0cm 0cm 6pt 36pt; LINE-HEIGHT: normal; TEXT-INDENT: -18pt; mso-add-space: auto; mso-list: l0 level1 lfo1\"><SPAN style=\"FONT-WEIGHT: bold; mso-bidi-font-family: Calibri; mso-bidi-theme-font: minor-latin\"><SPAN style=\"mso-list: Ignore\"><SPAN style=\"FONT-FAMILY: Calibri\">4.</SPAN><SPAN style=\"FONT: 7pt \'Times New Roman\'\">&nbsp;&nbsp;&nbsp;&nbsp;&nbsp;&nbsp; </SPAN></SPAN></SPAN><SPAN style=\"FONT-FAMILY: Calibri; FONT-WEIGHT: bold\">Какая толщина газобетона наиболее оптимальна при строительстве частных домов?<o:p></o:p></SPAN></P>\r\n<P class=MsoNormal style=\"MARGIN: 0cm 0cm 6pt; LINE-HEIGHT: normal; TEXT-INDENT: 18pt\"><SPAN style=\"FONT-FAMILY: Calibri\">Каждый случай индивидуален, для загородной дачи, используемой в весенне-осенний период, возводят стену толщиной 200-250мм. Это обусловлено тем, что такая стена быстро прогревается. Для домов с постоянным проживанием выбирают блоки толщиной 300мм, в некоторых случаях – 375мм, такие стены очень практичны в круглогодичном использовании, также, они не требуют дополнительного утепления.<o:p></o:p></SPAN></P>\r\n<P class=MsoNormal style=\"MARGIN: 0cm 0cm 6pt; LINE-HEIGHT: normal; TEXT-INDENT: 18pt\"><o:p></o:p></SPAN>&nbsp;</P>',1,65,NULL,NULL,1477427932,1477427932),(78,78,1,2,0,'page','Белорууский поликарбонат','belorusskij-polikarbonat','<h1>Белорусский поликарбонат TitanPlast</h1><p class=\"MsoNormal\" style=\"text-align: center; text-indent: 35.4pt;\"><span lang=\"RU\" style=\"text-indent: 35.4pt;\"><img src=\"/ufiles/Image/titan.png\" alt=\"\" align=\"middle\" border=\"0px\"></span></p><p class=\"MsoNormal\" style=\"text-indent:35.4pt\"><span lang=\"RU\">Первый производитель сотового поликарбоната в Республике Беларусь завод\r\nТитанПласт предлагает лучший сотовый поликарбонат различной толщины и цвета. Оборудование,\r\nна котором изготавливается поликарбонат, компании </span><span lang=\"EN-US\">OMIPA</span><span lang=\"RU\"> (Италия). Сырье, из которого производится сотовый поликарбонат, компании </span><span lang=\"EN-US\">Sabic</span><span lang=\"EN-US\"> </span><span lang=\"RU\">– мирового лидера в этой отрасли. Обращаем Ваше внимание, что компания\r\nТитанПласт НЕ использует вторичное сырье! &nbsp;Как определить использовалось ли вторичное\r\nсырье в поликарбонате, который Вы покупаете? При покупке обязательно посмотрите\r\nвнимательно на листы, если Вы видите крапления внутри листа (точки или крупинки),\r\nто это признак использования вторсырья, если лист чист и на нем нет никаких\r\nкраплений – поликарбонат произведен из первичного сырья.<o:p></o:p></span></p><p class=\"MsoNormal\"><span lang=\"RU\">&nbsp;&nbsp;&nbsp;&nbsp;&nbsp;&nbsp;&nbsp;&nbsp;&nbsp;&nbsp;&nbsp;&nbsp;&nbsp;&nbsp;&nbsp; Линейка продукции, на\r\nсегодняшний день, состоит из трех стандартов производства, </span><span lang=\"EN-US\">TitanPlast</span><span lang=\"EN-US\"> </span><span lang=\"RU\">– </span><span lang=\"EN-US\">T</span><span lang=\"RU\">, </span><span lang=\"EN-US\">TitanPlast</span><span lang=\"EN-US\"> </span><span lang=\"RU\">– </span><span lang=\"EN-US\">T</span><span lang=\"RU\">3, </span><span lang=\"EN-US\">TitanPlast</span><span lang=\"EN-US\"> </span><span lang=\"RU\">– </span><span lang=\"EN-US\">T</span><span lang=\"RU\">10. Обращаем Ваше внимание на то, что <span style=\"font-weight: bold;\">минимальная гарантия на материал составляет\r\n10 лет. </span><o:p></o:p></span></p><p class=\"MsoListParagraphCxSpFirst\" style=\"text-indent:-18.0pt;mso-list:l1 level1 lfo1\"><!--[if !supportLists]--><span lang=\"RU\" style=\"font-family:Symbol;mso-fareast-font-family:Symbol;mso-bidi-font-family:\r\nSymbol;mso-ansi-language:RU\">·<span style=\"font-stretch: normal; font-size: 7pt; line-height: normal; font-family: \'Times New Roman\';\">&nbsp;&nbsp;&nbsp;&nbsp;&nbsp;&nbsp;&nbsp;&nbsp;\r\n</span></span><!--[endif]--><span lang=\"EN-US\" style=\"font-weight: bold;\">TitanPlast</span><span lang=\"EN-US\" style=\"font-weight: bold;\"> </span><span lang=\"EN-US\" style=\"font-weight: bold;\">T</span><span lang=\"EN-US\"> </span><span lang=\"RU\">– поликарбонат с\r\nминимально допустимой плотностью, согласно Белорусским стандартам качества, применяется\r\nв неотапливаемых теплицах, обустройства перегородок внутри зданий, изготовление\r\nрекламных вывесок, обустройство козырьков;<o:p></o:p></span></p><p class=\"MsoListParagraphCxSpMiddle\" style=\"text-indent:-18.0pt;mso-list:l1 level1 lfo1\"><!--[if !supportLists]--><span lang=\"RU\" style=\"font-family:Symbol;mso-fareast-font-family:Symbol;mso-bidi-font-family:\r\nSymbol;mso-ansi-language:RU\">·<span style=\"font-stretch: normal; font-size: 7pt; line-height: normal; font-family: \'Times New Roman\';\">&nbsp;&nbsp;&nbsp;&nbsp;&nbsp;&nbsp;&nbsp;&nbsp;\r\n</span></span><!--[endif]--><span lang=\"EN-US\" style=\"font-weight: bold;\">TitanPlast</span><span lang=\"EN-US\" style=\"font-weight: bold;\"> </span><span lang=\"EN-US\" style=\"font-weight: bold;\">T</span><span lang=\"RU\" style=\"font-weight: bold;\">3 – </span><span lang=\"RU\">лучший поликарбонат по соотношению\r\nцена/качество, высокая плотность, широкий ассортимент толщин и цвета,\r\nприменяется в строительстве арочных конструкций(автомобильных навесов,\r\nкозырьков), теплицах с отоплением, &nbsp;зенитных\r\nфонарях, кровельном остеклении, остеклении зданий, толщины 16 и 20 миллиметров\r\nимеют многокамерную структуру применяемую в зимних садах;<o:p></o:p></span></p><p class=\"MsoListParagraphCxSpLast\" style=\"text-indent:-18.0pt;mso-list:l1 level1 lfo1\"><!--[if !supportLists]--><span lang=\"RU\" style=\"font-family:Symbol;mso-fareast-font-family:Symbol;mso-bidi-font-family:\r\nSymbol;mso-ansi-language:RU\">·<span style=\"font-stretch: normal; font-size: 7pt; line-height: normal; font-family: \'Times New Roman\';\">&nbsp;&nbsp;&nbsp;&nbsp;&nbsp;&nbsp;&nbsp;&nbsp;\r\n</span></span><!--[endif]--><span lang=\"EN-US\" style=\"font-weight: bold;\">TitanPlast</span><span lang=\"EN-US\" style=\"font-weight: bold;\"> </span><span lang=\"EN-US\" style=\"font-weight: bold;\">T</span><span lang=\"RU\" style=\"font-weight: bold;\">10 – </span><span lang=\"RU\">сотовый поликарбонат этого стандарта\r\nиспользуется в конструкциях подверженных максимальным нагрузкам (навесы и\r\nкозырьки, на которые постоянно падают тяжелые предметы), в городском\r\nстроительстве (остановки, телефонные будки), в зимних садах и оранжереях\r\nприменяется толщина 16 и 20 миллиметров.<o:p></o:p></span></p><p class=\"MsoNormal\" style=\"text-indent:35.4pt\"><span lang=\"RU\">Срок службы поликарбоната зависит не только от плотности, но и от наличия\r\nзащиты от ультрафиолетовых лучей. К сожалению, многие производители реализуют\r\nматериал без УФ защиты, как итог, срок службы составляет всего несколько лет.\r\nОбращаем Ваше внимание, что <span style=\"font-weight: bold;\">весь сотовый\r\nполикарбонат производства </span></span><span lang=\"EN-US\" style=\"font-weight: bold;\">TitanPlast</span><span lang=\"EN-US\" style=\"font-weight: bold;\"> </span><span lang=\"RU\" style=\"font-weight: bold;\">обладает защитой от УФ</span><span lang=\"RU\">. Какой именно спросите Вы, для каждого стандарта\r\nпроизводства предусмотрен своей слой защиты:<o:p></o:p></span></p><p class=\"MsoListParagraphCxSpFirst\" style=\"margin-left:54.0pt;mso-add-space:\r\nauto;text-indent:-18.0pt;mso-list:l0 level1 lfo2\"><!--[if !supportLists]--><span lang=\"RU\" style=\"font-family:Symbol;mso-fareast-font-family:Symbol;mso-bidi-font-family:\r\nSymbol;mso-ansi-language:RU\">·<span style=\"font-stretch: normal; font-size: 7pt; line-height: normal; font-family: \'Times New Roman\';\">&nbsp;&nbsp;&nbsp;&nbsp;&nbsp;&nbsp;&nbsp;&nbsp;\r\n</span></span><!--[endif]--><span lang=\"EN-US\">TitanPlast</span><span lang=\"EN-US\"> </span><span lang=\"EN-US\">T</span><span lang=\"EN-US\"> </span><span lang=\"RU\" style=\"font-weight: bold;\">– </span><span lang=\"RU\">слой УФ защиты 25 микрон;<o:p></o:p></span></p><p class=\"MsoListParagraphCxSpMiddle\" style=\"margin-left:54.0pt;mso-add-space:\r\nauto;text-indent:-18.0pt;mso-list:l0 level1 lfo2\"><!--[if !supportLists]--><span lang=\"RU\" style=\"font-family:Symbol;mso-fareast-font-family:Symbol;mso-bidi-font-family:\r\nSymbol;mso-ansi-language:RU\">·<span style=\"font-stretch: normal; font-size: 7pt; line-height: normal; font-family: \'Times New Roman\';\">&nbsp;&nbsp;&nbsp;&nbsp;&nbsp;&nbsp;&nbsp;&nbsp;\r\n</span></span><!--[endif]--><span lang=\"EN-US\">TitanPlast</span><span lang=\"EN-US\"> </span><span lang=\"EN-US\">T</span><span lang=\"RU\">3<span style=\"font-weight: bold;\"> – </span>слой УФ защиты 40 микрон;<o:p></o:p></span></p><p class=\"MsoListParagraphCxSpLast\" style=\"margin-left:54.0pt;mso-add-space:auto;\r\ntext-indent:-18.0pt;mso-list:l0 level1 lfo2\"><!--[if !supportLists]--><span lang=\"RU\" style=\"font-family:Symbol;mso-fareast-font-family:Symbol;mso-bidi-font-family:\r\nSymbol;mso-ansi-language:RU\">·<span style=\"font-stretch: normal; font-size: 7pt; line-height: normal; font-family: \'Times New Roman\';\">&nbsp;&nbsp;&nbsp;&nbsp;&nbsp;&nbsp;&nbsp;&nbsp;\r\n</span></span><!--[endif]--><span lang=\"EN-US\">TitanPlast</span><span lang=\"EN-US\"> </span><span lang=\"EN-US\">T</span><span lang=\"RU\">10<span style=\"font-weight: bold;\"> – </span>слой УФ защиты 48 микрон;<o:p></o:p></span></p><p class=\"MsoNormal\" style=\"text-indent:35.4pt\"><span lang=\"RU\">Обращаем Ваше внимания, что защита УФ наносится методом <span style=\"font-weight: bold;\">соэкструзии</span>. Это очень важный момент,\r\nтак как многие производители лишь декларируют на бумаге защитный слой, а на\r\nсамой деле, защита полностью отсутствует или присутствует как составляющая\r\nлиста (в сырье добавляется УФ стабилизатор которые не распределяется на весь\r\nлист, а отображается отдельными точками). Такой, недобросовестный способ\r\nпроизводства присутствует в поликарбонате производства Китай, а также в некоторых\r\nбрендах РФ. <o:p></o:p></span></p><p class=\"MsoNormal\" style=\"text-indent:35.4pt\"><span lang=\"RU\">Для удобства транспортировки и монтажа весь сотовый поликарбонат ТитанПласт\r\nпокрыт защитной пленкой, которая предотвращает появлению царапин при перевозке\r\nи монтаже на конструкции.<o:p></o:p></span></p><p class=\"MsoNormal\" style=\"text-indent:35.4pt\"><span lang=\"RU\">Каждая партия сопровождается сертификатами качества, подтверждающим высокие\r\nстандарты производства Республики Беларусь. Рынок Украины давно наполнили и\r\nзавоевали товары различных категорий: продукты питания, косметика, двери.\r\nБлагодаря высоким стандартам производства эти товары имеют высокий спрос и\r\nпопулярность среди потребителей.</span></p><p class=\"MsoNormal\" style=\"text-indent:35.4pt\"><span lang=\"RU\" style=\"font-weight: bold;\">Мы уверены, что сотовый\r\nполикарбонат производства Беларусь завоюет Ваше доверие благодаря качеству,\r\nофициальной гарантии и длительному сроку службы!<o:p></o:p></span></p>',1,66,NULL,NULL,1477427932,1477427932),(79,79,1,2,0,'page','Поликарбонат цена размеры','polikarbonat-cena-razmery','',0,67,NULL,NULL,1477427932,1477427932),(80,80,1,2,0,'search_page','Поиск','search','',1,NULL,NULL,NULL,1478454482,1478454482);
/*!40000 ALTER TABLE `tbl_pages` ENABLE KEYS */;
UNLOCK TABLES;

--
-- Table structure for table `tbl_product_categories`
--

DROP TABLE IF EXISTS `tbl_product_categories`;
/*!40101 SET @saved_cs_client     = @@character_set_client */;
/*!40101 SET character_set_client = utf8 */;
CREATE TABLE `tbl_product_categories` (
  `id` int(11) NOT NULL AUTO_INCREMENT,
  `tree` int(11) DEFAULT NULL,
  `lft` int(11) NOT NULL,
  `rgt` int(11) NOT NULL,
  `depth` int(11) NOT NULL,
  `name` varchar(255) COLLATE utf8_unicode_ci NOT NULL,
  `slug` varchar(255) COLLATE utf8_unicode_ci NOT NULL,
  `description` text COLLATE utf8_unicode_ci,
  `content` text COLLATE utf8_unicode_ci,
  `image_id` int(11) DEFAULT NULL,
  `status` tinyint(1) NOT NULL DEFAULT '1',
  `template_id` int(11) DEFAULT NULL,
  `facet_set_id` int(11) DEFAULT NULL,
  `created_at` int(11) NOT NULL,
  `updated_at` int(11) NOT NULL,
  PRIMARY KEY (`id`),
  KEY `lft_rgt` (`lft`,`rgt`),
  KEY `depth` (`depth`),
  KEY `tree` (`tree`),
  KEY `name` (`name`),
  KEY `FK_product_categories_image_id` (`image_id`),
  CONSTRAINT `FK_product_categories_image_id` FOREIGN KEY (`image_id`) REFERENCES `tbl_product_category_files` (`id`) ON DELETE SET NULL ON UPDATE CASCADE
) ENGINE=InnoDB AUTO_INCREMENT=55 DEFAULT CHARSET=utf8 COLLATE=utf8_unicode_ci;
/*!40101 SET character_set_client = @saved_cs_client */;

--
-- Dumping data for table `tbl_product_categories`
--

LOCK TABLES `tbl_product_categories` WRITE;
/*!40000 ALTER TABLE `tbl_product_categories` DISABLE KEYS */;
INSERT INTO `tbl_product_categories` VALUES (1,NULL,1,100,0,'Каталог','catalog','','<p>Каталог.</p>\r\n',NULL,1,NULL,NULL,1475612842,1477820866),(2,NULL,2,25,1,'Поликарбонаты','category2.htm','Кровельные материалы для светопропускающей кровли: сотовый поликарбонат, монолитный поликарбонат, комплектующие для поликарбоната','',1,1,NULL,NULL,1475612842,1475612842),(3,NULL,26,43,1,'Теплицы','category3.htm','Каталог теплиц: теплицы арочные, теплицы двухскатные, теплицы из профильной трубы, теплицы любые под зааказ фермерские и промышленные, все для теплиц.','<P>&nbsp;</P>',2,1,NULL,NULL,1475612842,1475612842),(4,NULL,54,63,1,'Металлоконструкции','category4.htm','Металлокаркасы, металлоизделие, конструкции под поликарбонат: навесы и козырьки, заборы и ограждения, ворота, ковка.','',4,0,NULL,NULL,1475612843,1475612843),(5,NULL,44,53,1,'Садоводство','category5.htm','Семена и саженцы, растения, удобрения, срество для защиты растений, садовая техника, садовый инструмент, все для садовода, сад и огород.','',3,0,NULL,NULL,1475612842,1475612843),(6,NULL,27,28,2,'Теплицы арочные','category6.htm','','<P>&nbsp;</P>',10,1,NULL,NULL,1475612846,1475612846),(7,NULL,39,40,2,'Теплицы двухскатные','category7.htm','','<P>&nbsp;</P>',15,1,NULL,NULL,1475612848,1475612848),(8,NULL,41,42,2,'Теплицы промышленные под заказ','category8.htm','','<P>&nbsp;</P>',16,1,NULL,NULL,1475612848,1475612848),(9,NULL,3,16,2,'Поликарбонат сотовый','category9.htm','','',9,1,NULL,NULL,1475612844,1475612845),(10,NULL,23,24,2,'Поликарбонат монолитный','category10.htm','','',17,1,NULL,NULL,1475612848,1475612849),(11,NULL,17,22,2,'Комплектующие для поликарбоната','category11.htm','','',12,1,NULL,NULL,1475612847,1475612847),(12,NULL,4,5,3,'4 мм','category12.htm','','',NULL,1,NULL,NULL,1475612845,1475612845),(13,NULL,6,7,3,'6 мм','category13.htm','','',NULL,1,NULL,NULL,1475612845,1475612845),(14,NULL,8,9,3,'8 мм','category14.htm','','',NULL,1,NULL,NULL,1475612845,1475612845),(15,NULL,10,11,3,'10 мм','category15.htm','','',NULL,1,NULL,NULL,1475612845,1475612845),(16,NULL,12,13,3,'16 мм','category16.htm','','',NULL,1,NULL,NULL,1475612845,1475612845),(17,NULL,14,15,3,'25 мм','category17.htm','','',NULL,1,NULL,NULL,1475612847,1475612847),(18,NULL,18,19,3,'Профиль','category18.htm','','',13,1,NULL,NULL,1475612847,1475612847),(19,NULL,20,21,3,'Гарнитура','category19.htm','','',14,1,NULL,NULL,1475612848,1475612848),(20,NULL,49,50,2,'Семена, саженцы, растение','category20.htm','','',NULL,1,NULL,NULL,1475612847,1475612847),(21,NULL,45,46,2,'Садовая техника','category21.htm','','',NULL,1,NULL,NULL,1475612843,1475612843),(22,NULL,55,56,2,'Козырьки','category22.htm','','<P>&nbsp;</P>',5,1,NULL,NULL,1475612843,1475612843),(23,NULL,57,58,2,'Навесы и автонавесы','category23.htm','','',6,1,NULL,NULL,1475612843,1475612844),(24,NULL,59,60,2,'Заборы и ограждения','category24.htm','','',7,1,NULL,NULL,1475612844,1475612844),(25,NULL,61,62,2,'Металлические ворота','category25.htm','','',8,1,NULL,NULL,1475612844,1475612844),(26,NULL,29,38,2,'Все для теплиц','category26.htm','','',11,1,NULL,NULL,1475612846,1475612846),(27,NULL,47,48,2,'Удобрения','category27.htm','','',NULL,1,NULL,NULL,1475612846,1475612846),(28,NULL,51,52,2,'Средство для защиты растений','category28.htm','','',NULL,1,NULL,NULL,1475612848,1475612848),(29,NULL,32,33,3,'Системы проветрования в теплицах','category29.htm','','',NULL,1,NULL,NULL,1475612848,1475612848),(30,NULL,34,35,3,'Полив для растений в теплице','category30.htm','','',NULL,1,NULL,NULL,1475612848,1475612848),(31,NULL,36,37,3,'Освещение для теплиц','category31.htm','','',NULL,1,NULL,NULL,1475612848,1475612848),(32,NULL,30,31,3,'Отопление и обогреватели, котлы для обогрева теплиц','category32.htm','','',NULL,1,NULL,NULL,1475612846,1475612846),(33,NULL,64,65,1,'Выбор обогревателя','category33.htm','Обогреватели для дома, экономный обогреватель для дачи. Универсальные <a href=\"http://polikarbonatvs.com.ua/obogrevately/\">обогреватели</a> по выгодной цене в Киеве с доставкой. Нано технологии обогревателя №1','<DIV><BR></DIV>',18,1,NULL,NULL,1475612849,1475612849),(34,NULL,66,67,1,'Подоконники','category34.htm','Все для окон: подоконники премиум класса, пластиковые <a href=\"http://polikarbonatvs.com.ua/product246.htm\">отливы</a>  ПВХ, пластиковые <a href=\"http://polikarbonatvs.com.ua/product245.htm\">откосы</a> ПВХ, <a href=\"http://polikarbonatvs.com.ua/product244.htm\">подоконники Данке</a> качественные.','<NOINDEX>Современные пластиковые окна устанавливают в любое помещение: офис, дом, квартиру. Для оформления пластиковых окон внутри помещений используют <SPAN style=\"FONT-WEIGHT: bold\">пластиковые подоконники</SPAN>. Они органично вписываются в современные интерьеры и не акцентируют на себе внимание.<BR><BR><SPAN class=cat_descr><SPAN style=\"FONT-WEIGHT: bold\">Хотим познакомить вас с совершенно новый, не имеющий аналогов, пластиковый подоконник торговой марки «Данке».</SPAN><BR></SPAN><SPAN class=cat_descr>Благодаря своим уникальным характеристикам и прочности <SPAN style=\"FONT-WEIGHT: bold\">подоконник ТМ \"Данке\"&nbsp;</SPAN>успешно используется в качестве рабочих поверхностей кухонь.<BR><BR><SPAN style=\"FONT-WEIGHT: bold\">Качество не уступает граниту, камню, мрамору и другим сверхтвердым материалам!<BR><BR>Внешний вид подоконника имитирует камень, дерево, мрамор, гранит и другие материалы.</SPAN><BR><BR><SPAN class=bl2>Время массивных и громоздких подоконников давно прошло и на смену им пришли современные легкие и изящные изделия из пластика.</SPAN><BR> Такие изделия менее подвержены термальной деформации и исключают рассыхание материала, а также не требуют дополнительного покрытия и устойчивы к воздействию прямых солнечных лучей. <BR><BR><SPAN style=\"FONT-WEIGHT: bold\">Материал</SPAN><BR>Экологически чистый материал для изготовления пластиковых подоконников оказывает высокое сопротивление химически активным веществам и горению. Состав материала не предусматривает вредных добавок и обеспечивает устойчивость к различным воздействиям.<BR><BR><SPAN style=\"FONT-WEIGHT: bold\">Монтаж и эксплуатация</SPAN><BR>Монтаж такого изделия достаточно легкий и исключает стыки и швы. Еще одним преимуществом подоконников является легкий уход: уборка влажной тканью или губкой. <BR>Если нет возможности установить подоконник сразу после покупки, их хранят на ровной горизонтальной поверхности, что позволяет избежать изгибов. Опасны для пластиковых подоконников могут быть удары и открытый огонь.<BR><BR><SPAN style=\"FONT-WEIGHT: bold\">Срок службы и другие характеристики</SPAN><BR>Правильно установленные пластиковые подоконники могут прослужить не одно десятилетие при достаточно неприхотливом уходе. Они значительно превосходят свои деревянные аналоги по эксплуатационным характеристикам и намного дешевле обходятся при покупке.&nbsp;<BR><BR>Производители из Германии&nbsp;позаботились о широком выборе качественных пластиковых подоконников. Их установка не вызывает каких-либо затруднений. Кроме того, их эстетичный вид позволяет сделать интерьер интересным и современным.</NOINDEX></SPAN>',19,1,NULL,NULL,1475612849,1475612849),(35,NULL,68,81,1,'Фасадные материалы','category35.htm','Все для утепления фасада: Пенопласт, смеси для утепления фасада, смеси для декоративной штукатурки, смеси для склеивания пенопласта. Штукатурка акриловая, структурная и силиконовая. Армировочная сетка штукатурная, термодюбели, эмульсии грунтовка, краски фасадные.','<P>Компания АЛИОН ГРУПП предлагает в широком ассортимете материалы для утепления фасадов, стен в Киеве и других городах Украины. Наши утеплители производятся из высококачественных материалов.&nbsp; </P>\r\n<P>Утеплители помогут вам провести работы по наружному утеплению. Также в ассортименте широкий спектр отделочных материалов, фасадных красок, декоративных штукатурок, грунтовок, комплектующих для проведения работ по утеплению стены и фасада.</P>\r\n<P><SPAN style=\"FONT-WEIGHT: bold\">О наружном утеплении фасадов</SPAN></P>\r\n<P><SPAN style=\"FONT-STYLE: italic\">В последнее время&nbsp;в Украине&nbsp;все более популярным становится наружное утепление фасадов. Это не удивительно,поскольку постоянно дорожают энергоресурсы. Конечно наиболее актуальным является утепление современных домов,так как в этих домах стоят счетчики тепла. <BR><BR>Но и в старых зданиях этот метод довольно эффективен. Несомненными плюсами наружного утепления является его универсальность,зимой держит тепло,летом-прохладу,так же, в отличии от внутренних систем утепления,не занимает внутреннее пространство помещения,и является экологически чистым. <BR><BR>При качественном монтаже стоимость может составлять от $20 до $35 за один квадратный метр. Но если вы зимой активно пользуетесь отопительными электроприборами,а летом кондиционером,то эти деньги окупятся в течении 1-2 сезонов. <BR><BR>В основе технологии лежат пенополистирольные плиты которые крепятся непосредственно на стену,с помощью специального клея.Затем наносится и армируется слой водоотталкивающей штукатурки,обрабатывается грунтовкой и красится. Монтаж 30-40 квадратных метров (средняя двухкомнатная квартира)занимает около двух-трех дней. Срок эксплуатации при правильно соблюденной технологии монтажа составляет до 25 лет.</SPAN></P>',20,1,NULL,NULL,1475612849,1475612849),(36,NULL,69,70,2,'Пенопласт (пенополистирол)','category36.htm','Теплоизоляция стен, утепление фасадов. Пенопласт - это легкий тепло- и звукоизоляционный материал белого цвета. Наша компания предлагает в широком ассортимете материалы для утепления фасадов, стен в Киеве и других городах Украины.','<BLOCKQUOTE style=\"MARGIN-RIGHT: 0px\" dir=ltr>\r\n<BLOCKQUOTE style=\"MARGIN-RIGHT: 0px\" dir=ltr>\r\n<BLOCKQUOTE style=\"MARGIN-RIGHT: 0px\" dir=ltr>\r\n<BLOCKQUOTE style=\"MARGIN-RIGHT: 0px\" dir=ltr>\r\n<P align=left><SPAN style=\"FONT-WEIGHT: bold\">&nbsp;&nbsp;&nbsp;&nbsp;&nbsp;&nbsp;&nbsp;&nbsp;&nbsp; Пенопласт (пенополистирол).</SPAN><BR>&nbsp;&nbsp;&nbsp;&nbsp;&nbsp;&nbsp;&nbsp;&nbsp;&nbsp; Пенопласт - это легкий тепло-звукоизоляционный материал белого цвета, который изготавливается из вспененого полистирола. На сегодняшний день пенопласт является популярным материалом для утепления стен и фасадов, за счет его высокой теплоизоляции, на которую не влияют повышение и понижение температуры окружающей природной среды и влажности, при невысокой стоимости.<BR>Пенопласт является нетоксичным и безопасным для здоровья человека и животных, кроме того данный материал устойчив к воздействию различных микроорганизмов.</P></BLOCKQUOTE></BLOCKQUOTE></BLOCKQUOTE></BLOCKQUOTE>\r\n<P align=justify><SPAN style=\"FONT-WEIGHT: bold\">&nbsp;&nbsp;&nbsp;&nbsp;&nbsp;&nbsp;&nbsp;&nbsp;&nbsp; Теплоизоляция стен, утепление фасадов.<BR></SPAN>&nbsp;&nbsp;&nbsp;&nbsp;&nbsp;&nbsp;&nbsp;&nbsp;&nbsp; Холодные стены - это проблема многих жилых и офисных помещений. На сегодняшний день очень актуальным является утепление фасадов домов и зданий, а также утепление стен внутри помещений. Использование теплоизоляционных материалов позволит сохранить тепло в помещениях и сэкономить деньги на тепло- и электроэнергии. <BR>&nbsp;&nbsp;&nbsp;&nbsp;&nbsp;&nbsp;&nbsp;&nbsp;&nbsp; Наша компания предлагает Вам полный комплекс материалов для утепления фасадов и стен&nbsp; по доступным ценам.<BR></P><SPAN style=\"FONT-WEIGHT: bold\"></SPAN>\r\n<P align=justify><SPAN style=\"FONT-WEIGHT: bold\">&nbsp;&nbsp;&nbsp;&nbsp;&nbsp;&nbsp;&nbsp;&nbsp; Свойства пенопласта как утеплителя</SPAN><BR>&nbsp;&nbsp;&nbsp;&nbsp;&nbsp;&nbsp;&nbsp;&nbsp;&nbsp;&nbsp;Пенопласт в качестве теплоизоляционного материала используется уже очень давно, так как его теплоизоляционные свойства близки к идеальным. Благодаря высокой пористости пенопласт прекрасно сохраняет в своем объеме воздух, что и обуславливает его низкую теплопроводность. К тому же, по причине все той же пористости пенопласт обладает очень малым весом, поэтому его применение даже в больших объемах не увеличивает нагрузку на конструкцию здания. <BR><BR>&nbsp;&nbsp;&nbsp;&nbsp;&nbsp;&nbsp;&nbsp;&nbsp; Еще одно полезное свойство пенопласта заключается в его высокой стойкости к влажности. Однако при этом он не обладает абсолютной герметичностью, что позволяет влаге в виде микрочастиц пара просачиваться сквозь пористую структуру пенопласта. Причем влагообмен в пенопласте происходит ровно в тех количествах, которые необходимы для обеспечения нормальной эксплуатации здания, при которой внутри утепленных пенопластом конструкций не скапливается конденсат. Примерно-то же самое можно сказать и относительно воздухообмена, интенсивность которого в структуре листового пенопласта обеспечивает свободное «дыхание» строительных конструкций, что также немаловажно. <BR><BR>&nbsp;&nbsp;&nbsp;&nbsp;&nbsp;&nbsp;&nbsp;&nbsp;&nbsp; Надо сказать, что технический прогресс последних десятилетий не обошел стороной и пенопласт, так что теперь на смену обычному листовому пенопласту приходит пенопласт заливочный, или так называемый «пеноизол». Обычно пеноизолом заливают межкирпичное пространство в стенах. Сохранив все положительные качества пенопласта, пеноизол приобрел новые достоинства, позволяющие проводить теплоизоляционные работы гораздо быстрее, чем это было возможно раньше. При этом цена нового теплоизоляционного материала осталась такой же доступной.</P>',21,1,NULL,NULL,1475612849,1475612849),(37,NULL,71,72,2,'Смеси для утепления','category37.htm','Сухие смеси для приклеивания пенопласта и других теплоизоляционных материалов. Сухие смеси для декоративной штукатурки, структурной штукатурки, акриловой и силиконовой. Наши утеплители производятся из высококачественных материалов. Утеплители помогут вам провести работы по наружному утеплению.','<P align=justify>&nbsp;&nbsp;&nbsp;&nbsp;&nbsp;&nbsp;&nbsp;&nbsp;&nbsp;Сухие строительные смеси изготавливают в зависимости от нужного конечного результата, одни и те же сухие смеси могут подходить для решения одной задачи, но при этом могут быть разных видов. К примеру, для самовыравнивающихся поверхностей смесь может быть изготовлена для нанесения как тонких, так и толстых слоев. Правильное применение сухой смеси дает возможность избежать неприятных последствий, таких как растрескивание и усадка. Для того чтобы избежать таких нежелательных последствий, нужно всего-навсего при использовании смесей придерживаться рекомендационных правил от производителя.&nbsp;<BR><BR>&nbsp;&nbsp;&nbsp;&nbsp;&nbsp;&nbsp;&nbsp;&nbsp;&nbsp;Во-первых, выравнивающие штукатурки и грунтовки. Применяются с целью выровнять поверхности стен, полов, а также они способствуют лучшему соединению между материалами.<BR><BR>&nbsp;&nbsp;&nbsp;&nbsp;&nbsp;&nbsp;&nbsp;&nbsp;&nbsp;Во-вторых, гидроизоляционные строительные смеси. Они используются при вертикальной и горизонтальной гидроизоляции, к примеру: подвалов, бассейнов, цоколей, ванных комнат, фундаментов и т.д. В строительстве также используются затирки для швов. Они исполняют декоративную и изоляционную функцию между облицовочными плитками.&nbsp;<BR><BR>&nbsp;&nbsp;&nbsp;&nbsp;&nbsp;&nbsp;&nbsp;&nbsp;Любые строительные работы невозможны без использования штукатурки. На сегодняшний день существуют разные виды этого материала, в основном они исполняют функцию изоляции и декора помещения. Прежде чем начать работу каждый строитель должен запастись кладочными строительными смесями. Они необходимы для того, чтобы обеспечить надежное и прочное крепление строительных блоков и камня.</P>',22,1,NULL,NULL,1475612849,1475612850),(38,NULL,73,74,2,'Армировочные сетки','category38.htm','Армировочные сетки штукатурные, фасадные, изготавливаются из специального стекловолокна и используются для устройства армировочного слоя при утеплении фасадов и стен.','<P align=justify><SPAN style=\"FONT-WEIGHT: bold\">Стеклосетки для устройства армировочного слоя.<BR></SPAN>Армировочные сетки изготавливаются из специального стекловолокна и используются для устройства армировочного слоя при утеплении фасадов и стен. Использование стеклосетки позволит защитить поверхность от возникновения трещин, увеличить прочность и долговечность поверхности, улучшить ее качество. Кроме того&nbsp;армировочные стеклосетки за счет специальной пропитки устойчивы к воздействию щелочей (что является важным фактором, т.к. большая часть строительных смесей имеет агрессивную щелочную среду), не ржавеют, удобны в применении.<BR>Наша компания предлагает Вашему вниманию следующие виды армировочных стеклосеток:</P>\r\n<P align=justify><SPAN style=\"FONT-WEIGHT: bold\">Стеклосетка ANSERGLOB TG 15 (производство Германия).<BR></SPAN>Ячейка 5х5 мм, плотность 165 г/кв.м.<BR>Стеклосетка высого качества для устройства армировочного слоя при утеплении.</P>\r\n<P align=justify><SPAN style=\"FONT-WEIGHT: bold\">Стеклосетка ANSERGLOB 4 (производство Польша).<BR></SPAN>Ячейка 5х5 мм, плотность 145 г/кв.м., цвет - белый.<BR>Стеклосетка для устройства армировочного слоя при утеплении.</P>\r\n<P align=justify><SPAN style=\"FONT-WEIGHT: bold\">Стеклосетка ANSERGLOB 6 (производство Польша).<BR></SPAN>Ячейка 5х5 мм, плотность 165 г/кв.м., цвет - зеленый.<BR>Стеклосетка для устройства армировочного слоя при утеплении.</P>\r\n<P align=justify>&nbsp;</P>',23,1,NULL,NULL,1475612850,1475612850),(39,NULL,75,76,2,'Термодюбели','category39.htm','Термодюбели изготавливаются различной длины от 70 до 220 мм','<P align=justify><SPAN style=\"FONT-WEIGHT: bold\">Термодюбель.<BR></SPAN>Термодюбель - это специальное приспособление (дюбель) с металлическим или пластиковым стержнем предназначенный для крепления теплоизоляционных материалов (и твердых, и мягких), в том числе пенопласта. С помощью термодюбеля теплоизоляционный материал может крепиться к различным поверхностям из кирпича, бетона, пенобетона и т.п. Термодюбели изготавливаются различной длины от 70 до 220 мм и применяются в зависимости от толщины теплоизоляционного материала. В основе термодюбеля расположена широкая шляпка, обеспечивающая качественное прижатие теплоизиляционного материала к основанию. Материал, из которого изготовлен термодюбель на качество крепления теплоизоляционных материалов не влияет.</P>\r\n<P align=justify>Рекомендуемая длина термодюбеля в зависимости от толщины термоизоляционного материала:</P>\r\n<P>&nbsp;<SPAN style=\"FONT-WEIGHT: bold\">длина термодюбеля&nbsp;&nbsp;&nbsp;&nbsp;&nbsp;&nbsp;&nbsp;&nbsp;&nbsp;&nbsp;&nbsp; толщина теплоизиляционного материала<BR></SPAN>&nbsp;&nbsp;&nbsp;&nbsp;&nbsp;&nbsp; 70 мм&nbsp;&nbsp;&nbsp;&nbsp;&nbsp;&nbsp;&nbsp;&nbsp;&nbsp;&nbsp;&nbsp;&nbsp;&nbsp;&nbsp;&nbsp;&nbsp;&nbsp;&nbsp;&nbsp;&nbsp;&nbsp;&nbsp;&nbsp;&nbsp;&nbsp;&nbsp;&nbsp;&nbsp;&nbsp;&nbsp;&nbsp;&nbsp;&nbsp;&nbsp;&nbsp;&nbsp;&nbsp;&nbsp;&nbsp;&nbsp;&nbsp;&nbsp;&nbsp;&nbsp;&nbsp;&nbsp; &nbsp;20 мм<BR>&nbsp;&nbsp;&nbsp;&nbsp;&nbsp;&nbsp; 80 мм&nbsp;&nbsp;&nbsp;&nbsp;&nbsp;&nbsp;&nbsp;&nbsp;&nbsp;&nbsp;&nbsp;&nbsp;&nbsp;&nbsp;&nbsp;&nbsp;&nbsp;&nbsp;&nbsp;&nbsp;&nbsp;&nbsp;&nbsp;&nbsp;&nbsp;&nbsp;&nbsp;&nbsp;&nbsp;&nbsp;&nbsp;&nbsp;&nbsp;&nbsp;&nbsp;&nbsp;&nbsp;&nbsp;&nbsp;&nbsp;&nbsp;&nbsp;&nbsp;&nbsp;&nbsp;&nbsp;&nbsp; 20 мм<BR>&nbsp;&nbsp;&nbsp;&nbsp;&nbsp;&nbsp;&nbsp;90 мм&nbsp;&nbsp;&nbsp;&nbsp;&nbsp;&nbsp;&nbsp;&nbsp;&nbsp;&nbsp;&nbsp;&nbsp;&nbsp;&nbsp;&nbsp;&nbsp;&nbsp;&nbsp;&nbsp;&nbsp;&nbsp;&nbsp;&nbsp;&nbsp;&nbsp;&nbsp;&nbsp;&nbsp;&nbsp;&nbsp;&nbsp;&nbsp;&nbsp;&nbsp;&nbsp;&nbsp;&nbsp;&nbsp;&nbsp;&nbsp;&nbsp;&nbsp;&nbsp;&nbsp;&nbsp;&nbsp;&nbsp;&nbsp;30 мм<BR>&nbsp;&nbsp;&nbsp;&nbsp;&nbsp; 100 мм&nbsp;&nbsp;&nbsp;&nbsp;&nbsp;&nbsp;&nbsp;&nbsp;&nbsp;&nbsp;&nbsp;&nbsp;&nbsp;&nbsp;&nbsp;&nbsp;&nbsp;&nbsp;&nbsp;&nbsp;&nbsp;&nbsp;&nbsp;&nbsp;&nbsp;&nbsp;&nbsp;&nbsp;&nbsp;&nbsp;&nbsp;&nbsp;&nbsp;&nbsp;&nbsp;&nbsp;&nbsp;&nbsp;&nbsp;&nbsp;&nbsp;&nbsp;&nbsp;&nbsp;&nbsp;&nbsp; 40 мм<BR>&nbsp;&nbsp;&nbsp;&nbsp; &nbsp;110 мм&nbsp;&nbsp;&nbsp;&nbsp;&nbsp;&nbsp;&nbsp;&nbsp;&nbsp;&nbsp;&nbsp;&nbsp;&nbsp;&nbsp;&nbsp;&nbsp;&nbsp;&nbsp;&nbsp;&nbsp;&nbsp;&nbsp;&nbsp;&nbsp;&nbsp;&nbsp;&nbsp;&nbsp;&nbsp;&nbsp;&nbsp;&nbsp;&nbsp;&nbsp;&nbsp;&nbsp;&nbsp;&nbsp;&nbsp;&nbsp;&nbsp; &nbsp;&nbsp;&nbsp;&nbsp; 50 мм<BR>&nbsp;&nbsp;&nbsp;&nbsp;&nbsp; 120 мм&nbsp;&nbsp;&nbsp;&nbsp;&nbsp;&nbsp;&nbsp;&nbsp;&nbsp;&nbsp;&nbsp;&nbsp;&nbsp;&nbsp;&nbsp;&nbsp;&nbsp;&nbsp;&nbsp;&nbsp;&nbsp;&nbsp;&nbsp;&nbsp;&nbsp;&nbsp;&nbsp;&nbsp;&nbsp;&nbsp;&nbsp;&nbsp;&nbsp;&nbsp;&nbsp;&nbsp;&nbsp;&nbsp;&nbsp;&nbsp;&nbsp;&nbsp; &nbsp;&nbsp;&nbsp; 60 мм<BR>&nbsp;&nbsp;&nbsp;&nbsp; &nbsp;140 мм&nbsp;&nbsp;&nbsp;&nbsp;&nbsp;&nbsp;&nbsp;&nbsp;&nbsp;&nbsp;&nbsp;&nbsp;&nbsp;&nbsp;&nbsp;&nbsp;&nbsp;&nbsp;&nbsp;&nbsp;&nbsp;&nbsp;&nbsp;&nbsp;&nbsp;&nbsp;&nbsp;&nbsp;&nbsp;&nbsp;&nbsp;&nbsp;&nbsp;&nbsp;&nbsp;&nbsp;&nbsp;&nbsp;&nbsp; &nbsp;&nbsp;&nbsp;&nbsp;&nbsp; &nbsp;80 мм<BR>&nbsp;&nbsp;&nbsp;&nbsp;&nbsp; 160 мм&nbsp;&nbsp;&nbsp;&nbsp;&nbsp;&nbsp;&nbsp;&nbsp;&nbsp;&nbsp;&nbsp;&nbsp;&nbsp;&nbsp;&nbsp;&nbsp;&nbsp;&nbsp;&nbsp;&nbsp;&nbsp;&nbsp;&nbsp;&nbsp;&nbsp;&nbsp;&nbsp;&nbsp;&nbsp;&nbsp;&nbsp;&nbsp;&nbsp;&nbsp;&nbsp;&nbsp;&nbsp;&nbsp;&nbsp;&nbsp;&nbsp; &nbsp; &nbsp;100 мм<BR>&nbsp;&nbsp;&nbsp;&nbsp; &nbsp;180 мм&nbsp;&nbsp;&nbsp;&nbsp;&nbsp;&nbsp;&nbsp;&nbsp;&nbsp;&nbsp;&nbsp;&nbsp;&nbsp;&nbsp;&nbsp;&nbsp;&nbsp;&nbsp;&nbsp;&nbsp;&nbsp;&nbsp;&nbsp;&nbsp;&nbsp;&nbsp;&nbsp;&nbsp;&nbsp;&nbsp;&nbsp;&nbsp;&nbsp;&nbsp;&nbsp;&nbsp;&nbsp;&nbsp;&nbsp;&nbsp;&nbsp; &nbsp; &nbsp;100 мм<BR>&nbsp;&nbsp;&nbsp;&nbsp; &nbsp;200 мм&nbsp;&nbsp;&nbsp;&nbsp;&nbsp;&nbsp;&nbsp;&nbsp;&nbsp;&nbsp;&nbsp;&nbsp;&nbsp;&nbsp;&nbsp;&nbsp;&nbsp;&nbsp;&nbsp;&nbsp;&nbsp;&nbsp;&nbsp;&nbsp;&nbsp;&nbsp;&nbsp;&nbsp;&nbsp;&nbsp;&nbsp;&nbsp;&nbsp;&nbsp;&nbsp;&nbsp;&nbsp;&nbsp;&nbsp;&nbsp;&nbsp; &nbsp;&nbsp;&nbsp;120 мм<BR>&nbsp;&nbsp;&nbsp;&nbsp; &nbsp;220 мм&nbsp;&nbsp;&nbsp;&nbsp;&nbsp;&nbsp;&nbsp;&nbsp;&nbsp;&nbsp;&nbsp;&nbsp;&nbsp;&nbsp;&nbsp;&nbsp;&nbsp;&nbsp;&nbsp;&nbsp;&nbsp;&nbsp;&nbsp;&nbsp;&nbsp;&nbsp;&nbsp;&nbsp;&nbsp;&nbsp;&nbsp;&nbsp;&nbsp;&nbsp;&nbsp;&nbsp;&nbsp;&nbsp;&nbsp;&nbsp; &nbsp;&nbsp;&nbsp; 120 мм</P>',24,1,NULL,NULL,1475612850,1475612850),(40,NULL,77,78,2,'Эмульсии, грунтовка','category40.htm','Эмульсии для грунтования применяются для подготовки хорошовпитывающих поверхностей (цемент, гипс, гипрокартон и т.д.)','<P align=justify><SPAN style=\"FONT-WEIGHT: bold\">Эмульсии для грунтования.<BR></SPAN>Эмульсии для грунтования применяются для подготовки хорошовпитывающих поверхностей (цемент, гипс, гипрокартон и т.д.) с целью улучшения и укрепления таких поверхностей, и снижения их впитывающей способности. Применение эмульсий для грунтования (грунтовки) позволит снизить расход клея, краски и иных материалов.<BR></P>\r\n<P align=justify>Наша компания предлагает Вашему вниманию эмульсии для грунтования следующих видов:</P>\r\n<P align=justify><SPAN style=\"FONT-WEIGHT: bold\">Глубокопроникающая эмульсия для грунтования ANSERGLOB EG 60.<BR></SPAN>Эмульсия используется для подготовки впитывающих поверхностей на минеральной основе (цемент, гипс, гипсокартон и т.д.) с целью их укрепления и улучшения, и снижения впитывающих поверхностей. Эмульсия применяется для внешних и внутренних работ и позволит снизить расход клея, краски и иных материалов.<BR>После высыхания эмульсии пленка на поверхности прозрачная. Эмульсия обладает высоким пылесвязующим свойством. <BR>Расход эмульсии составляет ориентировочно 0,15-0,16 л/1 кв.м.</P>\r\n<P align=justify><SPAN style=\"FONT-WEIGHT: bold\">Глубокопроникающая эмульсия для грунтования ANSERGLOB EG 61 (концентрат 1:6).<BR></SPAN>Эмульсия используется для подготовки впитывающих поверхностей на минеральной основе (цемент, гипс, гипсокартон и т.д.) с целью их укрепления и улучшения, и снижения впитывающих поверхностей. Эмульсия применяется для внешних и внутренних работ и позволит снизить расход клея, краски и иных материалов.<BR>После высыхания эмульсии пленка на поверхности прозрачная. Эмульсия обладает высоким пылесвязующим свойством. <BR>Расход эмульсии составляет ориентировочно 0,15-0,16 л/1 кв.м.</P>\r\n<P align=justify><SPAN style=\"FONT-WEIGHT: bold\">Грунтующая краска ANSERGLOB EG 62 с добавлением кварцевого песка.<BR></SPAN>Грунтующая краска используется для обработки поверхностей для их укрепления и повышения адгезии. Также указанная краска используется для подготовки поверхностей к нанесению декоративных штукатурок. Грунт-краска может использоваться на любых поверхностях: кирпичных, бетонных, цементных, гипсовых и т.п.<BR>Указанная краска может использоваться как при внутренних, так и при наружных работах.<BR>Расход грунт-краски ориентировочно составляет 0,2-0,4 л/1 кв.м.</P>',25,1,NULL,NULL,1475612850,1475612850),(41,NULL,79,80,2,'Краски фасадные, штукатурка','category41.htm','Краски для фасадов. Структурные декоративные штукатурки OSKAR, DANKE, ANSERGLOB Жидкие смеси. В ассортименте широкий спектр отделочных материалов, фасадных красок, декоративных штукатурок, грунтовок, комплектующих для проведения работ по утеплению стены и фасада.','<P align=justify><SPAN style=\"FONT-WEIGHT: bold\">Виды декоративной штукатурки</SPAN><BR><BR>Сейчас&nbsp;очень популярна штукатурка «Короед» с бороздчатой фактурой, получившая свое название благодаря создаваемому ею рисунку: он напоминает след, который оставляет этот вредитель. Ее можно наносить на поверхность из бетона и пенобетона, а также использовать для заключительной отделки стен. Получаемое в итоге покрытие обладает рядом положительных свойств:<BR><BR>— стена может «дышать», защищена от ультрафиолетового излучения, устойчива к температурным перепадам и различным природно-климатическим факторам (дождю, снегу);<BR><BR>— устойчиво к воздействию агрессивных сред, является экологичным и пожаробезопасным.<BR>Смесь «Короед» белого цвета, что дает возможность посредством колерованных красок придать ей любой необходимый оттенок (количество пигмента не должно превышать 5% от объема смеси, иначе ее качество ухудшится). Это можно сделать самостоятельно или воспользоваться услугами специалиста.<BR><BR>Штукатурная смеси DANKE, OSKAR CERAMIC&nbsp;представляет собой пластичную полимерную массу, которая дает атмосфероустойчивое, паро- и водонепроницаемое покрытие и наносится на цементную, известковую и цементно-известковую штукатурку, а также на кирпич, бетон, асбестоцементные листы и др.<BR><BR>В настоящее время вместо традиционной штукатурки профессионалы советуют конструировать теплоизоляционные фасадные системы. Для этого утеплитель (минеральная вата) фиксируется на стене, поверх нее монтируется армирующая сетка, которая становится основанием для минеральной или полимерной штукатурки. Чтобы отделка не только украшала фасад, но и выполняла теплоизоляционную функцию, каждый ее последующий слой должен иметь большую паропроницаемость.<BR><BR>Эта штукатурка выглядит эстетично (не отслаивается, не теряет цвет); может наноситься на любое основание (кирпичное, деревянное и др.); обеспечивает оптимальные температурно-влажностные показатели внутри помещения.<BR><BR><NOINDEX><SPAN style=\"FONT-WEIGHT: bold\">Акриловая краска - Надежная защита от плесени</SPAN><BR><BR>Недавно появившиеся на полках магазинов стройматериалов акриловая краска для внутренних стен Remmers Schimmel- Protect уже успела завоевать доверия многих покупателей, она содержит специальные мик¬рочастицы серебра, с помощью которых образуются тонкая пленка, защищающую вашу поверхность от появления плесени и грибков. Краску используют после завершения всех строительных работ, в качестве заключительного покрытия. <BR><BR>Возможно нанесение на старую и новую штукатурку, гипсокартон, бетон, и на любой тип обоев. Секрет в столь эффективной борьбе с плесенью и грибком кроется в частицах серебра, благодаря которым краска обладает санирующим эффектом. Рекомендуется её использовать в помещениях с высокой влажностью, к примеру в ванной комнате, либо где проживают люди с очень высокой чувствительностью, особенно дети и аллергики.<BR><BR>Краска легко наносится с помощью обычного валика. Её расход составляет около0,15 л/м2 на один слой, что весьма не плохо. Сам продукт изготавливается в Германии, из чего можно делать вывод о качестве.</P>',26,1,NULL,NULL,1475612851,1475612851),(43,NULL,82,95,1,'Акрил (оргстекло)','category43.htm','Акриловые термостойкие листы для остекления различных поверхностей (крыш, дверей, защитных экранов и т.п.), изготовления рекламных вывесок, ситилайтов, лайтбоксов и оформления торгово-выстовочного оборудования.','',27,1,NULL,NULL,1475612851,1475612851),(44,NULL,96,97,1,'Профилированный ПВХ Ondex','category44.htm','ПВХ материал, обладающий высокой прочностью к различным механическим нагрузкам и высокой устойчивостью к воздействию пониженных и повышенных температур атмосферного воздуха и атмосферных осадков. Может применяться для накрытия различных проемов, навесов, павильонов и иных конструкций.','',29,1,NULL,NULL,1475612852,1475612852),(45,NULL,83,84,2,'Акрил Plexiglas XT (Германия)','category45.htm','Акрил PLEXIGLAS XT - высококачественный экструдированный акрил с идеальной глянцевой поверхностью, высоким уровнем прозрачности и защитой от ультрафиолетового излучения.\r\nАкрил PLEXIGLAS XT имеет 30 лет гарантии на для наружного использования. Представлен в более чем 20 цветовых оттенках.\r\nИдеальное предложение цены-качества материала для изготовления наружной рекламы, остекления различных конструкций, оформления торгово-выставочного оборудования.','<P>&nbsp;</P>\r\n<P>&nbsp;</P>',28,1,NULL,NULL,1475612851,1475612852),(48,NULL,85,86,2,'Акрил Plexiglas Mirror зеркальный (Германия)','category48.htm','Акрил PLEXIGLAS MIRROR - высококачественный экструдированный акрил с зеркальным эффектом, повышенной устойчивостью к механическим повреждениям и высоким\r\nкачеством отражения.\r\n Акрил PLEXIGLAS MIRROR предназначен для внутреннего использования и применяется  для создания рекламной продукции, а также в качестве декоративного элемента при обустройстве интерьеров. Кроме того, акрил PLEXIGLAS MIRROR используется для изготовления торгово-выставочных стендов, в качестве внутренних зеркал внутри помещений.','',31,1,NULL,NULL,1475612853,1475612853),(49,NULL,87,92,2,'Акрил Plexiglas Satinice SC/DC (Германия)','category49.htm','Акрил PLEXIGLAS SATINICE SC/DC - высококачественный литой акрил с односторонней и двусторонней матовой поверхностью, повышенной устойчивостью к\r\nмеханическим повреждениям и отпечаткам рук. Большой ассортимент цветовых оттенков.\r\nАкриловые листы представлены размером 3050*2050 мм и толщиной от 3 до 8 мм.','',32,1,NULL,NULL,1475612853,1475612853),(51,NULL,88,89,3,'Акрил Plexiglas Satin матовый','category51.htm','Акрил PLEXIGLAS SATIN - высококачественный  акрил с  матовой поверхностью, повышенной устойчивостью к механическим повреждениям и отпечаткам рук, обладает мягким светорассеиванием. Большой ассортимент цветовых оттенков.','',34,1,NULL,NULL,1475612854,1475612854),(52,NULL,90,91,3,'Акрил Plexiglas Satinice SC/DC литой, матовый, двусторонний','category52.htm','Акрил PLEXIGLAS SATINICE SC/DC - высококачественный литой акрил с двусторонней матовой поверхностью, повышенной устойчивостью к механическим повреждениям и отпечаткам рук, обладает мягким светорассеиванием. Большой ассортимент цветовых оттенков.','',35,0,NULL,NULL,1475612854,1475612855),(53,NULL,93,94,2,'Акрил Palglas (Израиль)','category53.htm','Акрил Palglas - это акрил высокого качества, изготовленный методом экструзии. Данный материал имеет высокую прозрачность и может использоваться для обустройства различных конструкций, в том числе для изготовления торгово-выстовочного оборудования, рекламных стендов, лайт боксов, сити лайтов, офисных перегородок, зенитных фонарей и т.п., а также активно применяется в строительстве.\r\nАкрил Palglas производиться в Израиле концерном Palram и хорошо зарекомендовал себя на рынках Европы, Украины и ближнего зарубежья.\r\nАкриловые листы Palglas обладают хорошими свойствами при термоформовке, механической обработке (его лекго можно сверлить, распиливать) и имеют высокую \r\nустойчивость к механическим повреждениям.\r\nАкрил Palglas имеет идеально гладкую глянцевую поверхность. Представлен в прозрачном и молочном (белом) исполнении.\r\nАкриловые листы Palglas являются качественным заменителем стекла при меньшей стоимости.','',33,1,NULL,NULL,1475612853,1475612854),(54,NULL,98,99,1,'Террасная доска','category54.htm','Террасная доска \r\nЭтот материал прекрасно подходит для обустройства садовых бассейнов, веранд, летних площадок и кафе. Материал состоит на 60% из древесной стружки, 30% полимера, 10% красителей, антикоррозийных материалов, защиты от уф излучения.','<div><span style=\"font-weight: bold;\"><br></span></div><span style=\"font-weight: bold;\">На рынке Украины появилась усовершенствованная террасная доска </span>из композитного материала. Хотелось бы &nbsp;Вам рассказать &nbsp;более подробно об этом материале и о том, какое преимущество он имеет перед деревянной доской или полимером.<br><h3><span style=\"font-weight: bold; text-decoration: underline;\">Доставка террасной доски по Киеву и Украине бесплатная (044)223-36-07<br></span><span style=\"font-weight: bold; text-decoration: underline;\">звоните, будем рады Вам&nbsp;помочь!</span></h3><div><br></div><div><div><span style=\"font-weight: bold;\">Композитная террасная доска - ее&nbsp;преимущества</span></div><div><br></div><div>Одно из главных достоинств - это то, что она состоит из экологически чистых материалов, а именно - 60% &nbsp;натуральной &nbsp;древесной стружки, 30% полимера и 10% всевозможных красителей и антикоррозийных материалов. Такое сочетании материалов выбрано не случайно. Древесина в составе придает натуральность изделию по цвету. Доска не подвержена растрескиванию. Вы свободно можете ходить босиком, не боясь получить занозу, тем более она имеет гладкую и приятную для прикосновения поверхность. Присутствующий полимер, в народе именуемый жидкое дерево, не позволяет влаге проникать в структуру доски, делая его влагостойким. Поэтому он стал популярен для установки возле бассейна. Материал отлично переносит частый контакт с водой, не разбухает и абсолютно не скользкий.<br></div><div><br></div><div><span style=\"font-weight: bold;\">Вы наверное уже &nbsp;видели террасные деревянные доски</span> в прихожих и ресторанах. В первые дни использования этот тот материал смотрится довольно неплохо. Перед использованием такой материал требует обязательной обработки от всевозможных вредителей, термитов , жучков, да и просто от гниения и грибка. Такую обработку необходимо делать каждый год. Согласитесь - не удобно. Тем более когда доска установлена. Вы сможете обработать только лицевую часть, а внутренняя часть как правило всегда подвержена влаге и будет просто напросто гнить. А при нагревании на солнце, еще и будет выделять неприятный запах антикоррозийной&nbsp;жидкости. К тому же дерево при неправильной сушке может просто деформироваться.</div><div><p class=\"MsoNormal\"><span style=\"font-weight: bold;\">Террасная доска, или декинг</span><br>Дом начинается с прилегающей территории, где\r\nВы можете проявить всю свою фантазию и создать для себя уютную атмосферу.\r\nИ тут Вам может прийти в помощь доска террасная. «Что же&nbsp; это такое, террасная доска?»-спросите Вы.\r\nОтвет логичен-это доска, используемая для укладки террас. Иногда ее называют\r\n«декингом». Свойства такого материала уникальны. Наверное лучшего материала для\r\nиспользования на открытой территории Вам не найти. Он носит название\r\nдревесно-полимерного композита. По своему составу-это смесь натурального дерева\r\nи пластика. Можно с уверенностью сказать, что такой материал появился на\r\nукраинском рынке сравнительно недавно. Да, может быть вы поспорите и скажете,\r\nчто знакомы с ним уже давно. Хочется возразить. Материал, идентичный тому, о\r\nкотором мы сейчас говорим, имел в своем составе большее количество пластмассы и\r\nсовершенно другой коэффициент термического расширения. А современные разработки\r\nи новейшие технологии внесли множественные изменения в состав террасной доски и\r\nна сегодняшний день в ее составе более 60% натуральной древесины, что\r\nмаксимально&nbsp; позволяет сохранить\r\nнатуральность продукции.</p><p class=\"MsoNormal\"><span style=\"font-weight: bold;\">Натуральность-</span>это<span style=\"font-weight: bold;\"> </span>не единственное\r\nдостоинство террасной доски. Их множество. Если сравнить ее с натуральным\r\nдеревом, то можно с уверенностью сказать, что экономичность такого материала\r\nналицо. Древесно-полимерный композит не требует дополнительных затрат на\r\nобработку материала, нет необходимости для циклевки, покраски или лакировки, что\r\nзначительно упрощает его&nbsp;\r\nиспользование.&nbsp; Поверхность, помимо\r\nвсего прочего, идеально гладкая. Исключается образование трещин и поэтому. Вы\r\nсмело можете ходить по такому покрытию босиком, не опасаясь загнать занозу и не\r\nбоясь поскользнуться. Так как в составе имеется полимер, террасная доска имеет\r\nочень низкий показатель водопоглощения. Она абсолютно устойчива к любым\r\nприродным катаклизмам, не боится дождя, не разбухает от воздействия влаги. Это\r\nсвойство позволяет использовать этот материал для покрытия вокруг бассейнов.\r\nПомимо влаги, он также не боится значительной засухи и сохраняет свои\r\nпервоначальные свойства при перепадах температуры от -50 до +50 градусов .\r\nДиапазон температур достаточно велик, так что можно смело говорить об\r\nиспользовании данного материала в различных климатических зонах.&nbsp;</p><p class=\"MsoNormal\"><span style=\"font-weight: bold;\">Если натуральное дерево-материал</span>, который\r\nможет подвергаться появлению плесени, грибка и различных насекомых -вредителей,\r\nто наш материал уже изначально имеет в своем составе ряд добавок, которые\r\nзащищают террасную доску от подобных «неприятностей» и к тому же ее структура\r\nменее пористая, чем у натурального дерева. Древесно-полимерный композит ,как\r\nматериал для террасной доски, достаточно долговечен. Гарантийный срок\r\nэксплуатации достигает 10 лет, а срок его службы превышает порой 20 лет.</p><p class=\"MsoNormal\"><span style=\"font-weight: bold;\">Какого-то специального ухода этот&nbsp; материал не требует</span>, но все же во избежание\r\nкаких-либо неприятностей, хотелось бы дать несколько полезных советов. Не\r\nдопускайте скопления на поверхности талой и дождевой воды. Всегда очищайте\r\nзазоры между досками и мойте террасное покрытие водой с добавлением моющего\r\nсредства, но ни в коем случае не щелочного или абразивного. Запрещено также\r\nприменять растворители. Избегайте контакта с горячими предметами и изделиями из\r\nметалла, которые подвержены ржавчине. Если вы решили использовать какое-либо\r\nтканевое покрытие, убедитесь в том, что это покрытие имеет цветостойкое, чтоб\r\nизбежать окрашивания самого террасного покрытия.&nbsp;<o:p></o:p></p><p class=\"MsoNormal\"><span style=\"font-weight: bold;\">И конечно же о монтаже</span>. В принципе, никаких особых сложностей в монтаже нет. Имея хоть\r\nмалейшие навыки, Вы с легкостью можете осуществить его сами. Предварительно\r\nнеобходимо убедиться ,что поверхность ,на которую будет ложиться террасная\r\nдоска, чистая и сухая. Предпочтителен небольшой уклон для стока воды. Не\r\nрекомендуется осуществлять монтаж при минусовой температуре и желательно перед\r\nсамим монтажом, разместить доску на месте монтажа в течение 2 суток, чтобы\r\nтемпература материала сравнялась с температурой окружающей среды. Не\r\nрекомендуется также осуществлять монтаж непосредственно на земле или траве.\r\nЛучше , чтоб площадка была забетонирована и как основу под декинг использовать\r\nлаги, создав при этом некое пространство под вентиляцию. Если Вы производите\r\nмонтаж на открытом пространстве,то обязательно оставляйте зазоры между досками,\r\nтак как в зимний период изменение температур приводит к сжатию доски, а в летний-наоборот,\r\nк расширению. Ну а если же монтируете на балконе или в любом закрытом\r\nпомещении, то тут зазор не понадобится. Доски можно укладывать плотно друг к\r\nдругу.<o:p></o:p></p><p class=\"MsoNormal\"><span style=\"font-weight: bold;\">Спектр применения</span> декинга огромен.\r\nВодостойкость этого материала , как мы уже говорили, позволяет использовать его\r\nвозле бассейнов, а также на морских и речных причалах, пирсах и конечно же\r\nпалубах. Незаменим он и в элементах ландшафтного дизайна. С легкостью можно\r\nоформить садовые дорожки, беседки, зону для барбекю. Этот материал создает\r\nдомашний уют на оформляемой территории. Большую популярность террасная доска\r\nзавоевала и в градостроительстве. Ее часто используют для настилов в уличных\r\nкафе и ресторанах, в оформлении детских площадок. В последнее время очень часто\r\nприменяют такой материал в качестве сайдинга и стеновых панелей. Благодаря\r\nсвоим качествам ,такой материал отлично защищает стены здания от вредных\r\nвоздействий окружающей среды и конечно же, придает вашему зданию уютный и\r\nсовременный вид. И ,помимо всего прочего, имея отличную звукоизоляцию также\r\nпослужит защитным слоем от внешних шумов Вашего дома.&nbsp; На рынке появляется все больше и больше\r\nпредложений по продаже террасной доски, поэтому цены стали абсолютно\r\nконкурентноспособными и доступными для любых слоев населения.</p><p class=\"MsoNormal\"><o:p></o:p></p><p class=\"MsoNormal\"><o:p></o:p></p><p class=\"MsoNormal\"><o:p></o:p></p><p class=\"MsoNormal\"><br><o:p></o:p></p></div></div>',30,1,NULL,NULL,1475612852,1475612852);
/*!40000 ALTER TABLE `tbl_product_categories` ENABLE KEYS */;
UNLOCK TABLES;

--
-- Table structure for table `tbl_product_category_files`
--

DROP TABLE IF EXISTS `tbl_product_category_files`;
/*!40101 SET @saved_cs_client     = @@character_set_client */;
/*!40101 SET character_set_client = utf8 */;
CREATE TABLE `tbl_product_category_files` (
  `id` int(11) NOT NULL AUTO_INCREMENT,
  `filesystem` varchar(100) COLLATE utf8_unicode_ci NOT NULL,
  `path` varchar(255) COLLATE utf8_unicode_ci NOT NULL,
  `title` varchar(255) COLLATE utf8_unicode_ci DEFAULT NULL,
  `size` int(11) DEFAULT NULL,
  `mime_type` varchar(255) COLLATE utf8_unicode_ci NOT NULL,
  `created_at` int(11) DEFAULT NULL,
  `updated_at` int(11) DEFAULT NULL,
  PRIMARY KEY (`id`)
) ENGINE=InnoDB AUTO_INCREMENT=36 DEFAULT CHARSET=utf8 COLLATE=utf8_unicode_ci;
/*!40101 SET character_set_client = @saved_cs_client */;

--
-- Dumping data for table `tbl_product_category_files`
--

LOCK TABLES `tbl_product_category_files` WRITE;
/*!40000 ALTER TABLE `tbl_product_category_files` DISABLE KEYS */;
INSERT INTO `tbl_product_category_files` VALUES (1,'local','/categories/00002_image_p1.jpg',NULL,23026,'image/jpeg',1475612842,1475612842),(2,'local','/categories/00003_image_IMAGE_074.jpg',NULL,24236,'image/jpeg',1475612842,1475612842),(3,'local','/categories/00005_image_sadovodstvo.jpg',NULL,30703,'image/jpeg',1475612843,1475612843),(4,'local','/categories/00004_image_Metall.jpg',NULL,32348,'image/jpeg',1475612843,1475612843),(5,'local','/categories/00022_image_kozirek_8.jpg',NULL,26498,'image/jpeg',1475612843,1475612843),(6,'local','/categories/00023_image_naves_3.jpg',NULL,30174,'image/jpeg',1475612844,1475612844),(7,'local','/categories/00024_image_zelen_zabor.jpg',NULL,18455,'image/jpeg',1475612844,1475612844),(8,'local','/categories/00025_image_Vorota_metall.JPG',NULL,23831,'image/jpeg',1475612844,1475612844),(9,'local','/categories/00009_image_polikarbonat2.jpg',NULL,18537,'image/jpeg',1475612845,1475612845),(10,'local','/categories/00006_image_tip1.jpg',NULL,27522,'image/jpeg',1475612846,1475612846),(11,'local','/categories/00026_image_teplichka3.jpg',NULL,29843,'image/jpeg',1475612846,1475612846),(12,'local','/categories/00011_image_shayba-plastik.JPG',NULL,14144,'image/jpeg',1475612847,1475612847),(13,'local','/categories/00018_image_torec_profile.jpg',NULL,17122,'image/jpeg',1475612847,1475612847),(14,'local','/categories/00019_image_shayba3.jpg',NULL,20370,'image/jpeg',1475612848,1475612848),(15,'local','/categories/00007_image_DSC03313.JPG',NULL,24156,'image/jpeg',1475612848,1475612848),(16,'local','/categories/00008_image_oki.JPG',NULL,31060,'image/jpeg',1475612848,1475612848),(17,'local','/categories/00010_image_monolitnyi.jpg',NULL,18474,'image/jpeg',1475612849,1475612849),(18,'local','/categories/00033_image_19012012739.jpg',NULL,18799,'image/jpeg',1475612849,1475612849),(19,'local','/categories/00034_image_werzalit2.jpg',NULL,20134,'image/jpeg',1475612849,1475612849),(20,'local','/categories/00035_image_kraskishukaturki1.jpg',NULL,31591,'image/jpeg',1475612849,1475612849),(21,'local','/categories/00036_image_penoplast2.jpg',NULL,2642,'image/jpeg',1475612849,1475612849),(22,'local','/categories/00037_image_smesi-dlya-utepleniya.jpg',NULL,11478,'image/jpeg',1475612849,1475612849),(23,'local','/categories/00038_image_setki_shtukaturnie.jpg',NULL,7768,'image/jpeg',1475612850,1475612850),(24,'local','/categories/00039_image_fasad1.jpg',NULL,6299,'image/jpeg',1475612850,1475612850),(25,'local','/categories/00040_image_Gruntovka.jpg',NULL,5988,'image/jpeg',1475612850,1475612850),(26,'local','/categories/00041_image_ds3.jpg',NULL,8697,'image/jpeg',1475612851,1475612851),(27,'local','/categories/00043_image_Plexiglas02.jpg',NULL,7594,'image/jpeg',1475612851,1475612851),(28,'local','/categories/00045_image_Plexiglas03.jpg',NULL,7596,'image/jpeg',1475612852,1475612852),(29,'local','/categories/00044_image_ondex0.jpg',NULL,7601,'image/jpeg',1475612852,1475612852),(30,'local','/categories/00054_image_terrasa.jpg',NULL,9888,'image/jpeg',1475612852,1475612852),(31,'local','/categories/00048_image_acrylic_sheets_mirror.jpg',NULL,6576,'image/jpeg',1475612853,1475612853),(32,'local','/categories/00049_image_Plexiglas.jpg',NULL,5063,'image/jpeg',1475612853,1475612853),(33,'local','/categories/00053_image_5029_1311242288.jpg',NULL,4662,'image/jpeg',1475612854,1475612854),(34,'local','/categories/00051_image_Plexiglas.jpg',NULL,5063,'image/jpeg',1475612854,1475612854),(35,'local','/categories/00052_image_Plexiglas.jpg',NULL,5157,'image/jpeg',1475612855,1475612855);
/*!40000 ALTER TABLE `tbl_product_category_files` ENABLE KEYS */;
UNLOCK TABLES;

--
-- Table structure for table `tbl_product_category_meta`
--

DROP TABLE IF EXISTS `tbl_product_category_meta`;
/*!40101 SET @saved_cs_client     = @@character_set_client */;
/*!40101 SET character_set_client = utf8 */;
CREATE TABLE `tbl_product_category_meta` (
  `id` int(11) NOT NULL AUTO_INCREMENT,
  `entity_id` int(11) DEFAULT NULL,
  `meta_title` varchar(255) COLLATE utf8_unicode_ci DEFAULT NULL,
  `meta_keywords` varchar(255) COLLATE utf8_unicode_ci DEFAULT NULL,
  `meta_description` text COLLATE utf8_unicode_ci,
  `meta_robots` varchar(50) COLLATE utf8_unicode_ci DEFAULT NULL,
  `custom_meta` text COLLATE utf8_unicode_ci,
  PRIMARY KEY (`id`),
  KEY `FK_product_category_meta_entity_id` (`entity_id`),
  CONSTRAINT `FK_product_category_meta_entity_id` FOREIGN KEY (`entity_id`) REFERENCES `tbl_product_categories` (`id`) ON DELETE CASCADE ON UPDATE CASCADE
) ENGINE=InnoDB AUTO_INCREMENT=51 DEFAULT CHARSET=utf8 COLLATE=utf8_unicode_ci;
/*!40101 SET character_set_client = @saved_cs_client */;

--
-- Dumping data for table `tbl_product_category_meta`
--

LOCK TABLES `tbl_product_category_meta` WRITE;
/*!40000 ALTER TABLE `tbl_product_category_meta` DISABLE KEYS */;
INSERT INTO `tbl_product_category_meta` VALUES (1,1,'','','','',''),(2,2,'Кровельные материалы | Поликарбонат пластик для кровли - каталог','','Каталог товаров из пластика, Поликарбонат для светопропускающей кровли, купить поликарбонат продажа оптом и розницу.',NULL,NULL),(3,3,'Каталог теплиц, теплицы из поликарбоната в Украине','','Самый большой выбор теплиц в Украине! Продажа в Киеве и доставка по всей территории Украины. Доступные цены. Т. 228-14-20',NULL,NULL),(4,5,'Садоводство | Все для садовода | Сад и огород - каталог товаров','','Садовая техника, семена, саженцы, растения, удобрения, средство для защиты растений. Купить в Киеве. Продажа с доставкой.',NULL,NULL),(5,21,'','','',NULL,NULL),(6,4,'','','',NULL,NULL),(7,22,'','','',NULL,NULL),(8,23,'','','',NULL,NULL),(9,24,'','','',NULL,NULL),(10,25,'','','',NULL,NULL),(11,9,'','','',NULL,NULL),(12,12,'','','',NULL,NULL),(13,13,'','','',NULL,NULL),(14,14,'','','',NULL,NULL),(15,15,'','','',NULL,NULL),(16,16,'','','',NULL,NULL),(17,6,'','','',NULL,NULL),(18,26,'','','',NULL,NULL),(19,32,'Обогрев теплиц, обогреватели, котлы для отопления','','Котлы для обогрева в теплице, обогреватели, Продажа отопительного оборудования для теплиц в Украине. Отопление теплиц. Купить Киев',NULL,NULL),(20,27,'','','',NULL,NULL),(21,17,'','','',NULL,NULL),(22,20,'','','',NULL,NULL),(23,11,'','','',NULL,NULL),(24,18,'','','',NULL,NULL),(25,19,'','','',NULL,NULL),(26,7,'','','',NULL,NULL),(27,28,'Средство для защиты растений','Защита растений, средство для защиты растений','Лучшие средства для защиты растений садоводам и огородникам купить в Киеве \\\"Вишневый Сад\\\"',NULL,NULL),(28,29,'','','',NULL,NULL),(29,30,'Полив | втоматический полив | Полив растений в теплице','','Продажа систем автоматического полива для растений в теплицах. Купить автоматический полив в Киеве выгодно.',NULL,NULL),(30,8,'','','',NULL,NULL),(31,31,'Освещение для теплиц,','','Системы освещения для теплиц в Киеве.',NULL,NULL),(32,10,'','','',NULL,NULL),(33,33,'Выбрать обогреватель в  Киеве цена обогревателя ниже','Обогреватели, цена, обогреватель, купить, продажа, Киев, Украина,','Лучшие экономные обогреватели НКТ (Нано Комфорт Технолоджи) большой коэффициент теплоотдачи. Купить можно по тел: 223-36-07 Доставка. Цена ниже!',NULL,NULL),(34,34,'Подоконики для окон, отливы, откосы, пластики ПВХ - Вишневый Сад','','Все для окон магазин откосов, пвх, отливов, подокоников в Киеве по скандально низким ценам!!!',NULL,NULL),(35,35,'Утепление фасадов, утепление стен Киев, утеплители, наружное утепление','Пенопласт, утепление фасада, краски, декоративная штукатурка','Все для утепления фасада и стен, работ по наружному утеплению, утеплители: пенопласт, смеси для утепления, Смеси для декоративной штукатурки, смеси для склеивания пенопласта. Штукатурка акриловая, структурная и силиконовая. Армировочная сетка, термодюбели, эмульсии грунтовка, краски фасадные в Киеве.',NULL,NULL),(36,36,'Купить пенопласт, утепление фасадов пенопластом, пенопласт цены в Киеве','Пенопласт, утепление фасада, плотность, купить пенопласт Киев','У нас вы можете купить пенопласт для  утепления фасадов пенопластом. Низкие цены на пенопласт в Киеве',NULL,NULL),(37,37,'Сухие смеси, смеси для утепления стен, Штукатурные смеси для фасадов','','сухие смеси, теплоизоляционные смеси для штукатурки. структурная штукатурка, акриловая, силиконовая',NULL,NULL),(38,38,'Армировочные сетки штукатурные, фасадные сетки для фасадов','','Наша компания предлагает Вашему вниманию следующие виды армировочных стеклосеток. Использование стеклосетки позволит защитить поверхность от возникновения трещин.',NULL,NULL),(39,39,'Термодюбели','','Термодюбель - это специальное приспособление (дюбель) с металлическим или пластиковым стержнем предназначенный для крепления теплоизоляционных материалов (и твердых, и мягких), в том числе пенопласта.',NULL,NULL),(40,40,'Грунтовки, эмульсии, грунтовка, Эмульсии для грунтования','','Наша компания предлагает Вашему вниманию грунтовки, эмульсии для грунтования следующих видов',NULL,NULL),(41,41,'Штукатурка короед, краска фасадная силиконовая, структурная штукатурка, декоративная штукатурка короед, барашек.','','Продажа отделочных материалов: штукатурка короед, качественная краска фасадная, структурная штукатурка по низкой цене, декоративная штукатурка короед в Киеве и других городах Украины. У нас вы можете купить силиконовая краска, штукатурка барашек, краска для наружных работ, короед штукатурка цена в Киеве, фасадная штукатурка короедrnкачественные краски фасадные по доступной цене.',NULL,NULL),(42,43,'Материалы для кровли, изготовления рекламы | Акрил (оргстекло) - каталог','','Каталог товаров из пластика, акрил (оргстекло) для кровли, акрил (оргстекло)  для изготовления рекламы, купить акрил (оргстекло) продажа оптом и розницу.',NULL,NULL),(43,45,'Материалы для кровли, изготовления рекламы | Акрил - каталог','','Каталог товаров из пластика, акрил для кровли, акрил для изготовления рекламы, купить акрил продажа оптом и розницу.',NULL,NULL),(44,44,'Кровельные материалы | ПВХ пластик для кровли - каталог','','Каталог товаров из пластика, ПВХ для светопропускающей кровли, купить профилированный ПВХ продажа оптом и розницу.',NULL,NULL),(45,54,'Террасная доска, для сада и веранды купить выгодно в Киеве','террасная доска','Нужна террасная доска? Выгодно купить в Киеве от импортера, гарантия от производителя 10 лет. Звоните (067)410-4100',NULL,NULL),(46,48,'Материалы для кровли, изготовления рекламы | Акрил - каталог','','Каталог товаров из пластика, акрил для кровли, акрил для изготовления рекламы, купить акрил продажа оптом и розницу.',NULL,NULL),(47,49,'Материалы для кровли, изготовления рекламы | Акрил - каталог','','Каталог товаров из пластика, акрил для кровли, акрил для изготовления рекламы, купить акрил продажа оптом и розницу.',NULL,NULL),(48,53,'Материалы для кровли, изготовления рекламы | Акрил - каталог','','Каталог товаров из пластика, акрил для кровли, акрил для изготовления рекламы, купить акрил продажа оптом и розницу.',NULL,NULL),(49,51,'','','',NULL,NULL),(50,52,'','','',NULL,NULL);
/*!40000 ALTER TABLE `tbl_product_category_meta` ENABLE KEYS */;
UNLOCK TABLES;

--
-- Table structure for table `tbl_product_files`
--

DROP TABLE IF EXISTS `tbl_product_files`;
/*!40101 SET @saved_cs_client     = @@character_set_client */;
/*!40101 SET character_set_client = utf8 */;
CREATE TABLE `tbl_product_files` (
  `id` int(11) NOT NULL AUTO_INCREMENT,
  `product_id` int(11) DEFAULT NULL,
  `attribute` varchar(100) COLLATE utf8_unicode_ci NOT NULL,
  `filesystem` varchar(100) COLLATE utf8_unicode_ci NOT NULL,
  `path` varchar(255) COLLATE utf8_unicode_ci NOT NULL,
  `title` varchar(255) COLLATE utf8_unicode_ci DEFAULT NULL,
  `size` int(11) DEFAULT NULL,
  `mime_type` varchar(255) COLLATE utf8_unicode_ci NOT NULL,
  `created_at` int(11) DEFAULT NULL,
  `updated_at` int(11) DEFAULT NULL,
  `sort` int(11) DEFAULT NULL,
  `type` tinyint(1) NOT NULL,
  PRIMARY KEY (`id`),
  KEY `FK_product_files_product_id` (`product_id`),
  KEY `attribute` (`attribute`),
  KEY `sort` (`sort`),
  KEY `type` (`type`),
  CONSTRAINT `FK_product_files_product_id` FOREIGN KEY (`product_id`) REFERENCES `tbl_products` (`id`) ON DELETE CASCADE ON UPDATE CASCADE
) ENGINE=InnoDB AUTO_INCREMENT=527 DEFAULT CHARSET=utf8 COLLATE=utf8_unicode_ci;
/*!40101 SET character_set_client = @saved_cs_client */;

--
-- Dumping data for table `tbl_product_files`
--

LOCK TABLES `tbl_product_files` WRITE;
/*!40000 ALTER TABLE `tbl_product_files` DISABLE KEYS */;
INSERT INTO `tbl_product_files` VALUES (1,1,'images','local','/products/1/00001_SP_A2627A-m.jpg',NULL,4415,'image/jpeg',1478437401,1478437401,NULL,1),(2,1,'images','local','/products/1/00001_SP_A2627A-b.jpg',NULL,20192,'image/jpeg',1478437401,1478437401,NULL,2),(3,1,'images','local','/products/1/00001_SP_A2627A-p.jpg',NULL,212874,'image/jpeg',1478437401,1478437401,NULL,3),(4,45,'images','local','/products/45/00045_Prozrachniy-m.jpg',NULL,2186,'image/jpeg',1478437401,1478437401,NULL,1),(5,45,'images','local','/products/45/00045_Prozrachniy-b.jpg',NULL,6163,'image/jpeg',1478437401,1478437401,NULL,2),(6,45,'images','local','/products/45/00045_Prozrachniy-p.jpg',NULL,29551,'image/jpeg',1478437401,1478437401,NULL,3),(7,46,'images','local','/products/46/00046_Bronzoviy-m.jpg',NULL,2500,'image/jpeg',1478437401,1478437401,NULL,1),(8,46,'images','local','/products/46/00046_Bronzoviy-b.jpg',NULL,9042,'image/jpeg',1478437402,1478437402,NULL,2),(9,46,'images','local','/products/46/00046_Bronzoviy-p.jpg',NULL,46418,'image/jpeg',1478437402,1478437402,NULL,3),(10,47,'images','local','/products/47/00047_Serebro-m.jpg',NULL,1805,'image/jpeg',1478437402,1478437402,NULL,1),(11,47,'images','local','/products/47/00047_Serebro-b.jpg',NULL,5437,'image/jpeg',1478437402,1478437402,NULL,2),(12,47,'images','local','/products/47/00047_Serebro-p.jpg',NULL,28225,'image/jpeg',1478437402,1478437402,NULL,3),(13,30,'images','local','/products/30/00030_DSC03730-m.jpg',NULL,4325,'image/jpeg',1478437402,1478437402,NULL,1),(14,30,'images','local','/products/30/00030_DSC03730-b.jpg',NULL,16489,'image/jpeg',1478437402,1478437402,NULL,2),(15,30,'images','local','/products/30/00030_DSC03730-p.jpg',NULL,54925,'image/jpeg',1478437402,1478437402,NULL,3),(16,31,'images','local','/products/31/00031_DSC03730-m.jpg',NULL,4325,'image/jpeg',1478437403,1478437403,NULL,1),(17,31,'images','local','/products/31/00031_DSC03730-b.jpg',NULL,16489,'image/jpeg',1478437403,1478437403,NULL,2),(18,31,'images','local','/products/31/00031_DSC03730-p.jpg',NULL,54925,'image/jpeg',1478437403,1478437403,NULL,3),(19,32,'images','local','/products/32/00032_DSC03311-m.jpg',NULL,3130,'image/jpeg',1478437403,1478437403,NULL,1),(20,32,'images','local','/products/32/00032_DSC03311-b.jpg',NULL,12105,'image/jpeg',1478437403,1478437403,NULL,2),(21,32,'images','local','/products/32/00032_DSC03311-p.jpg',NULL,55722,'image/jpeg',1478437403,1478437403,NULL,3),(22,33,'images','local','/products/33/00033_DSC03311-m.jpg',NULL,3130,'image/jpeg',1478437403,1478437403,NULL,1),(23,33,'images','local','/products/33/00033_DSC03311-b.jpg',NULL,12105,'image/jpeg',1478437403,1478437403,NULL,2),(24,33,'images','local','/products/33/00033_DSC03311-p.jpg',NULL,55722,'image/jpeg',1478437403,1478437403,NULL,3),(25,27,'images','local','/products/27/00027_2-5_4_6-IsraelA-m.jpg',NULL,3488,'image/jpeg',1478437403,1478437403,NULL,1),(26,27,'images','local','/products/27/00027_2-5_4_6-IsraelA-b.jpg',NULL,14055,'image/jpeg',1478437403,1478437403,NULL,2),(27,27,'images','local','/products/27/00027_2-5_4_6-IsraelA-p.jpg',NULL,98058,'image/jpeg',1478437404,1478437404,NULL,3),(28,28,'images','local','/products/28/00028_DSC03730-m.jpg',NULL,4325,'image/jpeg',1478437404,1478437404,NULL,1),(29,28,'images','local','/products/28/00028_DSC03730-b.jpg',NULL,16489,'image/jpeg',1478437404,1478437404,NULL,2),(30,28,'images','local','/products/28/00028_DSC03730-p.jpg',NULL,54925,'image/jpeg',1478437404,1478437404,NULL,3),(31,29,'images','local','/products/29/00029_DSC03730-m.jpg',NULL,4325,'image/jpeg',1478437404,1478437404,NULL,1),(32,29,'images','local','/products/29/00029_DSC03730-b.jpg',NULL,16489,'image/jpeg',1478437404,1478437404,NULL,2),(33,29,'images','local','/products/29/00029_DSC03730-p.jpg',NULL,54925,'image/jpeg',1478437404,1478437404,NULL,3),(34,26,'images','local','/products/26/00026_2-5_4_6-IsraelA-m.jpg',NULL,3488,'image/jpeg',1478437405,1478437405,NULL,1),(35,26,'images','local','/products/26/00026_2-5_4_6-IsraelA-b.jpg',NULL,14055,'image/jpeg',1478437405,1478437405,NULL,2),(36,26,'images','local','/products/26/00026_2-5_4_6-IsraelA-p.jpg',NULL,98058,'image/jpeg',1478437405,1478437405,NULL,3),(37,44,'images','local','/products/44/00044_Prozrachniy-m.jpg',NULL,2186,'image/jpeg',1478437405,1478437405,NULL,1),(38,44,'images','local','/products/44/00044_Prozrachniy-b.jpg',NULL,6163,'image/jpeg',1478437405,1478437405,NULL,2),(39,44,'images','local','/products/44/00044_Prozrachniy-p.jpg',NULL,29551,'image/jpeg',1478437405,1478437405,NULL,3),(40,48,'images','local','/products/48/00048_Biryuzoviy-m.jpg',NULL,2446,'image/jpeg',1478437405,1478437405,NULL,1),(41,48,'images','local','/products/48/00048_Biryuzoviy-b.jpg',NULL,7446,'image/jpeg',1478437405,1478437405,NULL,2),(42,48,'images','local','/products/48/00048_Biryuzoviy-p.jpg',NULL,39161,'image/jpeg',1478437405,1478437405,NULL,3),(43,13,'images','local','/products/13/00013_2-3-6_UkraineA-m.jpg',NULL,4665,'image/jpeg',1478437406,1478437406,NULL,1),(44,13,'images','local','/products/13/00013_2-3-6_UkraineA-b.jpg',NULL,19480,'image/jpeg',1478437406,1478437406,NULL,2),(45,13,'images','local','/products/13/00013_2-3-6_UkraineA-p.jpg',NULL,63744,'image/jpeg',1478437406,1478437406,NULL,3),(46,54,'images','local','/products/54/00054_Prozrachniy-m.jpg',NULL,2186,'image/jpeg',1478437406,1478437406,NULL,1),(47,54,'images','local','/products/54/00054_Prozrachniy-b.jpg',NULL,6163,'image/jpeg',1478437406,1478437406,NULL,2),(48,54,'images','local','/products/54/00054_Prozrachniy-p.jpg',NULL,29551,'image/jpeg',1478437406,1478437406,NULL,3),(49,55,'images','local','/products/55/00055_Bronzoviy-m.jpg',NULL,2500,'image/jpeg',1478437406,1478437406,NULL,1),(50,55,'images','local','/products/55/00055_Bronzoviy-b.jpg',NULL,9042,'image/jpeg',1478437407,1478437407,NULL,2),(51,55,'images','local','/products/55/00055_Bronzoviy-p.jpg',NULL,46418,'image/jpeg',1478437407,1478437407,NULL,3),(52,56,'images','local','/products/56/00056_Zeleniy-m.jpg',NULL,2485,'image/jpeg',1478437407,1478437407,NULL,1),(53,56,'images','local','/products/56/00056_Zeleniy-b.jpg',NULL,7026,'image/jpeg',1478437407,1478437407,NULL,2),(54,56,'images','local','/products/56/00056_Zeleniy-p.jpg',NULL,30420,'image/jpeg',1478437407,1478437407,NULL,3),(55,57,'images','local','/products/57/00057_Serebro-m.jpg',NULL,1805,'image/jpeg',1478437407,1478437407,NULL,1),(56,57,'images','local','/products/57/00057_Serebro-b.jpg',NULL,5437,'image/jpeg',1478437407,1478437407,NULL,2),(57,57,'images','local','/products/57/00057_Serebro-p.jpg',NULL,28225,'image/jpeg',1478437407,1478437407,NULL,3),(58,20,'images','local','/products/20/00020_2-3-4_Israel-m.jpg',NULL,4183,'image/jpeg',1478437408,1478437408,NULL,1),(59,20,'images','local','/products/20/00020_2-3-4_Israel-b.jpg',NULL,16131,'image/jpeg',1478437408,1478437408,NULL,2),(60,20,'images','local','/products/20/00020_2-3-4_Israel-p.jpg',NULL,77441,'image/jpeg',1478437408,1478437408,NULL,3),(61,17,'images','local','/products/17/00017_2greenhouse2-m.jpg',NULL,4028,'image/jpeg',1478437408,1478437408,NULL,1),(62,17,'images','local','/products/17/00017_2greenhouse2-b.jpg',NULL,17469,'image/jpeg',1478437408,1478437408,NULL,2),(63,17,'images','local','/products/17/00017_2greenhouse2-p.jpg',NULL,66124,'image/jpeg',1478437408,1478437408,NULL,3),(64,18,'images','local','/products/18/00018_2greenhouse2-m.jpg',NULL,4028,'image/jpeg',1478437409,1478437409,NULL,1),(65,18,'images','local','/products/18/00018_2greenhouse2-b.jpg',NULL,17469,'image/jpeg',1478437409,1478437409,NULL,2),(66,18,'images','local','/products/18/00018_2greenhouse2-p.jpg',NULL,66124,'image/jpeg',1478437409,1478437409,NULL,3),(67,19,'images','local','/products/19/00019_2-3-4_Israel-m.jpg',NULL,4183,'image/jpeg',1478437409,1478437409,NULL,1),(68,19,'images','local','/products/19/00019_2-3-4_Israel-b.jpg',NULL,16131,'image/jpeg',1478437409,1478437409,NULL,2),(69,19,'images','local','/products/19/00019_2-3-4_Israel-p.jpg',NULL,77441,'image/jpeg',1478437409,1478437409,NULL,3),(70,21,'images','local','/products/21/00021_2-3-4_Israel-m.jpg',NULL,4183,'image/jpeg',1478437409,1478437409,NULL,1),(71,21,'images','local','/products/21/00021_2-3-4_Israel-b.jpg',NULL,16131,'image/jpeg',1478437409,1478437409,NULL,2),(72,21,'images','local','/products/21/00021_2-3-4_Israel-p.jpg',NULL,77441,'image/jpeg',1478437409,1478437409,NULL,3),(73,22,'images','local','/products/22/00022_2-3-6-Israel3A-m.jpg',NULL,3468,'image/jpeg',1478437410,1478437410,NULL,1),(74,22,'images','local','/products/22/00022_2-3-6-Israel3A-b.jpg',NULL,13981,'image/jpeg',1478437410,1478437410,NULL,2),(75,22,'images','local','/products/22/00022_2-3-6-Israel3A-p.jpg',NULL,56591,'image/jpeg',1478437410,1478437410,NULL,3),(76,23,'images','local','/products/23/00023_2-3-6-Israel3A-m.jpg',NULL,3468,'image/jpeg',1478437410,1478437410,NULL,1),(77,23,'images','local','/products/23/00023_2-3-6-Israel3A-b.jpg',NULL,13981,'image/jpeg',1478437410,1478437410,NULL,2),(78,23,'images','local','/products/23/00023_2-3-6-Israel3A-p.jpg',NULL,56591,'image/jpeg',1478437410,1478437410,NULL,3),(79,24,'images','local','/products/24/00024_2-3-6-Israel3A-m.jpg',NULL,3468,'image/jpeg',1478437410,1478437410,NULL,1),(80,24,'images','local','/products/24/00024_2-3-6-Israel3A-b.jpg',NULL,13981,'image/jpeg',1478437410,1478437410,NULL,2),(81,24,'images','local','/products/24/00024_2-3-6-Israel3A-p.jpg',NULL,56591,'image/jpeg',1478437410,1478437410,NULL,3),(82,25,'images','local','/products/25/00025_2-5_4_6-IsraelA-m.jpg',NULL,3488,'image/jpeg',1478437411,1478437411,NULL,1),(83,25,'images','local','/products/25/00025_2-5_4_6-IsraelA-b.jpg',NULL,14055,'image/jpeg',1478437411,1478437411,NULL,2),(84,25,'images','local','/products/25/00025_2-5_4_6-IsraelA-p.jpg',NULL,98058,'image/jpeg',1478437411,1478437411,NULL,3),(85,11,'images','local','/products/11/00011_SP_A2627A-m.jpg',NULL,4415,'image/jpeg',1478437411,1478437411,NULL,1),(86,11,'images','local','/products/11/00011_SP_A2627A-b.jpg',NULL,20192,'image/jpeg',1478437411,1478437411,NULL,2),(87,11,'images','local','/products/11/00011_SP_A2627A-p.jpg',NULL,212874,'image/jpeg',1478437411,1478437411,NULL,3),(88,14,'images','local','/products/14/00014_2-3-6_UkraineA-m.jpg',NULL,4665,'image/jpeg',1478437411,1478437411,NULL,1),(89,14,'images','local','/products/14/00014_2-3-6_UkraineA-b.jpg',NULL,19480,'image/jpeg',1478437412,1478437412,NULL,2),(90,14,'images','local','/products/14/00014_2-3-6_UkraineA-p.jpg',NULL,63744,'image/jpeg',1478437412,1478437412,NULL,3),(91,15,'images','local','/products/15/00015_2-3-6_UkraineA-m.jpg',NULL,4665,'image/jpeg',1478437412,1478437412,NULL,1),(92,15,'images','local','/products/15/00015_2-3-6_UkraineA-b.jpg',NULL,19480,'image/jpeg',1478437412,1478437412,NULL,2),(93,15,'images','local','/products/15/00015_2-3-6_UkraineA-p.jpg',NULL,63744,'image/jpeg',1478437412,1478437412,NULL,3),(94,16,'images','local','/products/16/00016_2greenhouse2-m.jpg',NULL,4028,'image/jpeg',1478437412,1478437412,NULL,1),(95,16,'images','local','/products/16/00016_2greenhouse2-b.jpg',NULL,17469,'image/jpeg',1478437413,1478437413,NULL,2),(96,16,'images','local','/products/16/00016_2greenhouse2-p.jpg',NULL,66124,'image/jpeg',1478437413,1478437413,NULL,3),(97,34,'images','local','/products/34/00034_DSC03311-m.jpg',NULL,3130,'image/jpeg',1478437413,1478437413,NULL,1),(98,34,'images','local','/products/34/00034_DSC03311-b.jpg',NULL,12105,'image/jpeg',1478437413,1478437413,NULL,2),(99,34,'images','local','/products/34/00034_DSC03311-p.jpg',NULL,55722,'image/jpeg',1478437413,1478437413,NULL,3),(100,35,'images','local','/products/35/00035_DSC03311-m.jpg',NULL,3130,'image/jpeg',1478437413,1478437413,NULL,1),(101,35,'images','local','/products/35/00035_DSC03311-b.jpg',NULL,12105,'image/jpeg',1478437413,1478437413,NULL,2),(102,35,'images','local','/products/35/00035_DSC03311-p.jpg',NULL,55722,'image/jpeg',1478437414,1478437414,NULL,3),(103,36,'images','local','/products/36/00036_domik-m.jpg',NULL,4402,'image/jpeg',1478437414,1478437414,NULL,1),(104,36,'images','local','/products/36/00036_domik-b.jpg',NULL,16717,'image/jpeg',1478437414,1478437414,NULL,2),(105,36,'images','local','/products/36/00036_domik-p.jpg',NULL,35990,'image/jpeg',1478437414,1478437414,NULL,3),(106,37,'images','local','/products/37/00037_domik-m.jpg',NULL,4402,'image/jpeg',1478437414,1478437414,NULL,1),(107,37,'images','local','/products/37/00037_domik-b.jpg',NULL,16717,'image/jpeg',1478437414,1478437414,NULL,2),(108,37,'images','local','/products/37/00037_domik-p.jpg',NULL,35990,'image/jpeg',1478437414,1478437414,NULL,3),(109,38,'images','local','/products/38/00038_3colorsA-m.jpg',NULL,2426,'image/jpeg',1478437414,1478437414,NULL,1),(110,38,'images','local','/products/38/00038_3colorsA-b.jpg',NULL,8032,'image/jpeg',1478437415,1478437415,NULL,2),(111,38,'images','local','/products/38/00038_3colorsA-p.jpg',NULL,91758,'image/jpeg',1478437415,1478437415,NULL,3),(112,39,'images','local','/products/39/00039_Biryuzoviy-m.jpg',NULL,2446,'image/jpeg',1478437415,1478437415,NULL,1),(113,39,'images','local','/products/39/00039_Biryuzoviy-b.jpg',NULL,7446,'image/jpeg',1478437415,1478437415,NULL,2),(114,39,'images','local','/products/39/00039_Biryuzoviy-p.jpg',NULL,39161,'image/jpeg',1478437415,1478437415,NULL,3),(115,40,'images','local','/products/40/00040_Opal-molochniy-m.jpg',NULL,1568,'image/jpeg',1478437415,1478437415,NULL,1),(116,40,'images','local','/products/40/00040_Opal-molochniy-b.jpg',NULL,4364,'image/jpeg',1478437415,1478437415,NULL,2),(117,40,'images','local','/products/40/00040_Opal-molochniy-p.jpg',NULL,28348,'image/jpeg',1478437415,1478437415,NULL,3),(118,41,'images','local','/products/41/00041_Siniy-m.jpg',NULL,2394,'image/jpeg',1478437416,1478437416,NULL,1),(119,41,'images','local','/products/41/00041_Siniy-b.jpg',NULL,6850,'image/jpeg',1478437416,1478437416,NULL,2),(120,41,'images','local','/products/41/00041_Siniy-p.jpg',NULL,30350,'image/jpeg',1478437416,1478437416,NULL,3),(121,42,'images','local','/products/42/00042_Krasniy-m.jpg',NULL,2545,'image/jpeg',1478437416,1478437416,NULL,1),(122,42,'images','local','/products/42/00042_Krasniy-b.jpg',NULL,7025,'image/jpeg',1478437416,1478437416,NULL,2),(123,42,'images','local','/products/42/00042_Krasniy-p.jpg',NULL,31244,'image/jpeg',1478437416,1478437416,NULL,3),(124,43,'images','local','/products/43/00043_Zeleniy-m.jpg',NULL,2485,'image/jpeg',1478437416,1478437416,NULL,1),(125,43,'images','local','/products/43/00043_Zeleniy-b.jpg',NULL,7026,'image/jpeg',1478437417,1478437417,NULL,2),(126,43,'images','local','/products/43/00043_Zeleniy-p.jpg',NULL,30420,'image/jpeg',1478437417,1478437417,NULL,3),(127,49,'images','local','/products/49/00049_Opal-molochniy-m.jpg',NULL,1568,'image/jpeg',1478437417,1478437417,NULL,1),(128,49,'images','local','/products/49/00049_Opal-molochniy-b.jpg',NULL,4364,'image/jpeg',1478437417,1478437417,NULL,2),(129,49,'images','local','/products/49/00049_Opal-molochniy-p.jpg',NULL,28348,'image/jpeg',1478437417,1478437417,NULL,3),(130,50,'images','local','/products/50/00050_Siniy-m.jpg',NULL,2394,'image/jpeg',1478437418,1478437418,NULL,1),(131,50,'images','local','/products/50/00050_Siniy-b.jpg',NULL,6850,'image/jpeg',1478437418,1478437418,NULL,2),(132,50,'images','local','/products/50/00050_Siniy-p.jpg',NULL,30350,'image/jpeg',1478437418,1478437418,NULL,3),(133,52,'images','local','/products/52/00052_Zeleniy-m.jpg',NULL,2485,'image/jpeg',1478437418,1478437418,NULL,1),(134,52,'images','local','/products/52/00052_Zeleniy-b.jpg',NULL,7026,'image/jpeg',1478437418,1478437418,NULL,2),(135,52,'images','local','/products/52/00052_Zeleniy-p.jpg',NULL,30420,'image/jpeg',1478437419,1478437419,NULL,3),(136,53,'images','local','/products/53/00053_Orangheviy-m.jpg',NULL,2574,'image/jpeg',1478437419,1478437419,NULL,1),(137,53,'images','local','/products/53/00053_Orangheviy-b.jpg',NULL,7808,'image/jpeg',1478437419,1478437419,NULL,2),(138,53,'images','local','/products/53/00053_Orangheviy-p.jpg',NULL,32189,'image/jpeg',1478437419,1478437419,NULL,3),(139,60,'images','local','/products/60/00060_Biryuzoviy-m.jpg',NULL,2446,'image/jpeg',1478437419,1478437419,NULL,1),(140,60,'images','local','/products/60/00060_Biryuzoviy-b.jpg',NULL,7446,'image/jpeg',1478437419,1478437419,NULL,2),(141,60,'images','local','/products/60/00060_Biryuzoviy-p.jpg',NULL,39161,'image/jpeg',1478437420,1478437420,NULL,3),(142,61,'images','local','/products/61/00061_polikarbonat-gholtiy-m.jpg',NULL,3746,'image/jpeg',1478437420,1478437420,NULL,1),(143,61,'images','local','/products/61/00061_polikarbonat-gholtiy-b.jpg',NULL,12280,'image/jpeg',1478437420,1478437420,NULL,2),(144,61,'images','local','/products/61/00061_polikarbonat-gholtiy-p.jpg',NULL,43947,'image/jpeg',1478437420,1478437420,NULL,3),(145,62,'images','local','/products/62/00062_Krasniy-m.jpg',NULL,2545,'image/jpeg',1478437420,1478437420,NULL,1),(146,62,'images','local','/products/62/00062_Krasniy-b.jpg',NULL,7025,'image/jpeg',1478437420,1478437420,NULL,2),(147,62,'images','local','/products/62/00062_Krasniy-p.jpg',NULL,31244,'image/jpeg',1478437420,1478437420,NULL,3),(148,63,'images','local','/products/63/00063_Siniy-m.jpg',NULL,2394,'image/jpeg',1478437420,1478437420,NULL,1),(149,63,'images','local','/products/63/00063_Siniy-b.jpg',NULL,6850,'image/jpeg',1478437421,1478437421,NULL,2),(150,63,'images','local','/products/63/00063_Siniy-p.jpg',NULL,30350,'image/jpeg',1478437421,1478437421,NULL,3),(151,64,'images','local','/products/64/00064_Prozrachniy-m.jpg',NULL,2186,'image/jpeg',1478437421,1478437421,NULL,1),(152,64,'images','local','/products/64/00064_Prozrachniy-b.jpg',NULL,6163,'image/jpeg',1478437421,1478437421,NULL,2),(153,64,'images','local','/products/64/00064_Prozrachniy-p.jpg',NULL,29551,'image/jpeg',1478437421,1478437421,NULL,3),(154,65,'images','local','/products/65/00065_Bronzoviy-m.jpg',NULL,2500,'image/jpeg',1478437421,1478437421,NULL,1),(155,65,'images','local','/products/65/00065_Bronzoviy-b.jpg',NULL,9042,'image/jpeg',1478437421,1478437421,NULL,2),(156,65,'images','local','/products/65/00065_Bronzoviy-p.jpg',NULL,46418,'image/jpeg',1478437421,1478437421,NULL,3),(157,67,'images','local','/products/67/00067_Zeleniy-m.jpg',NULL,2485,'image/jpeg',1478437422,1478437422,NULL,1),(158,67,'images','local','/products/67/00067_Zeleniy-b.jpg',NULL,7026,'image/jpeg',1478437422,1478437422,NULL,2),(159,67,'images','local','/products/67/00067_Zeleniy-p.jpg',NULL,30420,'image/jpeg',1478437422,1478437422,NULL,3),(160,68,'images','local','/products/68/00068_Serebro-m.jpg',NULL,1805,'image/jpeg',1478437422,1478437422,NULL,1),(161,68,'images','local','/products/68/00068_Serebro-b.jpg',NULL,5437,'image/jpeg',1478437422,1478437422,NULL,2),(162,68,'images','local','/products/68/00068_Serebro-p.jpg',NULL,28225,'image/jpeg',1478437422,1478437422,NULL,3),(163,69,'images','local','/products/69/00069_Prozrachniy-m.jpg',NULL,2186,'image/jpeg',1478437422,1478437422,NULL,1),(164,69,'images','local','/products/69/00069_Prozrachniy-b.jpg',NULL,6163,'image/jpeg',1478437422,1478437422,NULL,2),(165,69,'images','local','/products/69/00069_Prozrachniy-p.jpg',NULL,29551,'image/jpeg',1478437423,1478437423,NULL,3),(166,70,'images','local','/products/70/00070_Prozrachniy-m.jpg',NULL,2186,'image/jpeg',1478437423,1478437423,NULL,1),(167,70,'images','local','/products/70/00070_Prozrachniy-b.jpg',NULL,6163,'image/jpeg',1478437423,1478437423,NULL,2),(168,70,'images','local','/products/70/00070_Prozrachniy-p.jpg',NULL,29551,'image/jpeg',1478437423,1478437423,NULL,3),(169,71,'images','local','/products/71/00071_Bronzoviy-m.jpg',NULL,2500,'image/jpeg',1478437423,1478437423,NULL,1),(170,71,'images','local','/products/71/00071_Bronzoviy-b.jpg',NULL,9042,'image/jpeg',1478437423,1478437423,NULL,2),(171,71,'images','local','/products/71/00071_Bronzoviy-p.jpg',NULL,46418,'image/jpeg',1478437423,1478437423,NULL,3),(172,78,'images','local','/products/78/00078_monolitnyi_2-m.jpg',NULL,3441,'image/jpeg',1478437424,1478437424,NULL,1),(173,78,'images','local','/products/78/00078_monolitnyi_2-b.jpg',NULL,10585,'image/jpeg',1478437424,1478437424,NULL,2),(174,78,'images','local','/products/78/00078_monolitnyi_2-p.jpg',NULL,11866,'image/jpeg',1478437425,1478437425,NULL,3),(175,79,'images','local','/products/79/00079_monolitnyi_2-m.jpg',NULL,3441,'image/jpeg',1478437425,1478437425,NULL,1),(176,79,'images','local','/products/79/00079_monolitnyi_2-b.jpg',NULL,10585,'image/jpeg',1478437425,1478437425,NULL,2),(177,79,'images','local','/products/79/00079_monolitnyi_2-p.jpg',NULL,11866,'image/jpeg',1478437425,1478437425,NULL,3),(178,80,'images','local','/products/80/00080_monolitnyi_2-m.jpg',NULL,3441,'image/jpeg',1478437425,1478437425,NULL,1),(179,80,'images','local','/products/80/00080_monolitnyi_2-b.jpg',NULL,10585,'image/jpeg',1478437426,1478437426,NULL,2),(180,80,'images','local','/products/80/00080_monolitnyi_2-p.jpg',NULL,11866,'image/jpeg',1478437426,1478437426,NULL,3),(181,81,'images','local','/products/81/00081_monolitnyi_2-m.jpg',NULL,3441,'image/jpeg',1478437426,1478437426,NULL,1),(182,81,'images','local','/products/81/00081_monolitnyi_2-b.jpg',NULL,10585,'image/jpeg',1478437426,1478437426,NULL,2),(183,81,'images','local','/products/81/00081_monolitnyi_2-p.jpg',NULL,11866,'image/jpeg',1478437426,1478437426,NULL,3),(184,82,'images','local','/products/82/00082_monolitnyi_2-m.jpg',NULL,3441,'image/jpeg',1478437426,1478437426,NULL,1),(185,82,'images','local','/products/82/00082_monolitnyi_2-b.jpg',NULL,10585,'image/jpeg',1478437426,1478437426,NULL,2),(186,82,'images','local','/products/82/00082_monolitnyi_2-p.jpg',NULL,11866,'image/jpeg',1478437427,1478437427,NULL,3),(187,83,'images','local','/products/83/00083_monolitnyi_2-m.jpg',NULL,3441,'image/jpeg',1478437427,1478437427,NULL,1),(188,83,'images','local','/products/83/00083_monolitnyi_2-b.jpg',NULL,10585,'image/jpeg',1478437427,1478437427,NULL,2),(189,83,'images','local','/products/83/00083_monolitnyi_2-p.jpg',NULL,11866,'image/jpeg',1478437427,1478437427,NULL,3),(190,84,'images','local','/products/84/00084_polikarbonat-struktura-monolit-m.jpg',NULL,3856,'image/jpeg',1478437427,1478437427,NULL,1),(191,84,'images','local','/products/84/00084_polikarbonat-struktura-monolit-b.jpg',NULL,15409,'image/jpeg',1478437427,1478437427,NULL,2),(192,84,'images','local','/products/84/00084_polikarbonat-struktura-monolit-p.jpg',NULL,96851,'image/jpeg',1478437427,1478437427,NULL,3),(193,85,'images','local','/products/85/00085_polikarbonat-struktura-monolit-m.jpg',NULL,3856,'image/jpeg',1478437428,1478437428,NULL,1),(194,85,'images','local','/products/85/00085_polikarbonat-struktura-monolit-b.jpg',NULL,15409,'image/jpeg',1478437428,1478437428,NULL,2),(195,85,'images','local','/products/85/00085_polikarbonat-struktura-monolit-p.jpg',NULL,96851,'image/jpeg',1478437428,1478437428,NULL,3),(196,86,'images','local','/products/86/00086_Prozrachniy-m.jpg',NULL,2151,'image/jpeg',1478437428,1478437428,NULL,1),(197,86,'images','local','/products/86/00086_Prozrachniy-b.jpg',NULL,6094,'image/jpeg',1478437428,1478437428,NULL,2),(198,86,'images','local','/products/86/00086_Prozrachniy-p.jpg',NULL,29551,'image/jpeg',1478437428,1478437428,NULL,3),(199,87,'images','local','/products/87/00087_Bronzoviy-m.jpg',NULL,2688,'image/jpeg',1478437429,1478437429,NULL,1),(200,87,'images','local','/products/87/00087_Bronzoviy-b.jpg',NULL,8976,'image/jpeg',1478437429,1478437429,NULL,2),(201,87,'images','local','/products/87/00087_Bronzoviy-p.jpg',NULL,46418,'image/jpeg',1478437429,1478437429,NULL,3),(202,88,'images','local','/products/88/00088_Siniy-m.jpg',NULL,2429,'image/jpeg',1478437429,1478437429,NULL,1),(203,88,'images','local','/products/88/00088_Siniy-b.jpg',NULL,6754,'image/jpeg',1478437429,1478437429,NULL,2),(204,88,'images','local','/products/88/00088_Siniy-p.jpg',NULL,30350,'image/jpeg',1478437429,1478437429,NULL,3),(205,89,'images','local','/products/89/00089_Krasniy-m.jpg',NULL,2529,'image/jpeg',1478437429,1478437429,NULL,1),(206,89,'images','local','/products/89/00089_Krasniy-b.jpg',NULL,7177,'image/jpeg',1478437429,1478437429,NULL,2),(207,89,'images','local','/products/89/00089_Krasniy-p.jpg',NULL,31244,'image/jpeg',1478437429,1478437429,NULL,3),(208,90,'images','local','/products/90/00090_Zeleniy-m.jpg',NULL,2351,'image/jpeg',1478437430,1478437430,NULL,1),(209,90,'images','local','/products/90/00090_Zeleniy-b.jpg',NULL,6910,'image/jpeg',1478437430,1478437430,NULL,2),(210,90,'images','local','/products/90/00090_Zeleniy-p.jpg',NULL,30420,'image/jpeg',1478437430,1478437430,NULL,3),(211,91,'images','local','/products/91/00091_Opal-molochniy-m.jpg',NULL,1568,'image/jpeg',1478437430,1478437430,NULL,1),(212,91,'images','local','/products/91/00091_Opal-molochniy-b.jpg',NULL,4364,'image/jpeg',1478437431,1478437431,NULL,2),(213,91,'images','local','/products/91/00091_Opal-molochniy-p.jpg',NULL,28348,'image/jpeg',1478437431,1478437431,NULL,3),(214,92,'images','local','/products/92/00092_Biryuzoviy-m.jpg',NULL,2401,'image/jpeg',1478437431,1478437431,NULL,1),(215,92,'images','local','/products/92/00092_Biryuzoviy-b.jpg',NULL,7505,'image/jpeg',1478437431,1478437431,NULL,2),(216,92,'images','local','/products/92/00092_Biryuzoviy-p.jpg',NULL,39161,'image/jpeg',1478437431,1478437431,NULL,3),(217,93,'images','local','/products/93/00093_Prozrachniy-m.jpg',NULL,2151,'image/jpeg',1478437431,1478437431,NULL,1),(218,93,'images','local','/products/93/00093_Prozrachniy-b.jpg',NULL,6163,'image/jpeg',1478437431,1478437431,NULL,2),(219,93,'images','local','/products/93/00093_Prozrachniy-p.jpg',NULL,29551,'image/jpeg',1478437431,1478437431,NULL,3),(220,142,'images','local','/products/142/00142_Prozrachniy-m.jpg',NULL,2186,'image/jpeg',1478437440,1478437440,NULL,1),(221,142,'images','local','/products/142/00142_Prozrachniy-b.jpg',NULL,6163,'image/jpeg',1478437440,1478437440,NULL,2),(222,142,'images','local','/products/142/00142_Prozrachniy-p.jpg',NULL,29551,'image/jpeg',1478437440,1478437440,NULL,3),(223,143,'images','local','/products/143/00143_Bronzoviy-m.jpg',NULL,2500,'image/jpeg',1478437440,1478437440,NULL,1),(224,143,'images','local','/products/143/00143_Bronzoviy-b.jpg',NULL,9042,'image/jpeg',1478437440,1478437440,NULL,2),(225,143,'images','local','/products/143/00143_Bronzoviy-p.jpg',NULL,46418,'image/jpeg',1478437441,1478437441,NULL,3),(226,144,'images','local','/products/144/00144_Opal-molochniy-m.jpg',NULL,1568,'image/jpeg',1478437441,1478437441,NULL,1),(227,144,'images','local','/products/144/00144_Opal-molochniy-b.jpg',NULL,4364,'image/jpeg',1478437441,1478437441,NULL,2),(228,144,'images','local','/products/144/00144_Opal-molochniy-p.jpg',NULL,28348,'image/jpeg',1478437441,1478437441,NULL,3),(229,145,'images','local','/products/145/00145_Krasniy-m.jpg',NULL,2545,'image/jpeg',1478437441,1478437441,NULL,1),(230,145,'images','local','/products/145/00145_Krasniy-b.jpg',NULL,7025,'image/jpeg',1478437441,1478437441,NULL,2),(231,145,'images','local','/products/145/00145_Krasniy-p.jpg',NULL,31244,'image/jpeg',1478437441,1478437441,NULL,3),(232,146,'images','local','/products/146/00146_Siniy-m.jpg',NULL,2394,'image/jpeg',1478437442,1478437442,NULL,1),(233,146,'images','local','/products/146/00146_Siniy-b.jpg',NULL,6850,'image/jpeg',1478437442,1478437442,NULL,2),(234,146,'images','local','/products/146/00146_Siniy-p.jpg',NULL,30350,'image/jpeg',1478437442,1478437442,NULL,3),(235,147,'images','local','/products/147/00147_Zeleniy-m.jpg',NULL,2485,'image/jpeg',1478437442,1478437442,NULL,1),(236,147,'images','local','/products/147/00147_Zeleniy-b.jpg',NULL,7026,'image/jpeg',1478437442,1478437442,NULL,2),(237,147,'images','local','/products/147/00147_Zeleniy-p.jpg',NULL,30420,'image/jpeg',1478437442,1478437442,NULL,3),(238,229,'images','local','/products/229/00229_shayba1-m.jpg',NULL,3215,'image/jpeg',1478437456,1478437456,NULL,1),(239,229,'images','local','/products/229/00229_shayba1-b.jpg',NULL,11295,'image/jpeg',1478437456,1478437456,NULL,2),(240,229,'images','local','/products/229/00229_shayba1-p.jpg',NULL,21125,'image/jpeg',1478437456,1478437456,NULL,3),(241,230,'images','local','/products/230/00230_shayba4-m.jpg',NULL,4148,'image/jpeg',1478437457,1478437457,NULL,1),(242,230,'images','local','/products/230/00230_shayba4-b.jpg',NULL,10480,'image/jpeg',1478437457,1478437457,NULL,2),(243,230,'images','local','/products/230/00230_shayba4-p.jpg',NULL,30419,'image/jpeg',1478437457,1478437457,NULL,3),(244,231,'images','local','/products/231/00231_shayba2-m.jpg',NULL,2936,'image/jpeg',1478437457,1478437457,NULL,1),(245,231,'images','local','/products/231/00231_shayba2-b.jpg',NULL,7352,'image/jpeg',1478437457,1478437457,NULL,2),(246,231,'images','local','/products/231/00231_shayba2-p.jpg',NULL,17076,'image/jpeg',1478437457,1478437457,NULL,3),(247,232,'images','local','/products/232/00232_shayba5-m.jpg',NULL,4798,'image/jpeg',1478437457,1478437457,NULL,1),(248,232,'images','local','/products/232/00232_shayba5-b.jpg',NULL,11132,'image/jpeg',1478437457,1478437457,NULL,2),(249,232,'images','local','/products/232/00232_shayba5-p.jpg',NULL,50535,'image/jpeg',1478437457,1478437457,NULL,3),(250,236,'images','local','/products/236/00236_Prozrachniy-m.jpg',NULL,2151,'image/jpeg',1478437458,1478437458,NULL,1),(251,236,'images','local','/products/236/00236_Prozrachniy-b.jpg',NULL,6094,'image/jpeg',1478437458,1478437458,NULL,2),(252,236,'images','local','/products/236/00236_Prozrachniy-p.jpg',NULL,29551,'image/jpeg',1478437458,1478437458,NULL,3),(253,237,'images','local','/products/237/00237_Bronzoviy-m.jpg',NULL,2688,'image/jpeg',1478437459,1478437459,NULL,1),(254,237,'images','local','/products/237/00237_Bronzoviy-b.jpg',NULL,9042,'image/jpeg',1478437459,1478437459,NULL,2),(255,237,'images','local','/products/237/00237_Bronzoviy-p.jpg',NULL,46418,'image/jpeg',1478437459,1478437459,NULL,3),(256,243,'images','local','/products/243/00243_Obogrevalel4-m.jpg',NULL,2662,'image/jpeg',1478437460,1478437460,NULL,1),(257,243,'images','local','/products/243/00243_Obogrevalel4-b.jpg',NULL,8132,'image/jpeg',1478437460,1478437460,NULL,2),(258,243,'images','local','/products/243/00243_Obogrevalel4-p.jpg',NULL,70886,'image/jpeg',1478437461,1478437461,NULL,3),(259,248,'images','local','/products/248/00248_Anserglob BCX-39 smes kleevaja-m.jpg',NULL,3694,'image/jpeg',1478437461,1478437461,NULL,1),(260,248,'images','local','/products/248/00248_Anserglob BCX-39 smes kleevaja-b.jpg',NULL,13494,'image/jpeg',1478437461,1478437461,NULL,2),(261,248,'images','local','/products/248/00248_Anserglob BCX-39 smes kleevaja-p.jpg',NULL,25144,'image/jpeg',1478437461,1478437461,NULL,3),(262,244,'images','local','/products/244/00244_podokoniki-danke-m.jpg',NULL,4642,'image/jpeg',1478437461,1478437461,NULL,1),(263,244,'images','local','/products/244/00244_podokoniki-danke-b.jpg',NULL,14473,'image/jpeg',1478437462,1478437462,NULL,2),(264,244,'images','local','/products/244/00244_podokoniki-danke-p.jpg',NULL,14439,'image/jpeg',1478437462,1478437462,NULL,3),(265,245,'images','local','/products/245/00245_dsc00539-m.jpg',NULL,2936,'image/jpeg',1478437462,1478437462,NULL,1),(266,245,'images','local','/products/245/00245_dsc00539-b.jpg',NULL,8378,'image/jpeg',1478437462,1478437462,NULL,2),(267,245,'images','local','/products/245/00245_otkos-3-p.png',NULL,29214,'image/png',1478437462,1478437462,NULL,3),(268,246,'images','local','/products/246/00246_1280274188_121-m.jpg',NULL,4137,'image/jpeg',1478437462,1478437462,NULL,1),(269,246,'images','local','/products/246/00246_1280274188_121-b.jpg',NULL,13115,'image/jpeg',1478437462,1478437462,NULL,2),(270,246,'images','local','/products/246/00246_651247-p.jpeg',NULL,4804,'image/jpeg',1478437463,1478437463,NULL,3),(271,247,'images','local','/products/247/00247_HeatPanel_Interrior_9-m.jpg',NULL,4512,'image/jpeg',1478437463,1478437463,NULL,1),(272,247,'images','local','/products/247/00247_HeatPanel_Interrior_9-b.jpg',NULL,12751,'image/jpeg',1478437463,1478437463,NULL,2),(273,247,'images','local','/products/247/00247_HeatPanel_Interrior_9-p.jpg',NULL,460243,'image/jpeg',1478437463,1478437463,NULL,3),(274,249,'images','local','/products/249/00249_Anserglob BCX-40 smes kleevaja-m.jpg',NULL,3700,'image/jpeg',1478437463,1478437463,NULL,1),(275,249,'images','local','/products/249/00249_Anserglob BCX-40 smes kleevaja-b.jpg',NULL,13496,'image/jpeg',1478437463,1478437463,NULL,2),(276,249,'images','local','/products/249/00249_Anserglob BCX-40 smes kleevaja-p.jpg',NULL,25290,'image/jpeg',1478437463,1478437463,NULL,3),(277,250,'images','local','/products/250/00250_Anserglob TMB 120 dekorativ.shtukaturka-m.jpg',NULL,3767,'image/jpeg',1478437464,1478437464,NULL,1),(278,250,'images','local','/products/250/00250_Anserglob TMB 120 dekorativ.shtukaturka-b.jpg',NULL,13992,'image/jpeg',1478437464,1478437464,NULL,2),(279,250,'images','local','/products/250/00250_Anserglob TMB 120 dekorativ.shtukaturka-p.jpg',NULL,23859,'image/jpeg',1478437464,1478437464,NULL,3),(280,251,'images','local','/products/251/00251_Anserglob TMK 110 dekorativ.shtukaturka-m.jpg',NULL,3738,'image/jpeg',1478437464,1478437464,NULL,1),(281,251,'images','local','/products/251/00251_Anserglob TMK 110 dekorativ.shtukaturka-b.jpg',NULL,13894,'image/jpeg',1478437464,1478437464,NULL,2),(282,251,'images','local','/products/251/00251_Anserglob TMK 110 dekorativ.shtukaturka-p.jpg',NULL,23863,'image/jpeg',1478437464,1478437464,NULL,3),(283,252,'images','local','/products/252/00252_Anserglob TMK 112 dekorativ.shtukaturka-m.jpg',NULL,3769,'image/jpeg',1478437465,1478437465,NULL,1),(284,252,'images','local','/products/252/00252_Anserglob TMK 112 dekorativ.shtukaturka-b.jpg',NULL,13966,'image/jpeg',1478437465,1478437465,NULL,2),(285,252,'images','local','/products/252/00252_Anserglob TMK 112 dekorativ.shtukaturka-p.jpg',NULL,23545,'image/jpeg',1478437465,1478437465,NULL,3),(286,266,'images','local','/products/266/00266_DANKE exterior_fasadnaja kraska-m.jpg',NULL,4575,'image/jpeg',1478437465,1478437465,NULL,1),(287,266,'images','local','/products/266/00266_DANKE exterior_fasadnaja kraska-b.jpg',NULL,15309,'image/jpeg',1478437465,1478437465,NULL,2),(288,266,'images','local','/products/266/00266_DANKE exterior_fasadnaja kraska-p.jpg',NULL,46051,'image/jpeg',1478437465,1478437465,NULL,3),(289,253,'images','local','/products/253/00253_Steklosetka Anserglob TG 15-m.jpg',NULL,2590,'image/jpeg',1478437466,1478437466,NULL,1),(290,253,'images','local','/products/253/00253_Steklosetka Anserglob TG 15-p.jpg',NULL,23662,'image/jpeg',1478437466,1478437466,NULL,3),(291,254,'images','local','/products/254/00254_Steklosetka Anserglob 4-m.jpg',NULL,2329,'image/jpeg',1478437466,1478437466,NULL,1),(292,254,'images','local','/products/254/00254_Steklosetka Anserglob 4-b.jpg',NULL,7853,'image/jpeg',1478437466,1478437466,NULL,2),(293,254,'images','local','/products/254/00254_Steklosetka Anserglob 4-p.jpg',NULL,31531,'image/jpeg',1478437467,1478437467,NULL,3),(294,255,'images','local','/products/255/00255_Steklosetka Anserglob 6-m.jpg',NULL,2256,'image/jpeg',1478437467,1478437467,NULL,1),(295,255,'images','local','/products/255/00255_Steklosetka Anserglob 6-b.jpg',NULL,10681,'image/jpeg',1478437467,1478437467,NULL,2),(296,255,'images','local','/products/255/00255_Steklosetka Anserglob 6-p.jpg',NULL,68541,'image/jpeg',1478437467,1478437467,NULL,3),(297,256,'images','local','/products/256/00256_Termodubel-m.jpg',NULL,2855,'image/jpeg',1478437467,1478437467,NULL,1),(298,256,'images','local','/products/256/00256_Termodubel-p.jpg',NULL,11212,'image/jpeg',1478437467,1478437467,NULL,3),(299,257,'images','local','/products/257/00257_kamintseva-m.jpg',NULL,3535,'image/jpeg',1478437468,1478437468,NULL,1),(300,257,'images','local','/products/257/00257_big_kamintseva-b.jpg',NULL,12968,'image/jpeg',1478437468,1478437468,NULL,2),(301,257,'images','local','/products/257/00257_big_kamintseva-p.jpg',NULL,36173,'image/jpeg',1478437468,1478437468,NULL,3),(302,258,'images','local','/products/258/00258_koroid-m.jpg',NULL,3522,'image/jpeg',1478437468,1478437468,NULL,1),(303,258,'images','local','/products/258/00258_big_koroid-b.jpg',NULL,12847,'image/jpeg',1478437468,1478437468,NULL,2),(304,258,'images','local','/products/258/00258_big_koroid-p.jpg',NULL,35863,'image/jpeg',1478437468,1478437468,NULL,3),(305,259,'images','local','/products/259/00259_paintAkril-m.jpg',NULL,4584,'image/jpeg',1478437469,1478437469,NULL,1),(306,259,'images','local','/products/259/00259_big_paintAkril-b.jpg',NULL,13472,'image/jpeg',1478437469,1478437469,NULL,2),(307,259,'images','local','/products/259/00259_big_paintAkril-p.jpg',NULL,31740,'image/jpeg',1478437469,1478437469,NULL,3),(308,363,'images','local','/products/363/00363_00351_Akr-m-m.JPG',NULL,2921,'image/jpeg',1478437469,1478437469,NULL,1),(309,363,'images','local','/products/363/00363_00351_5029_1311242288-b-b.jpg',NULL,8278,'image/jpeg',1478437469,1478437469,NULL,2),(310,260,'images','local','/products/260/00260_Anserglob EG 60 gruntovka-m.jpg',NULL,2438,'image/jpeg',1478437470,1478437470,NULL,1),(311,260,'images','local','/products/260/00260_Anserglob EG 60 gruntovka-b.jpg',NULL,7424,'image/jpeg',1478437470,1478437470,NULL,2),(312,260,'images','local','/products/260/00260_Anserglob EG 60 gruntovka-p.jpg',NULL,37459,'image/jpeg',1478437470,1478437470,NULL,3),(313,261,'images','local','/products/261/00261_Anserglob EG 61 gruntovka-m.jpg',NULL,2438,'image/jpeg',1478437470,1478437470,NULL,1),(314,261,'images','local','/products/261/00261_Anserglob EG 61 gruntovka-b.jpg',NULL,7500,'image/jpeg',1478437470,1478437470,NULL,2),(315,261,'images','local','/products/261/00261_Anserglob EG 61 gruntovka-p.jpg',NULL,33485,'image/jpeg',1478437470,1478437470,NULL,3),(316,262,'images','local','/products/262/00262_Anserglob EG 62 gruntovka-m.jpg',NULL,3288,'image/jpeg',1478437470,1478437470,NULL,1),(317,262,'images','local','/products/262/00262_Anserglob EG 62 gruntovka-b.jpg',NULL,10544,'image/jpeg',1478437470,1478437470,NULL,2),(318,262,'images','local','/products/262/00262_Anserglob EG 62 gruntovka-p.jpg',NULL,27636,'image/jpeg',1478437471,1478437471,NULL,3),(319,263,'images','local','/products/263/00263_DANKE struktur.dekorat.shtukaturka_barashek-m.jpg',NULL,4746,'image/jpeg',1478437471,1478437471,NULL,1),(320,263,'images','local','/products/263/00263_DANKE struktur.dekorat.shtukaturka_barashek-b.jpg',NULL,15997,'image/jpeg',1478437471,1478437471,NULL,2),(321,263,'images','local','/products/263/00263_Danke kontur-p.jpg',NULL,162970,'image/jpeg',1478437471,1478437471,NULL,3),(322,264,'images','local','/products/264/00264_DANKE strukturnaya.dekorat.shtukaturka_koroed-m.jpg',NULL,4261,'image/jpeg',1478437471,1478437471,NULL,1),(323,264,'images','local','/products/264/00264_DANKE strukturnaya.dekorat.shtukaturka_koroed-b.jpg',NULL,14091,'image/jpeg',1478437471,1478437471,NULL,2),(324,264,'images','local','/products/264/00264_Danke textur-p.jpg',NULL,123340,'image/jpeg',1478437472,1478437472,NULL,3),(325,265,'images','local','/products/265/00265_DANKE struktur.kraska-m.jpg',NULL,4619,'image/jpeg',1478437472,1478437472,NULL,1),(326,265,'images','local','/products/265/00265_DANKE struktur.kraska-b.jpg',NULL,15860,'image/jpeg',1478437472,1478437472,NULL,2),(327,265,'images','local','/products/265/00265_dan_strk1-p.jpg',NULL,39301,'image/jpeg',1478437472,1478437472,NULL,3),(328,267,'images','local','/products/267/00267_osk-rputz25b2-m.jpg',NULL,5564,'image/jpeg',1478437472,1478437472,NULL,1),(329,267,'images','local','/products/267/00267_osk-rputz25b2-b.jpg',NULL,17757,'image/jpeg',1478437472,1478437472,NULL,2),(330,267,'images','local','/products/267/00267_kor 1-p.jpg',NULL,123340,'image/jpeg',1478437473,1478437473,NULL,3),(331,268,'images','local','/products/268/00268_osk-rputz15b2-m.jpg',NULL,5562,'image/jpeg',1478437473,1478437473,NULL,1),(332,268,'images','local','/products/268/00268_osk-rputz15b2-b.jpg',NULL,17890,'image/jpeg',1478437473,1478437473,NULL,2),(333,268,'images','local','/products/268/00268_kor 2-p.jpg',NULL,123340,'image/jpeg',1478437473,1478437473,NULL,3),(334,269,'images','local','/products/269/00269_oskar-putz15b-m.jpg',NULL,5313,'image/jpeg',1478437474,1478437474,NULL,1),(335,269,'images','local','/products/269/00269_oskar-putz15b-b.jpg',NULL,17683,'image/jpeg',1478437474,1478437474,NULL,2),(336,269,'images','local','/products/269/00269_bar 1-p.jpg',NULL,162970,'image/jpeg',1478437474,1478437474,NULL,3),(337,270,'images','local','/products/270/00270_osk-putz05p-m.jpg',NULL,5272,'image/jpeg',1478437474,1478437474,NULL,1),(338,270,'images','local','/products/270/00270_osk-putz05p-b.jpg',NULL,17474,'image/jpeg',1478437474,1478437474,NULL,2),(339,270,'images','local','/products/270/00270_osk_bar05-p.jpg',NULL,67157,'image/jpeg',1478437474,1478437474,NULL,3),(340,271,'images','local','/products/271/00271_oskar_spirit of color-m.jpg',NULL,5301,'image/jpeg',1478437475,1478437475,NULL,1),(341,271,'images','local','/products/271/00271_oskar_spirit of color-b.jpg',NULL,17030,'image/jpeg',1478437475,1478437475,NULL,2),(342,271,'images','local','/products/271/00271_oskar_spirit of color-p.jpg',NULL,41392,'image/jpeg',1478437475,1478437475,NULL,3),(343,272,'images','local','/products/272/00272_osk-silikon-fb-m.jpg',NULL,5197,'image/jpeg',1478437475,1478437475,NULL,1),(344,272,'images','local','/products/272/00272_osk-silikon-fb-b.jpg',NULL,15075,'image/jpeg',1478437475,1478437475,NULL,2),(345,272,'images','local','/products/272/00272_osk-silikon-fb-p.jpg',NULL,39427,'image/jpeg',1478437475,1478437475,NULL,3),(346,273,'images','local','/products/273/00273_penoplast-m.jpg',NULL,3543,'image/jpeg',1478437475,1478437475,NULL,1),(347,273,'images','local','/products/273/00273_penoplast-b.jpg',NULL,13945,'image/jpeg',1478437476,1478437476,NULL,2),(348,273,'images','local','/products/273/00273_penoplast-p.jpg',NULL,43673,'image/jpeg',1478437476,1478437476,NULL,3),(349,274,'images','local','/products/274/00274_EG58-m.jpg',NULL,3851,'image/jpeg',1478437476,1478437476,NULL,1),(350,274,'images','local','/products/274/00274_big_EG58-b.jpg',NULL,10608,'image/jpeg',1478437476,1478437476,NULL,2),(351,274,'images','local','/products/274/00274_big_EG58-p.jpg',NULL,34692,'image/jpeg',1478437476,1478437476,NULL,3),(352,275,'images','local','/products/275/00275_ES66-m.jpg',NULL,3886,'image/jpeg',1478437476,1478437476,NULL,1),(353,275,'images','local','/products/275/00275_big_ES66-b.jpg',NULL,10977,'image/jpeg',1478437476,1478437476,NULL,2),(354,275,'images','local','/products/275/00275_big_ES66-p.jpg',NULL,37067,'image/jpeg',1478437477,1478437477,NULL,3),(355,276,'images','local','/products/276/00276_ES67-m.jpg',NULL,3821,'image/jpeg',1478437477,1478437477,NULL,1),(356,276,'images','local','/products/276/00276_big_ES67-b.jpg',NULL,10959,'image/jpeg',1478437477,1478437477,NULL,2),(357,276,'images','local','/products/276/00276_big_ES67-p.jpg',NULL,36482,'image/jpeg',1478437477,1478437477,NULL,3),(358,277,'images','local','/products/277/00277_deimos-m.jpg',NULL,4166,'image/jpeg',1478437477,1478437477,NULL,1),(359,277,'images','local','/products/277/00277_big_deimos-b.jpg',NULL,15055,'image/jpeg',1478437477,1478437477,NULL,2),(360,277,'images','local','/products/277/00277_big_deimos-p.jpg',NULL,35390,'image/jpeg',1478437477,1478437477,NULL,3),(361,288,'images','local','/products/288/00288_Plexiglas03-m.jpg',NULL,5050,'image/jpeg',1478437478,1478437478,NULL,1),(362,288,'images','local','/products/288/00288_Plexiglas03-b.jpg',NULL,16509,'image/jpeg',1478437478,1478437478,NULL,2),(363,288,'images','local','/products/288/00288_Plexiglas02-p.jpg',NULL,165842,'image/jpeg',1478437478,1478437478,NULL,3),(364,286,'images','local','/products/286/00286_Plexiglas03-m.jpg',NULL,5050,'image/jpeg',1478437478,1478437478,NULL,1),(365,286,'images','local','/products/286/00286_Plexiglas03-b.jpg',NULL,16509,'image/jpeg',1478437478,1478437478,NULL,2),(366,286,'images','local','/products/286/00286_Plexiglas02-p.jpg',NULL,165842,'image/jpeg',1478437478,1478437478,NULL,3),(367,287,'images','local','/products/287/00287_Plexiglas03-m.jpg',NULL,5050,'image/jpeg',1478437479,1478437479,NULL,1),(368,287,'images','local','/products/287/00287_Plexiglas03-b.jpg',NULL,16509,'image/jpeg',1478437479,1478437479,NULL,2),(369,287,'images','local','/products/287/00287_Plexiglas02-p.jpg',NULL,165842,'image/jpeg',1478437479,1478437479,NULL,3),(370,282,'images','local','/products/282/00282_ondex0-m.jpg',NULL,4207,'image/jpeg',1478437479,1478437479,NULL,1),(371,282,'images','local','/products/282/00282_ondex0-b.jpg',NULL,14011,'image/jpeg',1478437479,1478437479,NULL,2),(372,282,'images','local','/products/282/00282_ondex0-p.jpg',NULL,11574,'image/jpeg',1478437479,1478437479,NULL,3),(373,283,'images','local','/products/283/00283_ondex0-m.jpg',NULL,4207,'image/jpeg',1478437480,1478437480,NULL,1),(374,283,'images','local','/products/283/00283_ondex0-b.jpg',NULL,14011,'image/jpeg',1478437480,1478437480,NULL,2),(375,283,'images','local','/products/283/00283_ondex0-p.jpg',NULL,11574,'image/jpeg',1478437480,1478437480,NULL,3),(376,284,'images','local','/products/284/00284_sollux-m.jpg',NULL,3609,'image/jpeg',1478437480,1478437480,NULL,1),(377,284,'images','local','/products/284/00284_sollux-b.jpg',NULL,10931,'image/jpeg',1478437480,1478437480,NULL,2),(378,284,'images','local','/products/284/00284_sollux-p.jpg',NULL,13215,'image/jpeg',1478437480,1478437480,NULL,3),(379,285,'images','local','/products/285/00285_pic_ondex_hr-m.jpg',NULL,3267,'image/jpeg',1478437481,1478437481,NULL,1),(380,285,'images','local','/products/285/00285_pic_ondex_hr-b.jpg',NULL,10213,'image/jpeg',1478437481,1478437481,NULL,2),(381,285,'images','local','/products/285/00285_pic_ondex_hr-p.jpg',NULL,15609,'image/jpeg',1478437481,1478437481,NULL,3),(382,289,'images','local','/products/289/00289_Plexiglas03-m.jpg',NULL,5050,'image/jpeg',1478437481,1478437481,NULL,1),(383,289,'images','local','/products/289/00289_Plexiglas03-b.jpg',NULL,16509,'image/jpeg',1478437481,1478437481,NULL,2),(384,289,'images','local','/products/289/00289_Plexiglas02-p.jpg',NULL,165842,'image/jpeg',1478437481,1478437481,NULL,3),(385,290,'images','local','/products/290/00290_Plexiglas03-m.jpg',NULL,5050,'image/jpeg',1478437481,1478437481,NULL,1),(386,290,'images','local','/products/290/00290_Plexiglas03-b.jpg',NULL,16509,'image/jpeg',1478437481,1478437481,NULL,2),(387,290,'images','local','/products/290/00290_Plexiglas02-p.jpg',NULL,165842,'image/jpeg',1478437482,1478437482,NULL,3),(388,291,'images','local','/products/291/00291_Plexiglas03-m.jpg',NULL,5050,'image/jpeg',1478437482,1478437482,NULL,1),(389,291,'images','local','/products/291/00291_Plexiglas03-b.jpg',NULL,16509,'image/jpeg',1478437482,1478437482,NULL,2),(390,291,'images','local','/products/291/00291_Plexiglas02-p.jpg',NULL,165842,'image/jpeg',1478437482,1478437482,NULL,3),(391,292,'images','local','/products/292/00292_Plexiglas03-m.jpg',NULL,5050,'image/jpeg',1478437482,1478437482,NULL,1),(392,292,'images','local','/products/292/00292_Plexiglas03-b.jpg',NULL,16509,'image/jpeg',1478437483,1478437483,NULL,2),(393,292,'images','local','/products/292/00292_Plexiglas02-p.jpg',NULL,165842,'image/jpeg',1478437483,1478437483,NULL,3),(394,293,'images','local','/products/293/00293_Plexiglas03-m.jpg',NULL,5050,'image/jpeg',1478437483,1478437483,NULL,1),(395,293,'images','local','/products/293/00293_Plexiglas03-b.jpg',NULL,16509,'image/jpeg',1478437483,1478437483,NULL,2),(396,293,'images','local','/products/293/00293_Plexiglas02-p.jpg',NULL,165842,'image/jpeg',1478437483,1478437483,NULL,3),(397,294,'images','local','/products/294/00294_Plexiglas03-m.jpg',NULL,5050,'image/jpeg',1478437483,1478437483,NULL,1),(398,294,'images','local','/products/294/00294_Plexiglas03-b.jpg',NULL,16509,'image/jpeg',1478437484,1478437484,NULL,2),(399,294,'images','local','/products/294/00294_Plexiglas02-p.jpg',NULL,165842,'image/jpeg',1478437484,1478437484,NULL,3),(400,295,'images','local','/products/295/00295_Plexiglas03-m.jpg',NULL,5050,'image/jpeg',1478437484,1478437484,NULL,1),(401,295,'images','local','/products/295/00295_Plexiglas03-b.jpg',NULL,16509,'image/jpeg',1478437484,1478437484,NULL,2),(402,295,'images','local','/products/295/00295_Plexiglas02-p.jpg',NULL,165842,'image/jpeg',1478437484,1478437484,NULL,3),(403,296,'images','local','/products/296/00296_Plexiglas03-m.jpg',NULL,5050,'image/jpeg',1478437484,1478437484,NULL,1),(404,296,'images','local','/products/296/00296_Plexiglas03-b.jpg',NULL,16509,'image/jpeg',1478437484,1478437484,NULL,2),(405,296,'images','local','/products/296/00296_Plexiglas02-p.jpg',NULL,165842,'image/jpeg',1478437484,1478437484,NULL,3),(406,297,'images','local','/products/297/00297_Plexiglas03-m.jpg',NULL,5050,'image/jpeg',1478437485,1478437485,NULL,1),(407,297,'images','local','/products/297/00297_Plexiglas03-b.jpg',NULL,16509,'image/jpeg',1478437485,1478437485,NULL,2),(408,297,'images','local','/products/297/00297_Plexiglas02-p.jpg',NULL,165842,'image/jpeg',1478437485,1478437485,NULL,3),(409,298,'images','local','/products/298/00298_Plexiglas03-m.jpg',NULL,5050,'image/jpeg',1478437485,1478437485,NULL,1),(410,298,'images','local','/products/298/00298_Plexiglas03-b.jpg',NULL,16509,'image/jpeg',1478437485,1478437485,NULL,2),(411,298,'images','local','/products/298/00298_Plexiglas02-p.jpg',NULL,165842,'image/jpeg',1478437485,1478437485,NULL,3),(412,299,'images','local','/products/299/00299_Plexiglas03-m.jpg',NULL,5050,'image/jpeg',1478437486,1478437486,NULL,1),(413,299,'images','local','/products/299/00299_Plexiglas03-b.jpg',NULL,16509,'image/jpeg',1478437486,1478437486,NULL,2),(414,299,'images','local','/products/299/00299_Plexiglas02-p.jpg',NULL,165842,'image/jpeg',1478437486,1478437486,NULL,3),(415,300,'images','local','/products/300/00300_Plexiglas03-m.jpg',NULL,5050,'image/jpeg',1478437486,1478437486,NULL,1),(416,300,'images','local','/products/300/00300_Plexiglas03-b.jpg',NULL,16509,'image/jpeg',1478437486,1478437486,NULL,2),(417,300,'images','local','/products/300/00300_Plexiglas02-p.jpg',NULL,165842,'image/jpeg',1478437486,1478437486,NULL,3),(418,301,'images','local','/products/301/00301_Plexiglas03-m.jpg',NULL,5050,'image/jpeg',1478437486,1478437486,NULL,1),(419,301,'images','local','/products/301/00301_Plexiglas03-b.jpg',NULL,16509,'image/jpeg',1478437486,1478437486,NULL,2),(420,301,'images','local','/products/301/00301_Plexiglas02-p.jpg',NULL,165842,'image/jpeg',1478437486,1478437486,NULL,3),(421,302,'images','local','/products/302/00302_Plexiglas03-m.jpg',NULL,5050,'image/jpeg',1478437487,1478437487,NULL,1),(422,302,'images','local','/products/302/00302_Plexiglas03-b.jpg',NULL,16509,'image/jpeg',1478437487,1478437487,NULL,2),(423,302,'images','local','/products/302/00302_Plexiglas02-p.jpg',NULL,165842,'image/jpeg',1478437487,1478437487,NULL,3),(424,303,'images','local','/products/303/00303_Plexiglas03-m.jpg',NULL,5050,'image/jpeg',1478437487,1478437487,NULL,1),(425,303,'images','local','/products/303/00303_Plexiglas03-b.jpg',NULL,16509,'image/jpeg',1478437488,1478437488,NULL,2),(426,303,'images','local','/products/303/00303_Plexiglas02-p.jpg',NULL,165842,'image/jpeg',1478437488,1478437488,NULL,3),(427,316,'images','local','/products/316/00316_acrylic_sheets_mirror-m.jpg',NULL,4227,'image/jpeg',1478437488,1478437488,NULL,1),(428,316,'images','local','/products/316/00316_acrylic_sheets_mirror-b.jpg',NULL,12544,'image/jpeg',1478437488,1478437488,NULL,2),(429,316,'images','local','/products/316/00316_acrylic_sheets_mirror-l-p.jpg',NULL,12997,'image/jpeg',1478437488,1478437488,NULL,3),(430,317,'images','local','/products/317/00317_acrylic_sheets_mirror-m.jpg',NULL,4227,'image/jpeg',1478437489,1478437489,NULL,1),(431,317,'images','local','/products/317/00317_acrylic_sheets_mirror-b.jpg',NULL,12544,'image/jpeg',1478437489,1478437489,NULL,2),(432,317,'images','local','/products/317/00317_acrylic_sheets_mirror-p.jpg',NULL,23444,'image/jpeg',1478437489,1478437489,NULL,3),(433,318,'images','local','/products/318/00318_acrylic_sheets_mirror-m.jpg',NULL,4227,'image/jpeg',1478437489,1478437489,NULL,1),(434,318,'images','local','/products/318/00318_acrylic_sheets_mirror-b.jpg',NULL,12544,'image/jpeg',1478437489,1478437489,NULL,2),(435,318,'images','local','/products/318/00318_acrylic_sheets_mirror-l-p.jpg',NULL,12997,'image/jpeg',1478437489,1478437489,NULL,3),(436,319,'images','local','/products/319/00319_acrylic_sheets_mirror-m.jpg',NULL,4227,'image/jpeg',1478437489,1478437489,NULL,1),(437,319,'images','local','/products/319/00319_acrylic_sheets_mirror-b.jpg',NULL,12544,'image/jpeg',1478437489,1478437489,NULL,2),(438,319,'images','local','/products/319/00319_acrylic_sheets_mirror-p.jpg',NULL,23444,'image/jpeg',1478437489,1478437489,NULL,3),(439,362,'images','local','/products/362/00362_Akr-m.JPG',NULL,2921,'image/jpeg',1478437490,1478437490,NULL,1),(440,362,'images','local','/products/362/00362_5029_1311242288-b.jpg',NULL,8278,'image/jpeg',1478437490,1478437490,NULL,2),(441,362,'images','local','/products/362/00362_5029_1311242288-p.jpg',NULL,8274,'image/jpeg',1478437490,1478437490,NULL,3),(442,361,'images','local','/products/361/00361_Akr-m.JPG',NULL,2921,'image/jpeg',1478437490,1478437490,NULL,1),(443,361,'images','local','/products/361/00361_5029_1311242288-b.jpg',NULL,8278,'image/jpeg',1478437490,1478437490,NULL,2),(444,361,'images','local','/products/361/00361_5029_1311242288-p.jpg',NULL,8274,'image/jpeg',1478437490,1478437490,NULL,3),(445,360,'images','local','/products/360/00360_img1-m.gif',NULL,5006,'image/gif',1478437491,1478437491,NULL,1),(446,360,'images','local','/products/360/00360_23,06-b.jpg',NULL,6298,'image/jpeg',1478437491,1478437491,NULL,2),(447,360,'images','local','/products/360/00360_23,06-p.jpg',NULL,6092,'image/jpeg',1478437491,1478437491,NULL,3),(448,359,'images','local','/products/359/00359_Akr-m.JPG',NULL,2921,'image/jpeg',1478437491,1478437491,NULL,1),(449,359,'images','local','/products/359/00359_5029_1311242288-b.jpg',NULL,8278,'image/jpeg',1478437491,1478437491,NULL,2),(450,359,'images','local','/products/359/00359_5029_1311242288-p.jpg',NULL,8274,'image/jpeg',1478437491,1478437491,NULL,3),(451,358,'images','local','/products/358/00358_img1-m.gif',NULL,5006,'image/gif',1478437491,1478437491,NULL,1),(452,358,'images','local','/products/358/00358_23,06-b.jpg',NULL,6298,'image/jpeg',1478437491,1478437491,NULL,2),(453,358,'images','local','/products/358/00358_23,06-p.jpg',NULL,6092,'image/jpeg',1478437492,1478437492,NULL,3),(454,357,'images','local','/products/357/00357_img1-m.gif',NULL,5006,'image/gif',1478437492,1478437492,NULL,1),(455,357,'images','local','/products/357/00357_23,06-b.jpg',NULL,6298,'image/jpeg',1478437492,1478437492,NULL,2),(456,357,'images','local','/products/357/00357_23,06-p.jpg',NULL,6092,'image/jpeg',1478437492,1478437492,NULL,3),(457,356,'images','local','/products/356/00356_img1-m.gif',NULL,5006,'image/gif',1478437493,1478437493,NULL,1),(458,356,'images','local','/products/356/00356_23,06-b.jpg',NULL,6298,'image/jpeg',1478437493,1478437493,NULL,2),(459,356,'images','local','/products/356/00356_23,06-p.jpg',NULL,6092,'image/jpeg',1478437493,1478437493,NULL,3),(460,355,'images','local','/products/355/00355_img1-m.gif',NULL,5006,'image/gif',1478437493,1478437493,NULL,1),(461,355,'images','local','/products/355/00355_23,06-b.jpg',NULL,6298,'image/jpeg',1478437493,1478437493,NULL,2),(462,355,'images','local','/products/355/00355_23,06-p.jpg',NULL,6092,'image/jpeg',1478437493,1478437493,NULL,3),(463,354,'images','local','/products/354/00354_Akr-m.JPG',NULL,2921,'image/jpeg',1478437494,1478437494,NULL,1),(464,354,'images','local','/products/354/00354_5029_1311242288-b.jpg',NULL,8278,'image/jpeg',1478437494,1478437494,NULL,2),(465,354,'images','local','/products/354/00354_5029_1311242288-p.jpg',NULL,8274,'image/jpeg',1478437494,1478437494,NULL,3),(466,353,'images','local','/products/353/00353_Akr-m.JPG',NULL,2921,'image/jpeg',1478437494,1478437494,NULL,1),(467,353,'images','local','/products/353/00353_5029_1311242288-b.jpg',NULL,8278,'image/jpeg',1478437494,1478437494,NULL,2),(468,353,'images','local','/products/353/00353_5029_1311242288-p.jpg',NULL,8274,'image/jpeg',1478437494,1478437494,NULL,3),(469,352,'images','local','/products/352/00352_Akr-m.JPG',NULL,2921,'image/jpeg',1478437495,1478437495,NULL,1),(470,352,'images','local','/products/352/00352_5029_1311242288-b.jpg',NULL,8278,'image/jpeg',1478437495,1478437495,NULL,2),(471,352,'images','local','/products/352/00352_5029_1311242288-p.jpg',NULL,8274,'image/jpeg',1478437495,1478437495,NULL,3),(472,335,'images','local','/products/335/00335_Plexiglas Satinice-m.jpg',NULL,3011,'image/jpeg',1478437495,1478437495,NULL,1),(473,335,'images','local','/products/335/00335_Plexiglas Satinice01-b.jpg',NULL,11148,'image/jpeg',1478437495,1478437495,NULL,2),(474,335,'images','local','/products/335/00335_Plexiglas Satinice01-p.jpg',NULL,8166,'image/jpeg',1478437496,1478437496,NULL,3),(475,336,'images','local','/products/336/00336_Plexiglas Satinice-m.jpg',NULL,3011,'image/jpeg',1478437496,1478437496,NULL,1),(476,336,'images','local','/products/336/00336_Plexiglas Satinice01-b.jpg',NULL,11148,'image/jpeg',1478437496,1478437496,NULL,2),(477,336,'images','local','/products/336/00336_Plexiglas Satinice01-p.jpg',NULL,8166,'image/jpeg',1478437496,1478437496,NULL,3),(478,337,'images','local','/products/337/00337_Plexiglas Satinice-m.jpg',NULL,3011,'image/jpeg',1478437496,1478437496,NULL,1),(479,337,'images','local','/products/337/00337_Plexiglas Satinice01-b.jpg',NULL,11148,'image/jpeg',1478437496,1478437496,NULL,2),(480,337,'images','local','/products/337/00337_Plexiglas Satinice01-p.jpg',NULL,8166,'image/jpeg',1478437496,1478437496,NULL,3),(481,338,'images','local','/products/338/00338_Plexiglas Satinice-m.jpg',NULL,3011,'image/jpeg',1478437497,1478437497,NULL,1),(482,338,'images','local','/products/338/00338_Plexiglas Satinice01-b.jpg',NULL,11148,'image/jpeg',1478437497,1478437497,NULL,2),(483,338,'images','local','/products/338/00338_Plexiglas Satinice01-p.jpg',NULL,8166,'image/jpeg',1478437497,1478437497,NULL,3),(484,339,'images','local','/products/339/00339_Plexiglas Satinice-m.jpg',NULL,3011,'image/jpeg',1478437497,1478437497,NULL,1),(485,339,'images','local','/products/339/00339_Plexiglas Satinice01-b.jpg',NULL,11148,'image/jpeg',1478437497,1478437497,NULL,2),(486,339,'images','local','/products/339/00339_Plexiglas Satinice01-p.jpg',NULL,8166,'image/jpeg',1478437498,1478437498,NULL,3),(487,340,'images','local','/products/340/00340_Plexiglas Satinice-m.jpg',NULL,3011,'image/jpeg',1478437498,1478437498,NULL,1),(488,340,'images','local','/products/340/00340_Plexiglas Satinice01-b.jpg',NULL,11148,'image/jpeg',1478437498,1478437498,NULL,2),(489,340,'images','local','/products/340/00340_Plexiglas Satinice01-p.jpg',NULL,8166,'image/jpeg',1478437498,1478437498,NULL,3),(490,341,'images','local','/products/341/00341_Plexiglas Satinice-m.jpg',NULL,3011,'image/jpeg',1478437498,1478437498,NULL,1),(491,341,'images','local','/products/341/00341_Plexiglas Satinice01-b.jpg',NULL,11148,'image/jpeg',1478437499,1478437499,NULL,2),(492,341,'images','local','/products/341/00341_Plexiglas-p.jpg',NULL,21273,'image/jpeg',1478437499,1478437499,NULL,3),(493,342,'images','local','/products/342/00342_Plexiglas Satinice-m.jpg',NULL,3011,'image/jpeg',1478437499,1478437499,NULL,1),(494,342,'images','local','/products/342/00342_Plexiglas Satinice01-b.jpg',NULL,11148,'image/jpeg',1478437499,1478437499,NULL,2),(495,342,'images','local','/products/342/00342_Plexiglas Satinice01-p.jpg',NULL,8166,'image/jpeg',1478437499,1478437499,NULL,3),(496,343,'images','local','/products/343/00343_Plexiglas Satinice-m.jpg',NULL,3011,'image/jpeg',1478437499,1478437499,NULL,1),(497,343,'images','local','/products/343/00343_Plexiglas Satinice01-b.jpg',NULL,11148,'image/jpeg',1478437499,1478437499,NULL,2),(498,343,'images','local','/products/343/00343_Plexiglas-p.jpg',NULL,21273,'image/jpeg',1478437500,1478437500,NULL,3),(499,351,'images','local','/products/351/00351_Akr-m.JPG',NULL,2921,'image/jpeg',1478437500,1478437500,NULL,1),(500,351,'images','local','/products/351/00351_5029_1311242288-b.jpg',NULL,8278,'image/jpeg',1478437500,1478437500,NULL,2),(501,351,'images','local','/products/351/00351_5029_1311242288-p.jpg',NULL,8274,'image/jpeg',1478437500,1478437500,NULL,3),(502,344,'images','local','/products/344/00344_Plexiglas Satinice-m.jpg',NULL,3011,'image/jpeg',1478437500,1478437500,NULL,1),(503,344,'images','local','/products/344/00344_Plexiglas Satinice01-b.jpg',NULL,11148,'image/jpeg',1478437500,1478437500,NULL,2),(504,344,'images','local','/products/344/00344_Plexiglas-p.jpg',NULL,21273,'image/jpeg',1478437500,1478437500,NULL,3),(505,345,'images','local','/products/345/00345_Plexiglas Satinice-m.jpg',NULL,3011,'image/jpeg',1478437501,1478437501,NULL,1),(506,345,'images','local','/products/345/00345_Plexiglas Satinice01-b.jpg',NULL,11148,'image/jpeg',1478437501,1478437501,NULL,2),(507,345,'images','local','/products/345/00345_Plexiglas-p.jpg',NULL,21273,'image/jpeg',1478437501,1478437501,NULL,3),(508,346,'images','local','/products/346/00346_Plexiglas Satinice-m.jpg',NULL,3011,'image/jpeg',1478437501,1478437501,NULL,1),(509,346,'images','local','/products/346/00346_Plexiglas Satinice01-b.jpg',NULL,11148,'image/jpeg',1478437501,1478437501,NULL,2),(510,346,'images','local','/products/346/00346_Plexiglas-p.jpg',NULL,21273,'image/jpeg',1478437501,1478437501,NULL,3),(511,347,'images','local','/products/347/00347_Plexiglas Satinice-m.jpg',NULL,3011,'image/jpeg',1478437502,1478437502,NULL,1),(512,347,'images','local','/products/347/00347_Plexiglas Satinice01-b.jpg',NULL,11148,'image/jpeg',1478437502,1478437502,NULL,2),(513,347,'images','local','/products/347/00347_Plexiglas-p.jpg',NULL,21273,'image/jpeg',1478437502,1478437502,NULL,3),(514,348,'images','local','/products/348/00348_Plexiglas Satinice-m.jpg',NULL,3011,'image/jpeg',1478437502,1478437502,NULL,1),(515,348,'images','local','/products/348/00348_Plexiglas Satinice01-b.jpg',NULL,11148,'image/jpeg',1478437502,1478437502,NULL,2),(516,348,'images','local','/products/348/00348_Plexiglas-p.jpg',NULL,21273,'image/jpeg',1478437502,1478437502,NULL,3),(517,349,'images','local','/products/349/00349_Plexiglas Satinice-m.jpg',NULL,3011,'image/jpeg',1478437503,1478437503,NULL,1),(518,349,'images','local','/products/349/00349_Plexiglas Satinice01-b.jpg',NULL,11148,'image/jpeg',1478437503,1478437503,NULL,2),(519,349,'images','local','/products/349/00349_Plexiglas-p.jpg',NULL,21273,'image/jpeg',1478437503,1478437503,NULL,3),(520,350,'images','local','/products/350/00350_werzalit01-m.jpg',NULL,2987,'image/jpeg',1478437503,1478437503,NULL,1),(521,350,'images','local','/products/350/00350_2-b.jpg',NULL,10232,'image/jpeg',1478437503,1478437503,NULL,2),(522,350,'images','local','/products/350/00350_gamma_2_0-p.jpg',NULL,26952,'image/jpeg',1478437503,1478437503,NULL,3),(523,366,'images','local','/products/366/00366_00243_Obogrevalel4-m-m.jpg',NULL,2662,'image/jpeg',1478437504,1478437504,NULL,1),(524,367,'images','local','/products/367/00367_111-m.jpeg',NULL,2562,'image/jpeg',1478437505,1478437505,NULL,1),(525,367,'images','local','/products/367/00367_20150715FVCWZUiSksT6FcV1_x0sR3_large-b.jpeg',NULL,5012,'image/jpeg',1478437505,1478437505,NULL,2),(526,367,'images','local','/products/367/00367_20150715FVCWZUiSksT6FcV1_x0sR3_large-p.jpeg',NULL,5012,'image/jpeg',1478437505,1478437505,NULL,3);
/*!40000 ALTER TABLE `tbl_product_files` ENABLE KEYS */;
UNLOCK TABLES;

--
-- Table structure for table `tbl_product_meta`
--

DROP TABLE IF EXISTS `tbl_product_meta`;
/*!40101 SET @saved_cs_client     = @@character_set_client */;
/*!40101 SET character_set_client = utf8 */;
CREATE TABLE `tbl_product_meta` (
  `id` int(11) NOT NULL AUTO_INCREMENT,
  `entity_id` int(11) DEFAULT NULL,
  `meta_title` varchar(255) COLLATE utf8_unicode_ci DEFAULT NULL,
  `meta_keywords` varchar(255) COLLATE utf8_unicode_ci DEFAULT NULL,
  `meta_description` text COLLATE utf8_unicode_ci,
  `meta_robots` varchar(50) COLLATE utf8_unicode_ci DEFAULT NULL,
  `custom_meta` text COLLATE utf8_unicode_ci,
  PRIMARY KEY (`id`),
  KEY `FK_product_meta_entity_id` (`entity_id`),
  CONSTRAINT `FK_product_meta_entity_id` FOREIGN KEY (`entity_id`) REFERENCES `tbl_products` (`id`) ON DELETE CASCADE ON UPDATE CASCADE
) ENGINE=InnoDB AUTO_INCREMENT=328 DEFAULT CHARSET=utf8 COLLATE=utf8_unicode_ci;
/*!40101 SET character_set_client = @saved_cs_client */;

--
-- Dumping data for table `tbl_product_meta`
--

LOCK TABLES `tbl_product_meta` WRITE;
/*!40000 ALTER TABLE `tbl_product_meta` DISABLE KEYS */;
INSERT INTO `tbl_product_meta` VALUES (1,1,'Теплица под поликарбонат 2х3х6','','Теплица из поликарбоната 2х3х6',NULL,NULL),(2,45,'','','',NULL,NULL),(3,46,'','','',NULL,NULL),(4,47,'','','',NULL,NULL),(5,30,'','','',NULL,NULL),(6,31,'','','',NULL,NULL),(7,32,'','','',NULL,NULL),(8,33,'','','',NULL,NULL),(9,27,'','','',NULL,NULL),(10,28,'','','',NULL,NULL),(11,29,'','','',NULL,NULL),(12,26,'','','',NULL,NULL),(13,44,'','','',NULL,NULL),(14,48,'','','',NULL,NULL),(15,12,'','','',NULL,NULL),(16,13,'','','',NULL,NULL),(17,54,'','','',NULL,NULL),(18,55,'','','',NULL,NULL),(19,56,'','','',NULL,NULL),(20,57,'','','',NULL,NULL),(21,58,'','','',NULL,NULL),(22,59,'','','',NULL,NULL),(23,20,'','','',NULL,NULL),(24,17,'','','',NULL,NULL),(25,18,'','','',NULL,NULL),(26,19,'','','',NULL,NULL),(27,21,'','','',NULL,NULL),(28,22,'','','',NULL,NULL),(29,23,'','','',NULL,NULL),(30,24,'','','',NULL,NULL),(31,25,'','','',NULL,NULL),(32,11,'','','',NULL,NULL),(33,14,'','','',NULL,NULL),(34,15,'','','',NULL,NULL),(35,16,'','','',NULL,NULL),(36,34,'','','',NULL,NULL),(37,35,'','','',NULL,NULL),(38,36,'','','',NULL,NULL),(39,37,'','','',NULL,NULL),(40,38,'','','',NULL,NULL),(41,39,'','','',NULL,NULL),(42,40,'','','',NULL,NULL),(43,41,'','','',NULL,NULL),(44,42,'','','',NULL,NULL),(45,43,'','','',NULL,NULL),(46,49,'','','',NULL,NULL),(47,50,'','','',NULL,NULL),(48,51,'','','',NULL,NULL),(49,52,'','','',NULL,NULL),(50,53,'','','',NULL,NULL),(51,60,'','','',NULL,NULL),(52,61,'','','',NULL,NULL),(53,62,'','','',NULL,NULL),(54,63,'','','',NULL,NULL),(55,64,'','','',NULL,NULL),(56,65,'','','',NULL,NULL),(57,66,'','','',NULL,NULL),(58,67,'','','',NULL,NULL),(59,68,'','','',NULL,NULL),(60,69,'','','',NULL,NULL),(61,70,'','','',NULL,NULL),(62,71,'','','',NULL,NULL),(63,72,'','','',NULL,NULL),(64,73,'','','',NULL,NULL),(65,74,'','','',NULL,NULL),(66,75,'','','',NULL,NULL),(67,76,'','','',NULL,NULL),(68,77,'','','',NULL,NULL),(69,78,'','','',NULL,NULL),(70,79,'','','',NULL,NULL),(71,80,'','','',NULL,NULL),(72,81,'','','',NULL,NULL),(73,82,'','','',NULL,NULL),(74,83,'','','',NULL,NULL),(75,84,'','','',NULL,NULL),(76,85,'','','',NULL,NULL),(77,86,'','','',NULL,NULL),(78,87,'','','',NULL,NULL),(79,88,'','','',NULL,NULL),(80,89,'','','',NULL,NULL),(81,90,'','','',NULL,NULL),(82,91,'','','',NULL,NULL),(83,92,'','','',NULL,NULL),(84,93,'','','',NULL,NULL),(85,94,'','','',NULL,NULL),(86,95,'','','',NULL,NULL),(87,96,'','','',NULL,NULL),(88,97,'','','',NULL,NULL),(89,98,'','','',NULL,NULL),(90,99,'','','',NULL,NULL),(91,100,'','','',NULL,NULL),(92,101,'','','',NULL,NULL),(93,102,'','','',NULL,NULL),(94,103,'','','',NULL,NULL),(95,104,'','','',NULL,NULL),(96,105,'','','',NULL,NULL),(97,106,'','','',NULL,NULL),(98,107,'','','',NULL,NULL),(99,108,'','','',NULL,NULL),(100,109,'','','',NULL,NULL),(101,110,'','','',NULL,NULL),(102,111,'','','',NULL,NULL),(103,112,'','','',NULL,NULL),(104,113,'','','',NULL,NULL),(105,114,'','','',NULL,NULL),(106,115,'','','',NULL,NULL),(107,116,'','','',NULL,NULL),(108,117,'','','',NULL,NULL),(109,118,'','','',NULL,NULL),(110,119,'','','',NULL,NULL),(111,120,'','','',NULL,NULL),(112,121,'','','',NULL,NULL),(113,122,'','','',NULL,NULL),(114,123,'','','',NULL,NULL),(115,124,'','','',NULL,NULL),(116,125,'','','',NULL,NULL),(117,126,'','','',NULL,NULL),(118,127,'','','',NULL,NULL),(119,128,'','','',NULL,NULL),(120,129,'','','',NULL,NULL),(121,130,'','','',NULL,NULL),(122,131,'','','',NULL,NULL),(123,132,'','','',NULL,NULL),(124,133,'','','',NULL,NULL),(125,134,'','','',NULL,NULL),(126,135,'','','',NULL,NULL),(127,136,'','','',NULL,NULL),(128,137,'','','',NULL,NULL),(129,138,'','','',NULL,NULL),(130,139,'','','',NULL,NULL),(131,140,'','','',NULL,NULL),(132,141,'','','',NULL,NULL),(133,142,'Поликарбонат Sunnex 4 мм прозрачный цвет','','Поликарбонат сотовый Sunnex Санекс листовой пластик в листах.',NULL,NULL),(134,143,'Поликарбонат Sunnex 4 мм Бронзовый цвет листа','','Поликарбонат Sunnex (Сунекс) происзводство Китай. Цвет бронзовый 4мм.',NULL,NULL),(135,144,'Поликарбонат сотовый 4 мм Sunnex (опал молочный)','','Сотовый  поликарбонат  марка: Sunnex (Сунекс), толщина: 4 мм, цвет: опал (молочный)',NULL,NULL),(136,145,'Поликарбонат сотовый 4 мм Sunnex (красный)','','сотовый поликарбонат Сунекс производствао Китай',NULL,NULL),(137,146,'Поликарбонат сотовый 4 мм Sunnex (Синий)','','Сотовый поликарбонат Сунекс синего цвета 4мм производство Китай',NULL,NULL),(138,147,'Поликарбонат сотовый 4 мм Sunnex (Зеленный)','','Поликарбонат сотовый, марка: Sunnex (Сунекс), толщина: 4 мм, цвет: зеленый производство Китай',NULL,NULL),(139,148,'','','',NULL,NULL),(140,149,'','','',NULL,NULL),(141,150,'','','',NULL,NULL),(142,151,'','','',NULL,NULL),(143,152,'','','',NULL,NULL),(144,153,'','','',NULL,NULL),(145,154,'','','',NULL,NULL),(146,155,'','','',NULL,NULL),(147,156,'','','',NULL,NULL),(148,157,'','','',NULL,NULL),(149,158,'','','',NULL,NULL),(150,159,'','','',NULL,NULL),(151,160,'','','',NULL,NULL),(152,161,'','','',NULL,NULL),(153,162,'','','',NULL,NULL),(154,163,'','','',NULL,NULL),(155,164,'','','',NULL,NULL),(156,165,'','','',NULL,NULL),(157,166,'','','',NULL,NULL),(158,167,'','','',NULL,NULL),(159,168,'','','',NULL,NULL),(160,169,'','','',NULL,NULL),(161,170,'','','',NULL,NULL),(162,171,'','','',NULL,NULL),(163,172,'','','',NULL,NULL),(164,173,'','','',NULL,NULL),(165,174,'','','',NULL,NULL),(166,175,'','','',NULL,NULL),(167,176,'','','',NULL,NULL),(168,177,'','','',NULL,NULL),(169,178,'','','',NULL,NULL),(170,179,'','','',NULL,NULL),(171,180,'','','',NULL,NULL),(172,181,'','','',NULL,NULL),(173,182,'','','',NULL,NULL),(174,183,'','','',NULL,NULL),(175,184,'','','',NULL,NULL),(176,185,'','','',NULL,NULL),(177,186,'','','',NULL,NULL),(178,187,'','','',NULL,NULL),(179,188,'','','',NULL,NULL),(180,189,'','','',NULL,NULL),(181,190,'','','',NULL,NULL),(182,191,'','','',NULL,NULL),(183,192,'','','',NULL,NULL),(184,193,'','','',NULL,NULL),(185,194,'','','',NULL,NULL),(186,195,'','','',NULL,NULL),(187,196,'','','',NULL,NULL),(188,197,'','','',NULL,NULL),(189,198,'','','',NULL,NULL),(190,199,'','','',NULL,NULL),(191,200,'','','',NULL,NULL),(192,201,'','','',NULL,NULL),(193,202,'','','',NULL,NULL),(194,203,'','','',NULL,NULL),(195,204,'','','',NULL,NULL),(196,205,'','','',NULL,NULL),(197,206,'','','',NULL,NULL),(198,207,'','','',NULL,NULL),(199,208,'','','',NULL,NULL),(200,209,'','','',NULL,NULL),(201,210,'','','',NULL,NULL),(202,211,'','','',NULL,NULL),(203,212,'','','',NULL,NULL),(204,213,'','','',NULL,NULL),(205,214,'','','',NULL,NULL),(206,215,'','','',NULL,NULL),(207,216,'','','',NULL,NULL),(208,217,'','','',NULL,NULL),(209,218,'','','',NULL,NULL),(210,219,'','','',NULL,NULL),(211,220,'','','',NULL,NULL),(212,221,'','','',NULL,NULL),(213,222,'','','',NULL,NULL),(214,223,'','','',NULL,NULL),(215,224,'','','',NULL,NULL),(216,225,'','','',NULL,NULL),(217,226,'','','',NULL,NULL),(218,227,'','','',NULL,NULL),(219,228,'','','',NULL,NULL),(220,229,'','','',NULL,NULL),(221,230,'','','',NULL,NULL),(222,231,'','','',NULL,NULL),(223,232,'','','',NULL,NULL),(224,233,'','','',NULL,NULL),(225,234,'','','',NULL,NULL),(226,235,'','','',NULL,NULL),(227,236,'','','',NULL,NULL),(228,237,'','','',NULL,NULL),(229,238,'','','',NULL,NULL),(230,239,'','','',NULL,NULL),(231,240,'','','',NULL,NULL),(232,241,'','','',NULL,NULL),(233,242,'','','',NULL,NULL),(234,243,'Обогреватель НКТ -эко','Обогреватель, Киев, купить, Характеристики, обогревателя,','Характеристики новейшего обогревателя для отопления любых помещений. Купить обогреватель можно по низкой цене в Киеве по тел: 223-36-07',NULL,NULL),(235,248,'Клей смесь для приклеивания пенопласта. Цена ниже рыночных','','',NULL,NULL),(236,244,'Подоконники Киев,  пластиковые подоконники Данке, купить подоконники пвх Danke - низкие, цены, доставка по всей Украине','подоконники, подоконики данке, цена, Киев, купить, данке','Качественные подоконики Данке Вы можете купить выгодно у нас по доступной цене. Подоконики в Киеве - продажа подоконников Danke: самовывоз и доставка.\r\nПластиковые подоконники с прочностью мраморных, или из камня, подоконники пвх премиум класса по прочности и качеству не уступающих граниту.',NULL,NULL),(237,245,'Откосы ПВХ пластиковые откосы купить в Киеве продажа','Откосы, пвх, пластик, купить, продажа, пластики пвх, теплоизоляция','Оптово розничная продажа откосов ПВХ. Пластик ПВХ купить у нас выгодно.',NULL,NULL),(238,246,'Отливы ПВХ | Пластиковые отливы купить Киев | Отливы цена','','Продажа пластиковых отливов по доступной цене в Киеве. Лучшая цена Отливы ПВХ. Качественные отливы пластиковые купить (044) 223-36-07',NULL,NULL),(239,247,'Детские обогреватели для детских комнат','','Керамические обогреватели панели настенные безопасные обогреватели для детских комнат',NULL,NULL),(240,249,'Смесь для армировки пенопласта в любых погодних условиях','','Основным отличием от ANSERGLOB BCX-40 (Зима) является возможность использования указанного клея при пониженных температурах атмосферного воздуха.',NULL,NULL),(241,250,'Декоративная штукатурка, Смеь для декоративной штукатурки','','',NULL,NULL),(242,251,'Смесь для декоративной штукатурки белая ANSERGLOB TMK-110','','',NULL,NULL),(243,252,'Серая смесь для штукатурки декоративной','','',NULL,NULL),(244,266,'DANKE EXTERIOR Белая вододисперсионная краска','','',NULL,NULL),(245,253,'Стеклосетка, армировочная стеклосетка','','',NULL,NULL),(246,254,'Стеклосетка ANSERGLOB 4 (производство Польша).','','',NULL,NULL),(247,255,'Стеклосетка ANSERGLOB 5','','',NULL,NULL),(248,256,'Термодюбели термодюбель для теплоизоляции цена доступная купить','','Термодюбели для крепления теплоизоляционных материалов. Термодюбели в ассортименте купить в Киеве.',NULL,NULL),(249,257,'Акриловая декоративная штукатурка ANSERGLOB на камешковой основе','','',NULL,NULL),(250,258,'Декоративная акриловая штукатурка ANSERGLOB','','',NULL,NULL),(251,259,'Структурная акриловая краска ANSERGLOB','','',NULL,NULL),(252,363,'','','',NULL,NULL),(253,260,'Эмульсия для грунтования ANSERGLOB EG 60 | Грунтовка','','Глубокопроникающая эмульсия для грунтования',NULL,NULL),(254,261,'Глубокопроникающая эмульсия для грунтования ANSERGLOB EG 61','','',NULL,NULL),(255,262,'Грунтующая краска ANSERGLOB EG 62 с добавлением кварцевого песка','','',NULL,NULL),(256,263,'DANKE KONTUR','','Структурная декоративная штукатурка (барашек). 30 кг, диаметр зерна 1,5мм, белая, тонируется в постельные тона. Средний расход 2,6-2,8 кг / м2',NULL,NULL),(257,264,'DANKE TEXTUR (короед) Структурная декоративная штукатурка','','',NULL,NULL),(258,265,'DANKE STRUKTUR белая структурная штукатурная краска','','',NULL,NULL),(259,267,'OSKAR CERAMIC REIBEPUTZ 25 (короед)','','',NULL,NULL),(260,268,'OSKAR CERAMIC REIBEPUTZ 15 (короед)','','',NULL,NULL),(261,269,'OSKAR CERAMIC FASSADENPUTZ 15 (барашек)','','',NULL,NULL),(262,270,'OSKAR CERAMIC FASSADENPUTZ 05 (барашек)','','',NULL,NULL),(263,271,'OSKAR SPIRIT OF COLOR EXTERIOR Краска белая вододисперсионная','','',NULL,NULL),(264,272,'OSKAR SILICON FARBE - краска силиконовая фасадная','','',NULL,NULL),(265,273,'Купить пенопласт в Киеве-  цена на пенополистирол снижена','Пенопласт, пенополистирол, купить, киев, цена','Наша компания предлагает Купить пенопласт, приемлимая цена на пенополистирол  от производителя. Звоните (044)22-33-134 доставка по Киеву и Украине',NULL,NULL),(266,274,'Эмульсия для грунтования ANSERGLOB EG 58 | Грунтовка','','Глубокопроникающая эмульсия для грунтования',NULL,NULL),(267,275,'Эмульсия гидрофобизационная ANSERGLOB ES 66 | Грунтовка','','Гидрофобизационная эмульсия для защиты от влаги',NULL,NULL),(268,276,'Эмульсия для удаления высолообразований ANSERGLOB ES 67 | Грунтовка','','Эмульсия для очистки поверхности стен',NULL,NULL),(269,277,'Препарат для древесины DEIMOS','','Защитное средство для древесины',NULL,NULL),(270,288,'','','',NULL,NULL),(271,286,'','','',NULL,NULL),(272,287,'','','',NULL,NULL),(273,282,'','','',NULL,NULL),(274,283,'','','',NULL,NULL),(275,284,'','','',NULL,NULL),(276,285,'','','',NULL,NULL),(277,289,'','','',NULL,NULL),(278,290,'','','',NULL,NULL),(279,291,'','','',NULL,NULL),(280,292,'','','',NULL,NULL),(281,293,'','','',NULL,NULL),(282,294,'','','',NULL,NULL),(283,295,'','','',NULL,NULL),(284,296,'','','',NULL,NULL),(285,297,'','','',NULL,NULL),(286,298,'','','',NULL,NULL),(287,299,'','','',NULL,NULL),(288,300,'','','',NULL,NULL),(289,301,'','','',NULL,NULL),(290,302,'','','',NULL,NULL),(291,303,'','','',NULL,NULL),(292,316,'','','',NULL,NULL),(293,317,'','','',NULL,NULL),(294,318,'','','',NULL,NULL),(295,319,'','','',NULL,NULL),(296,362,'','','',NULL,NULL),(297,361,'','','',NULL,NULL),(298,360,'','','',NULL,NULL),(299,359,'','','',NULL,NULL),(300,358,'','','',NULL,NULL),(301,357,'','','',NULL,NULL),(302,356,'','','',NULL,NULL),(303,355,'','','',NULL,NULL),(304,354,'','','',NULL,NULL),(305,353,'','','',NULL,NULL),(306,352,'','','',NULL,NULL),(307,335,'','','',NULL,NULL),(308,336,'','','',NULL,NULL),(309,337,'','','',NULL,NULL),(310,338,'','','',NULL,NULL),(311,339,'','','',NULL,NULL),(312,340,'','','',NULL,NULL),(313,341,'','','',NULL,NULL),(314,342,'','','',NULL,NULL),(315,343,'','','',NULL,NULL),(316,351,'','','',NULL,NULL),(317,344,'','','',NULL,NULL),(318,345,'','','',NULL,NULL),(319,346,'','','',NULL,NULL),(320,347,'','','',NULL,NULL),(321,348,'','','',NULL,NULL),(322,349,'','','',NULL,NULL),(323,350,'','','',NULL,NULL),(324,364,'','','',NULL,NULL),(325,365,'','','',NULL,NULL),(326,366,'Обогреватель НКТ, экономный обогреватель по хорошей цене','НКТ, обогреватель, обогревательная панель','Купить обогреватель НКТ в Киеве, экономичный обогревать по хорошей цене с доставкой',NULL,NULL),(327,367,'Подоконники Crystalit, качественные подоконники от производителя','Crystalit, подоконники, подоконники кристалит, Кристалит','Купить подоконники Crystalit, подконники Кристалит в Киеве, подоконники Кристалит с бесплатной доставкой, качественные подоконники',NULL,NULL);
/*!40000 ALTER TABLE `tbl_product_meta` ENABLE KEYS */;
UNLOCK TABLES;

--
-- Table structure for table `tbl_product_option_values`
--

DROP TABLE IF EXISTS `tbl_product_option_values`;
/*!40101 SET @saved_cs_client     = @@character_set_client */;
/*!40101 SET character_set_client = utf8 */;
CREATE TABLE `tbl_product_option_values` (
  `id` int(11) NOT NULL AUTO_INCREMENT,
  `option_id` int(11) NOT NULL,
  `value` varchar(255) COLLATE utf8_unicode_ci NOT NULL,
  PRIMARY KEY (`id`),
  KEY `FK_product_option_values_option_id` (`option_id`),
  CONSTRAINT `FK_product_option_values_option_id` FOREIGN KEY (`option_id`) REFERENCES `tbl_options` (`id`) ON DELETE CASCADE ON UPDATE CASCADE
) ENGINE=InnoDB DEFAULT CHARSET=utf8 COLLATE=utf8_unicode_ci;
/*!40101 SET character_set_client = @saved_cs_client */;

--
-- Dumping data for table `tbl_product_option_values`
--

LOCK TABLES `tbl_product_option_values` WRITE;
/*!40000 ALTER TABLE `tbl_product_option_values` DISABLE KEYS */;
/*!40000 ALTER TABLE `tbl_product_option_values` ENABLE KEYS */;
UNLOCK TABLES;

--
-- Table structure for table `tbl_product_type_attributes`
--

DROP TABLE IF EXISTS `tbl_product_type_attributes`;
/*!40101 SET @saved_cs_client     = @@character_set_client */;
/*!40101 SET character_set_client = utf8 */;
CREATE TABLE `tbl_product_type_attributes` (
  `product_type_id` int(11) NOT NULL,
  `attribute_id` int(11) NOT NULL,
  KEY `FK_product_type_attributes_product_type_id` (`product_type_id`),
  KEY `FK_product_type_attributes_attribute_id` (`attribute_id`),
  CONSTRAINT `FK_product_type_attributes_attribute_id` FOREIGN KEY (`attribute_id`) REFERENCES `tbl_eav_attributes` (`id`) ON DELETE CASCADE ON UPDATE CASCADE,
  CONSTRAINT `FK_product_type_attributes_product_type_id` FOREIGN KEY (`product_type_id`) REFERENCES `tbl_product_types` (`id`) ON DELETE CASCADE ON UPDATE CASCADE
) ENGINE=InnoDB DEFAULT CHARSET=utf8 COLLATE=utf8_unicode_ci;
/*!40101 SET character_set_client = @saved_cs_client */;

--
-- Dumping data for table `tbl_product_type_attributes`
--

LOCK TABLES `tbl_product_type_attributes` WRITE;
/*!40000 ALTER TABLE `tbl_product_type_attributes` DISABLE KEYS */;
INSERT INTO `tbl_product_type_attributes` VALUES (2,1),(2,2),(2,3),(3,4),(3,5),(3,6),(2,7),(2,8),(2,9),(2,10);
/*!40000 ALTER TABLE `tbl_product_type_attributes` ENABLE KEYS */;
UNLOCK TABLES;

--
-- Table structure for table `tbl_product_type_options`
--

DROP TABLE IF EXISTS `tbl_product_type_options`;
/*!40101 SET @saved_cs_client     = @@character_set_client */;
/*!40101 SET character_set_client = utf8 */;
CREATE TABLE `tbl_product_type_options` (
  `product_type_id` int(11) NOT NULL,
  `option_id` int(11) NOT NULL,
  KEY `FK_product_type_options_product_type` (`product_type_id`),
  KEY `FK_product_type_options_option` (`option_id`),
  CONSTRAINT `FK_product_type_options_option` FOREIGN KEY (`option_id`) REFERENCES `tbl_options` (`id`) ON DELETE CASCADE ON UPDATE CASCADE,
  CONSTRAINT `FK_product_type_options_product_type` FOREIGN KEY (`product_type_id`) REFERENCES `tbl_product_types` (`id`) ON DELETE CASCADE ON UPDATE CASCADE
) ENGINE=InnoDB DEFAULT CHARSET=utf8 COLLATE=utf8_unicode_ci;
/*!40101 SET character_set_client = @saved_cs_client */;

--
-- Dumping data for table `tbl_product_type_options`
--

LOCK TABLES `tbl_product_type_options` WRITE;
/*!40000 ALTER TABLE `tbl_product_type_options` DISABLE KEYS */;
/*!40000 ALTER TABLE `tbl_product_type_options` ENABLE KEYS */;
UNLOCK TABLES;

--
-- Table structure for table `tbl_product_types`
--

DROP TABLE IF EXISTS `tbl_product_types`;
/*!40101 SET @saved_cs_client     = @@character_set_client */;
/*!40101 SET character_set_client = utf8 */;
CREATE TABLE `tbl_product_types` (
  `id` int(11) NOT NULL AUTO_INCREMENT,
  `name` varchar(100) COLLATE utf8_unicode_ci NOT NULL,
  `parent_id` int(11) DEFAULT NULL,
  PRIMARY KEY (`id`),
  KEY `FK_product_types_parent_id` (`parent_id`),
  CONSTRAINT `FK_product_types_parent_id` FOREIGN KEY (`parent_id`) REFERENCES `tbl_product_types` (`id`) ON DELETE SET NULL ON UPDATE CASCADE
) ENGINE=InnoDB AUTO_INCREMENT=6 DEFAULT CHARSET=utf8 COLLATE=utf8_unicode_ci;
/*!40101 SET character_set_client = @saved_cs_client */;

--
-- Dumping data for table `tbl_product_types`
--

LOCK TABLES `tbl_product_types` WRITE;
/*!40000 ALTER TABLE `tbl_product_types` DISABLE KEYS */;
INSERT INTO `tbl_product_types` VALUES (1,'-Группа без свойств-',NULL),(2,'Поликарбонат листовой',NULL),(3,'Теплицы',NULL),(4,'Для теплиц',NULL),(5,'Фасадные материалы',NULL);
/*!40000 ALTER TABLE `tbl_product_types` ENABLE KEYS */;
UNLOCK TABLES;

--
-- Table structure for table `tbl_product_variant_option_values`
--

DROP TABLE IF EXISTS `tbl_product_variant_option_values`;
/*!40101 SET @saved_cs_client     = @@character_set_client */;
/*!40101 SET character_set_client = utf8 */;
CREATE TABLE `tbl_product_variant_option_values` (
  `product_variant_id` int(11) NOT NULL,
  `option_value_id` int(11) NOT NULL,
  KEY `FK_product_variant_option_values_product_variant_id` (`product_variant_id`),
  KEY `FK_product_variant_option_values_option_value_id` (`option_value_id`),
  CONSTRAINT `FK_product_variant_option_values_option_value_id` FOREIGN KEY (`option_value_id`) REFERENCES `tbl_product_option_values` (`id`) ON DELETE CASCADE ON UPDATE CASCADE,
  CONSTRAINT `FK_product_variant_option_values_product_variant_id` FOREIGN KEY (`product_variant_id`) REFERENCES `tbl_product_variants` (`id`) ON DELETE CASCADE ON UPDATE CASCADE
) ENGINE=InnoDB DEFAULT CHARSET=utf8 COLLATE=utf8_unicode_ci;
/*!40101 SET character_set_client = @saved_cs_client */;

--
-- Dumping data for table `tbl_product_variant_option_values`
--

LOCK TABLES `tbl_product_variant_option_values` WRITE;
/*!40000 ALTER TABLE `tbl_product_variant_option_values` DISABLE KEYS */;
/*!40000 ALTER TABLE `tbl_product_variant_option_values` ENABLE KEYS */;
UNLOCK TABLES;

--
-- Table structure for table `tbl_product_variants`
--

DROP TABLE IF EXISTS `tbl_product_variants`;
/*!40101 SET @saved_cs_client     = @@character_set_client */;
/*!40101 SET character_set_client = utf8 */;
CREATE TABLE `tbl_product_variants` (
  `id` int(11) NOT NULL AUTO_INCREMENT,
  `entity_id` int(11) DEFAULT NULL,
  `presentation` varchar(255) COLLATE utf8_unicode_ci NOT NULL,
  `sku` varchar(100) COLLATE utf8_unicode_ci NOT NULL,
  `price` decimal(10,0) NOT NULL,
  `master` tinyint(1) NOT NULL DEFAULT '0',
  `status` tinyint(1) NOT NULL DEFAULT '0',
  `created_at` int(11) NOT NULL,
  `updated_at` int(11) NOT NULL,
  PRIMARY KEY (`id`),
  KEY `FK_product_variants_entity_id` (`entity_id`),
  CONSTRAINT `FK_product_variants_entity_id` FOREIGN KEY (`entity_id`) REFERENCES `tbl_products` (`id`) ON DELETE CASCADE ON UPDATE CASCADE
) ENGINE=InnoDB DEFAULT CHARSET=utf8 COLLATE=utf8_unicode_ci;
/*!40101 SET character_set_client = @saved_cs_client */;

--
-- Dumping data for table `tbl_product_variants`
--

LOCK TABLES `tbl_product_variants` WRITE;
/*!40000 ALTER TABLE `tbl_product_variants` DISABLE KEYS */;
/*!40000 ALTER TABLE `tbl_product_variants` ENABLE KEYS */;
UNLOCK TABLES;

--
-- Table structure for table `tbl_products`
--

DROP TABLE IF EXISTS `tbl_products`;
/*!40101 SET @saved_cs_client     = @@character_set_client */;
/*!40101 SET character_set_client = utf8 */;
CREATE TABLE `tbl_products` (
  `id` int(11) NOT NULL AUTO_INCREMENT,
  `sku` varchar(100) COLLATE utf8_unicode_ci NOT NULL,
  `title` varchar(255) COLLATE utf8_unicode_ci NOT NULL,
  `slug` varchar(100) COLLATE utf8_unicode_ci NOT NULL,
  `short_description` text COLLATE utf8_unicode_ci NOT NULL,
  `description` text COLLATE utf8_unicode_ci NOT NULL,
  `type` varchar(255) COLLATE utf8_unicode_ci DEFAULT NULL,
  `quantity` varchar(255) COLLATE utf8_unicode_ci DEFAULT NULL,
  `price` decimal(10,2) NOT NULL,
  `availability` tinyint(4) NOT NULL DEFAULT '1',
  `status` tinyint(1) NOT NULL DEFAULT '0',
  `brand_id` int(11) DEFAULT NULL,
  `type_id` int(11) DEFAULT NULL,
  `manufacturer_id` int(11) DEFAULT NULL,
  `available_on` int(11) DEFAULT NULL,
  `created_at` int(11) NOT NULL,
  `updated_at` int(11) NOT NULL,
  PRIMARY KEY (`id`),
  KEY `FK_products_brand_id` (`brand_id`),
  KEY `FK_products_type_id` (`type_id`),
  KEY `FK_products_manufacturer_id` (`manufacturer_id`),
  CONSTRAINT `FK_products_brand_id` FOREIGN KEY (`brand_id`) REFERENCES `tbl_brands` (`id`) ON DELETE SET NULL ON UPDATE CASCADE,
  CONSTRAINT `FK_products_manufacturer_id` FOREIGN KEY (`manufacturer_id`) REFERENCES `tbl_manufacturers` (`id`) ON DELETE SET NULL,
  CONSTRAINT `FK_products_type_id` FOREIGN KEY (`type_id`) REFERENCES `tbl_product_types` (`id`) ON DELETE SET NULL ON UPDATE CASCADE
) ENGINE=InnoDB AUTO_INCREMENT=368 DEFAULT CHARSET=utf8 COLLATE=utf8_unicode_ci;
/*!40101 SET character_set_client = @saved_cs_client */;

--
-- Dumping data for table `tbl_products`
--

LOCK TABLES `tbl_products` WRITE;
/*!40000 ALTER TABLE `tbl_products` DISABLE KEYS */;
INSERT INTO `tbl_products` VALUES (1,'0001','3х6х2 м под поликарбонат','product1.htm','Теплица под поликарбонат толщиной 4 мм, размер: 3х6х2 м, производство: Украина','<P>Теплица из поликарбоната из оцинкованной трубы&nbsp;высота: 2 ширина: 3 длина: 6&nbsp;&nbsp;&nbsp;&nbsp;&nbsp;&nbsp; Хорошая теплица на дачу для выращивания овощей.&nbsp;Теплица собирается самостоятельно&nbsp;как конструктор. По желанию заказчика делаем сборку. Цена сборки: 1500 грн. <BR>Теплицу можно удлинять в длину дополнительными двухметровыми секциями. Длина теплицы может быть любой до 10-20 метров на выбор. • <A title=\"Галерея теплиц\" href=\"/constructions/hothouses/gallery-hothouses/\" target=_self>Фото теплиц</A>&nbsp;&nbsp;• <A title=\"Теплицы из поликарбоната\" href=\"/constructions/hothouses/\" target=_self>Больше информации о теплицах</A> Доставка по всей Украине</P>\r\n<TABLE width=\"100%\">\r\n<TBODY>\r\n<TR>\r\n<TD width=\"55%\"><SPAN class=tx1>Труба квадратного сечения 20х20х2:</SPAN>&nbsp;(Весь упакован)<BR></TD>\r\n<TD><SPAN class=tx1>Инструкция по монтажу теплицы</SPAN>&nbsp;(брошюра 1шт)<BR></TD></TR></TBODY></TABLE>\r\n<P>• <A title=\"Продажа теплиц\" href=\"http://polikarbonatvs.com.ua/services/sale-hothouses/\" target=_self>Купить теплицу</A>&nbsp;&nbsp;Свяжитесь с нами&nbsp;по тел: (044) 223-36-07<BR>&nbsp;&nbsp;&nbsp;&nbsp;&nbsp;&nbsp;&nbsp;&nbsp;&nbsp;&nbsp;&nbsp;&nbsp;&nbsp;&nbsp;&nbsp;&nbsp;&nbsp;&nbsp;&nbsp;&nbsp;&nbsp;&nbsp;&nbsp;&nbsp;&nbsp;&nbsp;&nbsp;&nbsp;&nbsp;&nbsp;&nbsp;&nbsp;&nbsp;&nbsp;&nbsp;&nbsp;&nbsp;&nbsp;&nbsp;&nbsp;&nbsp;&nbsp;&nbsp;&nbsp;&nbsp;&nbsp;&nbsp;&nbsp;&nbsp;&nbsp;&nbsp;&nbsp;&nbsp;&nbsp;&nbsp;&nbsp;&nbsp;&nbsp;&nbsp;&nbsp;&nbsp;&nbsp;&nbsp;&nbsp; &nbsp;(050) 200-44-04</P>\r\n<P>&nbsp;</P>\r\n<P>&nbsp;&nbsp;&nbsp;&nbsp;&nbsp;&nbsp;&nbsp;&nbsp;&nbsp;&nbsp;&nbsp;&nbsp;&nbsp;&nbsp;&nbsp;&nbsp;&nbsp;&nbsp;&nbsp;&nbsp;&nbsp;&nbsp;&nbsp;&nbsp;&nbsp;&nbsp;&nbsp;&nbsp;&nbsp;&nbsp;&nbsp;&nbsp;&nbsp;&nbsp;&nbsp;&nbsp;&nbsp;&nbsp;&nbsp;&nbsp;&nbsp;&nbsp;&nbsp;&nbsp;&nbsp;&nbsp;&nbsp;&nbsp;&nbsp;&nbsp;&nbsp;&nbsp;&nbsp;&nbsp;&nbsp;&nbsp;&nbsp;&nbsp;&nbsp;&nbsp;&nbsp;&nbsp;&nbsp;&nbsp;&nbsp;&nbsp; </P>','Теплица',NULL,3500.00,1,1,NULL,1,4,NULL,1478437401,1478437401),(11,'0002','3х4х2 под поликарбонат','product11.htm','Теплица под поликарбонат толщиной 6 мм, размер: 3х4х2 м, производство: Украина','<BR>Свяжитесь с нами&nbsp;по тел: (044) 223-36-07<BR>&nbsp;&nbsp;&nbsp;&nbsp;&nbsp;&nbsp;&nbsp;&nbsp;&nbsp;&nbsp;&nbsp;&nbsp;&nbsp;&nbsp;&nbsp;&nbsp;&nbsp;&nbsp;&nbsp;&nbsp;&nbsp;&nbsp;&nbsp;&nbsp;&nbsp;&nbsp;&nbsp;&nbsp;&nbsp;&nbsp;&nbsp;&nbsp;&nbsp;&nbsp;&nbsp;&nbsp;&nbsp;&nbsp;&nbsp;(050) 200-44-04','Теплица',NULL,3000.00,1,1,NULL,3,4,NULL,1478437411,1478437411),(12,'0003','Теплица под поликарбонат 3х8х2','product12.htm','Теплица под поликарбонат толщиной 8 мм, размер: 3х8х2 м, производство: Украина','Свяжитесь с нами&nbsp;по тел: (044) 223-36-07<BR>&nbsp;&nbsp;&nbsp;&nbsp;&nbsp;&nbsp;&nbsp;&nbsp;&nbsp;&nbsp;&nbsp;&nbsp;&nbsp;&nbsp;&nbsp;&nbsp;&nbsp;&nbsp;&nbsp;&nbsp;&nbsp;&nbsp;&nbsp;&nbsp;&nbsp;&nbsp;&nbsp;&nbsp;&nbsp;&nbsp;&nbsp;&nbsp;&nbsp;&nbsp;&nbsp;&nbsp;&nbsp;&nbsp;&nbsp;(050) 200-44-04<BR>','Конструкция',NULL,4200.00,1,1,NULL,1,4,NULL,1478437405,1478437405),(13,'0004','Теплица под поликарбонат 2х3х6/4','product13.htm','Теплица под поликарбонат толщиной 4 мм, размер: 2х3х6 м, производство: Украина','<br>','Конструкция',NULL,4800.00,1,1,NULL,1,4,NULL,1478437406,1478437406),(14,'0005','Теплица под поликарбонат 2х3х6/6','product14.htm','Теплица под поликарбонат толщиной 6 мм, размер: 2х3х6 м, производство: Украина','<br>','Конструкция',NULL,5800.00,1,1,NULL,1,4,NULL,1478437411,1478437411),(15,'0006','Теплица под поликарбонат 2х3х6/8','product15.htm','Теплица под поликарбонат толщиной 8 мм, размер: 2х3х6 м, производство: Украина','<br>','Конструкция',NULL,6800.00,1,1,NULL,1,4,NULL,1478437412,1478437412),(16,'0007','Теплица под поликарбонат 2,5х4х6/4','product16.htm','Теплица под поликарбонат толщиной 4 мм, размер: 2,5х4х6 м, производство: Украина','<br>','Конструкция',NULL,7200.00,1,1,NULL,1,4,NULL,1478437412,1478437412),(17,'0008','Теплица под поликарбонат 2,5х4х6/6','product17.htm','Теплица под поликарбонат толщиной 6 мм, размер: 2,5х4х6 м, производство: Украина','<br>','Конструкция',NULL,8800.00,1,1,NULL,1,4,NULL,1478437408,1478437408),(18,'0009','Теплица под поликарбонат 2,5х4х6/8','product18.htm','Теплица под поликарбонат толщиной 8 мм, размер: 2,5х4х6 м, производство: Украина','<br>','Конструкция',NULL,10055.00,1,1,NULL,1,4,NULL,1478437408,1478437408),(19,'0010','Теплица под поликарбонат 2х3х4/4','product19.htm','Теплица под поликарбонат толщиной 4 мм, размер: 2х3х4 м, производство: Израиль','<br>','Конструкция',NULL,4550.00,1,1,NULL,1,3,NULL,1478437409,1478437409),(20,'0011','Теплица под поликарбонат 2х3х4/6','product20.htm','Теплица под поликарбонат толщиной 4 мм, размер: 2х3х4 м, производство: Израиль','<br>','Конструкция',NULL,5900.00,1,1,NULL,1,3,NULL,1478437408,1478437408),(21,'0012','Теплица под поликарбонат 2х3х4/8','product21.htm','Теплица под поликарбонат толщиной 8 мм, размер: 2х3х4 м, производство: Израиль','<br>','Конструкция',NULL,6650.00,1,1,NULL,1,3,NULL,1478437409,1478437409),(22,'0013','Теплица под поликарбонат 2х3х6/4','product22.htm','Теплица под поликарбонат толщиной 4 мм, размер: 2х3х6 м, производство: Израиль','<br>','Конструкция',NULL,5900.00,1,1,NULL,1,3,NULL,1478437409,1478437409),(23,'0014','Теплица под поликарбонат 2х3х6/6','product23.htm','Теплица под поликарбонат толщиной 6 мм, размер: 2х3х6 м, производство: Израиль','<br>','Конструкция',NULL,7100.00,1,1,NULL,1,3,NULL,1478437410,1478437410),(24,'0015','Теплица под поликарбонат 2х3х6/8','product24.htm','Теплица под поликарбонат толщиной 8 мм, размер: 2х3х6 м, производство: Израиль','<br>','Конструкция',NULL,8000.00,1,1,NULL,1,3,NULL,1478437410,1478437410),(25,'0016','Теплица под поликарбонат 2,5х4х6/4','product25.htm','Теплица под поликарбонат толщиной 4 мм, размер: 2,5х4х6 м, производство: Израиль','<br>','Конструкция',NULL,8500.00,1,1,NULL,1,3,NULL,1478437411,1478437411),(26,'0017','Теплица под поликарбонат 2,5х4х6/6','product26.htm','Теплица под поликарбонат толщиной 6 мм, размер: 2,5х4х6 м, производство: Израиль','<br>','Конструкция',NULL,11500.00,1,1,NULL,1,3,NULL,1478437404,1478437404),(27,'0018','Теплица под поликарбонат 2,5х4х6/8','product27.htm','Теплица под поликарбонат толщиной 8 мм, размер: 2,5х4х6 м, производство: Израиль','<br>','Конструкция',NULL,12500.00,1,1,NULL,1,3,NULL,1478437403,1478437403),(28,'0019','Теплица из профильной трубы 20х30, 2,1х3х6/4','product28.htm','Теплица из профильной трубы 20х30 мм, размер: 2,1х3х6 м, поликарбонат: 4 мм, производство: Израиль','<br>','Конструкция',NULL,9700.00,1,1,NULL,1,3,NULL,1478437404,1478437404),(29,'0020','Теплица из профильной трубы 20х30, 2,3х4х6/4','product29.htm','Теплица из профильной трубы 20х30 мм, размер: 2,3х4х6 м, поликарбонат: 4 мм, производство: Израиль','<br>','Конструкция',NULL,12900.00,1,1,NULL,1,3,NULL,1478437404,1478437404),(30,'0021','Теплица из профильной трубы 20х30, 2,5х5х8/4','product30.htm','Теплица из профильной трубы 20х30 мм, размер: 2,5х5х8 м, поликарбонат: 4 мм, производство: Израиль','<br>','Конструкция',NULL,17900.00,1,1,NULL,1,3,NULL,1478437402,1478437402),(31,'0022','Теплица из профильной трубы 20х30, 2,7х6х10/4','product31.htm','Теплица из профильной трубы 20х30 мм, размер: 2,7х6х10 м, поликарбонат: 4 мм, производство: Израиль','<br>','Конструкция',NULL,23000.00,1,1,NULL,1,3,NULL,1478437402,1478437402),(32,'0023','Теплица из профильной трубы 20х30, 2,9х7х10/4','product32.htm','Теплица из профильной трубы 20х30 мм, размер: 2,9х7х10 м, поликарбонат: 4 мм, производство: Израиль','<br>','Конструкция',NULL,26500.00,1,1,NULL,1,3,NULL,1478437403,1478437403),(33,'0024','Теплица из профильной трубы 20х30, 3,1х8х10/4','product33.htm','Теплица из профильной трубы 20х30 мм, размер: 3,1х8х10 м, поликарбонат: 4 мм, производство: Израиль','<br>','Конструкция',NULL,29500.00,1,1,NULL,1,3,NULL,1478437403,1478437403),(34,'0025','Теплица из профильной трубы 20х30, 3,3х9х10/4','product34.htm','Теплица из профильной трубы 20х30 мм, размер: 3,3х9х10 м, поликарбонат: 4 мм, производство: Израиль','<br>','Конструкция',NULL,31000.00,1,1,NULL,1,3,NULL,1478437413,1478437413),(35,'0026','Теплица из профильной трубы 20х30, 3,5х10х10/4','product35.htm','Теплица из профильной трубы 20х30 мм, размер: 3,5х10х10 м, поликарбонат: 4 мм, производство: Израиль','<br>','Конструкция',NULL,32000.00,1,1,NULL,1,3,NULL,1478437413,1478437413),(36,'0027','Теплица из профиля 1,2, 2х3х4/4','product36.htm','Теплица из профиля 1,2 мм, размер: 2х3х4 м, поликарбонат: 4 м, производство: Израиль','<br>','Конструкция',NULL,6200.00,1,1,NULL,1,3,NULL,1478437414,1478437414),(37,'0028','Теплица из профиля 1,2, 2х3х4/4','product37.htm','Теплица из профиля 1,2 мм, размер: 2х3х6 м, поликарбонат: 4 м, производство: Израиль','<br>','Конструкция',NULL,8000.00,1,1,NULL,1,3,NULL,1478437414,1478437414),(38,'00051','Сотовый 4 мм Polygal (желтый, бронза, металик)','product38.htm','Поликарбонат сотовый, марка: Polygal, толщина: 4 мм, цвет: бронзовый, металлик, жёлтый','<BR>Все 3 цвета: желтый, бронзовый и металлик идут по одной цене.','Поликарбонат',NULL,50.89,1,1,NULL,2,3,NULL,1478437414,1478437414),(39,'00052','сотовый 4 мм Polygal (бирюзовый)','product39.htm','Поликарбонат сотовый, марка: Polygal, толщина: 4 мм, цвет: бирюзовый','<BR>','Поликарбонат',NULL,64.67,1,1,NULL,2,3,NULL,1478437415,1478437415),(40,'00053','сотовый 4 мм Polygal (опал - молочный)','product40.htm','Поликарбонат сотовый, марка: Polygal, толщина: 4 мм, цвет: опал (молочный)','<BR>','Поликарбонат',NULL,59.30,1,1,NULL,2,3,NULL,1478437415,1478437415),(41,'00054','сотовый 4 мм Polygal (синий)','product41.htm','Поликарбонат сотовый, марка: Polygal, толщина: 4 мм, цвет: синий','<BR>','Поликарбонат',NULL,67.18,1,1,NULL,2,3,NULL,1478437415,1478437415),(42,'00055','сотовый 4 мм Polygal (красный)','product42.htm','Поликарбонат сотовый, марка: Polygal, толщина: 4 мм, цвет: красный','<BR>','Поликарбонат',NULL,68.38,1,1,NULL,2,3,NULL,1478437416,1478437416),(43,'00056','сотовый 4 мм Polygal (зеленый)','product43.htm','Поликарбонат сотовый, марка: Polygal, толщина: 4 мм, цвет: зеленый','<BR>','Поликарбонат',NULL,48.07,1,1,NULL,2,3,NULL,1478437416,1478437416),(44,'00057','сотовый 6 мм Polygal (прозрачный)','product44.htm','Поликарбонат сотовый, марка: Polygal, толщина: 6 мм, цвет: прозрачный','<BR>','Поликарбонат',NULL,82.29,1,1,NULL,2,3,NULL,1478437405,1478437405),(45,'00050','сотовый 4 мм Polygal (прозрачный)','product45.htm','Поликарбонат сотовый, марка: Polygal, толщина: 4 мм, цвет: прозрачный','<BR>','Поликарбонат',NULL,48.50,1,1,NULL,2,3,NULL,1478437401,1478437401),(46,'00058','сотовый 6 мм Polygal (бронзовый)','product46.htm','Поликарбонат сотовый, марка: Polygal, толщина: 6 мм, цвет: бронзовый','<BR>','Поликарбонат',NULL,82.67,1,1,NULL,2,3,NULL,1478437401,1478437401),(47,'00059','сотовый 6 мм Polygal (металик)','product47.htm','Поликарбонат сотовый, марка: Polygal, толщина: 6 мм, цвет: металлик','<BR>','Поликарбонат',NULL,84.25,1,1,NULL,2,3,NULL,1478437402,1478437402),(48,'00060','сотовый 6 мм Polygal (бирюзовый)','product48.htm','Поликарбонат сотовый, марка: Polygal, толщина: 6 мм, цвет: бирюзовый','<BR>','Поликарбонат',NULL,96.94,1,1,NULL,2,3,NULL,1478437405,1478437405),(49,'00061','сотовый 6 мм Polygal опал (молочный)','product49.htm','Поликарбонат сотовый, марка: Polygal, толщина: 6 мм, цвет: опал (молочный)','<BR>','Поликарбонат',NULL,98.76,1,1,NULL,2,3,NULL,1478437417,1478437417),(50,'00062','сотовый 6 мм Polygal (синий)','product50.htm','Поликарбонат сотовый, марка: Polygal, толщина: 6 мм, цвет: синий','<BR>','Поликарбонат',NULL,99.88,1,1,NULL,2,3,NULL,1478437417,1478437417),(51,'00063','сотовый 6 мм Polygal (красный, желтый)','product51.htm','Поликарбонат сотовый, марка: Polygal, толщина: 6 мм, цвет: красный, желтый','<BR>','Поликарбонат',NULL,98.16,1,1,NULL,2,3,NULL,1478437418,1478437418),(52,'00064','сотовый 6 мм Polygal (зеленый)','product52.htm','Поликарбонат сотовый, марка: Polygal, толщина: 6 мм, цвет: зеленый','<BR>','Поликарбонат',NULL,86.66,1,1,NULL,2,3,NULL,1478437418,1478437418),(53,'00065','сотовый 6 мм Polygal (оранжевый)','product53.htm','Поликарбонат сотовый, марка: Polygal, толщина: 6 мм, цвет: оранжевый','<BR>','Поликарбонат',NULL,111.57,1,1,NULL,2,3,NULL,1478437419,1478437419),(54,'00066','сотовый 8 мм Polygal (прозрачный)','product54.htm','Поликарбонат сотовый, марка: Polygal, толщина: 8 мм, цвет: прозрачный','<BR>','Поликарбонат',NULL,92.30,1,1,NULL,2,3,NULL,1478437406,1478437406),(55,'00067','сотовый 8 мм Polygal (бронзовый)','product55.htm','Поликарбонат сотовый, марка: Polygal, толщина: 8 мм, цвет: бронзовый','<BR>','Поликарбонат',NULL,95.43,1,1,NULL,2,3,NULL,1478437406,1478437406),(56,'00068','сотовый 8 мм Polygal (зеленый)','product56.htm','Поликарбонат сотовый, марка: Polygal, толщина: 8 мм, цвет: зеленый','<BR>','Поликарбонат',NULL,94.65,1,1,NULL,2,3,NULL,1478437407,1478437407),(57,'00069','сотовый 8 мм Polygal (металик)','product57.htm','Поликарбонат сотовый, марка: Polygal, толщина: 8 мм, цвет: металлик','<BR>','Поликарбонат',NULL,97.25,1,1,NULL,2,3,NULL,1478437407,1478437407),(58,'00070','сотовый 8 мм Polygal рейнбоу (радуга)','product58.htm','Поликарбонат сотовый, марка: Polygal, толщина: 8 мм, цвет: рейнбоу (радуга)','<BR>','Поликарбонат',NULL,109.29,1,1,NULL,2,3,NULL,1478437407,1478437407),(59,'00071','сотовый 8 мм Polygal (прималайт)','product59.htm','Поликарбонат сотовый, марка: Polygal, толщина: 8 мм, цвет: прималайт','<BR>','Поликарбонат',NULL,131.63,1,1,NULL,2,3,NULL,1478437408,1478437408),(60,'00072','сотовый 8 мм Polygal (бирюзовый)','product60.htm','Поликарбонат сотовый, марка: Polygal, толщина: 8 мм, цвет: бирюзовый','<BR>','Поликарбонат',NULL,126.16,1,1,NULL,2,3,NULL,1478437419,1478437419),(61,'00073','сотовый 8 мм Polygal (желтый)','product61.htm','Поликарбонат сотовый, марка: Polygal, толщина: 8 мм, цвет: желтый','<BR>','Поликарбонат',NULL,101.82,1,1,NULL,2,3,NULL,1478437420,1478437420),(62,'00074','сотовый 8 мм Polygal (красный)','product62.htm','Поликарбонат сотовый, марка: Polygal, толщина: 8 мм, цвет: красный','<BR>','Поликарбонат',NULL,113.15,1,1,NULL,2,3,NULL,1478437420,1478437420),(63,'00075','сотовый 8 мм Polygal (синий)','product63.htm','Поликарбонат сотовый, марка: Polygal, толщина: 8 мм, цвет: синий','<BR>','',NULL,141.44,1,1,NULL,2,3,NULL,1478437420,1478437420),(64,'00076','сотовый 10 мм Polygal (прозрачный)','product64.htm','Поликарбонат сотовый, марка: Polygal, толщина: 10 мм, цвет: прозрачный','','Поликарбонат',NULL,103.00,1,1,NULL,2,3,NULL,1478437421,1478437421),(65,'00077','сотовый 10 мм Polygal (бронзовый)','product65.htm','Поликарбонат сотовый, марка: Polygal, толщина: 10 мм, цвет: бронзовый','','Поликарбонат',NULL,108.18,1,1,NULL,2,3,NULL,1478437421,1478437421),(66,'00078','сотовый 10 мм Polygal (синий, бирюзовый, молочный)','product66.htm','Поликарбонат сотовый, марка: Polygal, толщина: 10 мм, цвет: синий, бирюзовый, молочный','','Поликарбонат',NULL,125.94,1,1,NULL,2,3,NULL,1478437421,1478437421),(67,'00079','сотовый 10 мм Polygal (зеленый)','product67.htm','Поликарбонат сотовый, марка: Polygal, толщина: 10 мм, цвет: зеленый','','Поликарбонат',NULL,136.83,1,1,NULL,2,3,NULL,1478437422,1478437422),(68,'00080','сотовый 10 мм Polygal (металлик)','product68.htm','Поликарбонат сотовый, марка: Polygal, толщина: 10 мм, цвет: металлик','','Поликарбонат',NULL,110.25,1,1,NULL,2,3,NULL,1478437422,1478437422),(69,'00081','сотовый 10 мм Polygal двухкамерный (прозрачный)','product69.htm','Поликарбонат сотовый, марка: Polygal, толщина: 10 мм, цвет: прозрачный двухкамерный','','Поликарбонат',NULL,138.94,1,1,NULL,2,3,NULL,1478437422,1478437422),(70,'00082','сотовый 10 мм Polygal Титан Скай (прозрачный)','product70.htm','Поликарбонат сотовый, марка: Polygal, толщина: 10 мм, цвет: прозрачный Титан Скай','','Поликарбонат',NULL,110.93,1,1,NULL,2,3,NULL,1478437423,1478437423),(71,'00083','сотовый 10 мм Polygal Титан Скай (бронзовый)','product71.htm','Поликарбонат сотовый, марка: Polygal, толщина: 10 мм, цвет: бронзовый Титан Скай','','Поликарбонат',NULL,116.35,1,1,NULL,2,3,NULL,1478437423,1478437423),(72,'00084','сотовый 16 мм Polygal','product72.htm','Поликарбонат сотовый, марка: Polygal, толщина: 16 мм, цвет: прозрачный','','Поликарбонат',NULL,166.23,1,1,NULL,1,3,NULL,1478437423,1478437423),(73,'00085','сотовый 16 мм Polygal','product73.htm','Поликарбонат сотовый, марка: Polygal, толщина: 16 мм, цвет: бронзовый','','Поликарбонат',NULL,201.35,1,1,NULL,1,3,NULL,1478437424,1478437424),(74,'00086','сотовый 16 мм Polygal','product74.htm','Поликарбонат сотовый, марка: Polygal, толщина: 16 мм, цвет: бирюзовый','','Поликарбонат',NULL,227.48,1,1,NULL,1,3,NULL,1478437424,1478437424),(75,'00087','сотовый 16 мм Polygal','product75.htm','Поликарбонат сотовый, марка: Polygal, толщина: 16 мм, цвет: прозрачный Титан Скай','','Поликарбонат',NULL,159.07,1,1,NULL,1,3,NULL,1478437424,1478437424),(76,'00088','сотовый 16 мм Polygal','product76.htm','Поликарбонат сотовый, марка: Polygal, толщина: 16 мм, цвет: бронзовый Титан Скай','','Поликарбонат',NULL,166.23,1,1,NULL,1,3,NULL,1478437424,1478437424),(77,'00089','сотовый 25 мм Polygal','product77.htm','Поликарбонат сотовый, марка: Polygal, толщина: 25 мм, цвет: прозрачный Термогаль','','Поликарбонат',NULL,212.06,1,1,NULL,2,3,NULL,1478437424,1478437424),(78,'00090','монолит прозрачный 2 мм Monogal','product78.htm','Поликарбонат монолитный, марка: Monogal, толщина: 2 мм, цвет: прозрачный','','Поликарбонат',NULL,157.22,1,1,NULL,2,3,NULL,1478437424,1478437424),(79,'00091','монолит бронзовый 2 мм Monogal','product79.htm','Поликарбонат монолитный, марка: Monogal, толщина: 2 мм, цвет: бронзовый','','Поликарбонат',NULL,165.09,1,1,NULL,2,3,NULL,1478437425,1478437425),(80,'00092','монолит прозрачный 3 мм Monogal','product80.htm','Поликарбонат монолитный, марка: Monogal, толщина: 3 мм, цвет: прозрачный','','Поликарбонат',NULL,235.84,1,1,NULL,2,3,NULL,1478437425,1478437425),(81,'00093','монолит бронзовый 3 мм Monogal','product81.htm','Поликарбонат монолитный, марка: Monogal, толщина: 3 мм, цвет: бронзовый','','Поликарбонат',NULL,247.64,1,1,NULL,2,3,NULL,1478437426,1478437426),(82,'00094','монолит прозрачный 4 мм Monogal','product82.htm','Поликарбонат монолитный, марка: Monogal, толщина: 4 мм, цвет: прозрачный','','Поликарбонат',NULL,305.01,1,1,NULL,2,3,NULL,1478437426,1478437426),(83,'00095','монолит бронзовый 4 мм Monogal','product83.htm','Поликарбонат монолитный, марка: Monogal, толщина: 4 мм, цвет: бронзовый','','Поликарбонат',NULL,320.27,1,1,NULL,2,3,NULL,1478437427,1478437427),(84,'00096','монолит прозрачный 5 мм Monogal','product84.htm','Поликарбонат монолитный, марка: Monogal, толщина: 5 мм, цвет: прозрачный','','Поликарбонат',NULL,381.29,1,1,NULL,2,3,NULL,1478437427,1478437427),(85,'00097','монолит бронзовый 5 мм Monogal','product85.htm','Поликарбонат монолитный, марка: Monogal, толщина: 5 мм, цвет: бронзовый','','Поликарбонат',NULL,400.34,1,1,NULL,2,3,NULL,1478437427,1478437427),(86,'00098','сотовый 4 мм Plastilux (прозрачный)','product86.htm','Поликарбонат сотовый, марка: Plastilux, толщина: 4 мм, цвет: прозрачный','<A href=\"/materials/sotoviy/\">Поликарбонат сотовый</A>','Поликарбонат',NULL,39.59,1,1,NULL,2,2,NULL,1478437428,1478437428),(87,'00099','сотовый 4 мм Plastilux (бронзовый)','product87.htm','Поликарбонат сотовый, марка: Plastilux, толщина: 4 мм, цвет: бронзовый','','Поликарбонат',NULL,40.77,1,1,NULL,2,2,NULL,1478437428,1478437428),(88,'00100','сотовый 4 мм Plastilux (синий)','product88.htm','Поликарбонат сотовый, марка: Plastilux, толщина: 4 мм, цвет: синий','','Поликарбонат',NULL,40.77,1,1,NULL,2,2,NULL,1478437429,1478437429),(89,'00101','сотовый 4 мм Plastilux (красный)','product89.htm','Поликарбонат сотовый, марка: Plastilux, толщина: 4 мм, цвет: красный','','Поликарбонат',NULL,40.77,1,1,NULL,2,2,NULL,1478437429,1478437429),(90,'00102','сотовый 4 мм Plastilux (зеленый)','product90.htm','Поликарбонат сотовый, марка: Plastilux, толщина: 4 мм, цвет: зеленый','','Поликарбонат',NULL,40.77,1,1,NULL,2,2,NULL,1478437430,1478437430),(91,'00103','сотовый 4 мм Plastilux (Опал молочный)','product91.htm','Поликарбонат сотовый, марка: Plastilux, толщина: 4 мм, цвет: опал (молочный)','','Поликарбонат',NULL,40.77,1,1,NULL,2,2,NULL,1478437430,1478437430),(92,'00104','сотовый 4 мм Plastilux (Бирюзовый)','product92.htm','Поликарбонат сотовый, марка: Plastilux, толщина: 4 мм, цвет: бирюзовый','','Поликарбонат',NULL,40.77,1,1,NULL,2,2,NULL,1478437431,1478437431),(93,'00105','сотовый 6 мм Plastilux (прозрачный)','product93.htm','Поликарбонат сотовый, марка: Plastilux, толщина: 6 мм, цвет: прозрачный','<BR>','Поликарбонат',NULL,64.62,1,1,NULL,2,2,NULL,1478437431,1478437431),(94,'00106','сотовый 6 мм Plastilux (бронзовый)','product94.htm','Поликарбонат сотовый, марка: Plastilux, толщина: 6 мм, цвет: бронзовый','<br>','Поликарбонат',NULL,66.56,1,1,NULL,2,2,NULL,1478437432,1478437432),(95,'00107','сотовый 6 мм Plastilux (синий)','product95.htm','Поликарбонат сотовый, марка: Plastilux, толщина: 6 мм, цвет: синий','<br>','Поликарбонат',NULL,66.56,1,1,NULL,2,2,NULL,1478437432,1478437432),(96,'00108','сотовый 6 мм Plastilux (красный)','product96.htm','Поликарбонат сотовый, марка: Plastilux, толщина: 6 мм, цвет: красный','<br>','Поликарбонат',NULL,66.56,1,1,NULL,2,2,NULL,1478437432,1478437432),(97,'00109','сотовый 6 мм Plastilux (зеленый)','product97.htm','Поликарбонат сотовый, марка: Plastilux, толщина: 6 мм, цвет: зеленый','<br>','Поликарбонат',NULL,66.56,1,1,NULL,2,2,NULL,1478437432,1478437432),(98,'00110','сотовый 6 мм Plastilux (опал (молочный))','product98.htm','Поликарбонат сотовый, марка: Plastilux, толщина: 6 мм, цвет: опал (молочный)','<br>','Поликарбонат',NULL,66.56,1,1,NULL,2,2,NULL,1478437432,1478437432),(99,'00111','сотовый 6 мм Plastilux (бирюзовый)','product99.htm','Поликарбонат сотовый, марка: Plastilux, толщина: 6 мм, цвет: бирюзовый','<br>','Поликарбонат',NULL,66.56,1,1,NULL,2,2,NULL,1478437432,1478437432),(100,'00112','сотовый 8 мм Plastilux (прозрачный)','product100.htm','Поликарбонат сотовый, марка: Plastilux, толщина: 8 мм, цвет: прозрачный','<br>','Поликарбонат',NULL,77.05,1,1,NULL,2,2,NULL,1478437433,1478437433),(101,'00113','сотовый 8 мм Plastilux (бронзовый)','product101.htm','Поликарбонат сотовый, марка: Plastilux, толщина: 8 мм, цвет: бронзовый','<br>','Поликарбонат',NULL,79.36,1,1,NULL,2,2,NULL,1478437433,1478437433),(102,'00114','сотовый 8 мм Plastilux (синий)','product102.htm','Поликарбонат сотовый, марка: Plastilux, толщина: 8 мм, цвет: синий','<br>','Поликарбонат',NULL,79.36,1,1,NULL,2,2,NULL,1478437433,1478437433),(103,'00115','сотовый 8 мм Plastilux (красный)','product103.htm','Поликарбонат сотовый, марка: Plastilux, толщина: 8 мм, цвет: красный','<br>','Поликарбонат',NULL,79.36,1,1,NULL,2,2,NULL,1478437433,1478437433),(104,'00116','сотовый 8 мм Plastilux (зеленый)','product104.htm','Поликарбонат сотовый, марка: Plastilux, толщина: 8 мм, цвет: зеленый','<br>','Поликарбонат',NULL,79.36,1,1,NULL,2,2,NULL,1478437433,1478437433),(105,'00117','сотовый 8 мм Plastilux (опал (молочный))','product105.htm','Поликарбонат сотовый, марка: Plastilux, толщина: 8 мм, цвет: опал (молочный)','<br>','Поликарбонат',NULL,79.36,1,1,NULL,2,2,NULL,1478437433,1478437433),(106,'00118','сотовый 8 мм Plastilux (бирюзовый)','product106.htm','Поликарбонат сотовый, марка: Plastilux, толщина: 8 мм, цвет: бирюзовый','<br>','Поликарбонат',NULL,79.36,1,1,NULL,2,2,NULL,1478437433,1478437433),(107,'00119','сотовый 10 мм Plastilux (прозрачный)','product107.htm','Поликарбонат сотовый, марка: Plastilux, толщина: 10 мм, цвет: прозрачный','<br>','Поликарбонат',NULL,91.06,1,1,NULL,2,2,NULL,1478437434,1478437434),(108,'00120','сотовый 10 мм Plastilux (бронзовый)','product108.htm','Поликарбонат сотовый, марка: Plastilux, толщина: 10 мм, цвет: бронзовый','<br>','Поликарбонат',NULL,93.80,1,1,NULL,2,2,NULL,1478437434,1478437434),(109,'00121','сотовый 10 мм Plastilux (синий)','product109.htm','Поликарбонат сотовый, марка: Plastilux, толщина: 10 мм, цвет: синий','<br>','Поликарбонат',NULL,93.80,1,1,NULL,2,2,NULL,1478437434,1478437434),(110,'00122','сотовый 10 мм Plastilux (красный)','product110.htm','Поликарбонат сотовый, марка: Plastilux, толщина: 10 мм, цвет: красный','<br>','Поликарбонат',NULL,93.80,1,1,NULL,2,2,NULL,1478437434,1478437434),(111,'00123','сотовый 10 мм Plastilux (зеленый)','product111.htm','Поликарбонат сотовый, марка: Plastilux, толщина: 10 мм, цвет: зеленый','<br>','Поликарбонат',NULL,93.80,1,1,NULL,2,2,NULL,1478437434,1478437434),(112,'00124','сотовый 10 мм Plastilux (опал (молочный))','product112.htm','Поликарбонат сотовый, марка: Plastilux, толщина: 10 мм, цвет: опал (молочный)','<br>','Поликарбонат',NULL,93.80,1,1,NULL,2,2,NULL,1478437434,1478437434),(113,'00125','сотовый 10 мм Plastilux (бирюзовый)','product113.htm','Поликарбонат сотовый, марка: Plastilux, толщина: 10 мм, цвет: бирюзовый','<br>','Поликарбонат',NULL,93.80,1,1,NULL,2,2,NULL,1478437435,1478437435),(114,'00126','сотовый 4 мм Polynex (прозрачный)','product114.htm','Поликарбонат сотовый, марка: Polynex, толщина: 4 мм, цвет: прозрачный','<br>','Поликарбонат',NULL,33.47,1,1,NULL,2,2,NULL,1478437435,1478437435),(115,'00127','сотовый 4 мм Polynex (бронзовый)','product115.htm','Поликарбонат сотовый, марка: Polynex, толщина: 4 мм, цвет: бронзовый','<br>','Поликарбонат',NULL,34.49,1,1,NULL,2,2,NULL,1478437435,1478437435),(116,'00128','сотовый 4 мм Polynex (синий)','product116.htm','Поликарбонат сотовый, марка: Polynex, толщина: 4 мм, цвет: синий','<br>','Поликарбонат',NULL,34.49,1,1,NULL,2,2,NULL,1478437435,1478437435),(117,'00129','сотовый 4 мм Polynex (красный)','product117.htm','Поликарбонат сотовый, марка: Polynex, толщина: 4 мм, цвет: красный','<br>','Поликарбонат',NULL,34.49,1,1,NULL,2,2,NULL,1478437435,1478437435),(118,'00130','сотовый 4 мм Polynex (зеленый)','product118.htm','Поликарбонат сотовый, марка: Polynex, толщина: 4 мм, цвет: зеленый','<br>','Поликарбонат',NULL,34.49,1,1,NULL,2,2,NULL,1478437435,1478437435),(119,'00131','сотовый 4 мм Polynex (опал (молочный))','product119.htm','Поликарбонат сотовый, марка: Polynex, толщина: 4 мм, цвет: опал (молочный)','<br>','Поликарбонат',NULL,34.49,1,1,NULL,2,2,NULL,1478437436,1478437436),(120,'00132','сотовый 4 мм Polynex (бирюзовый)','product120.htm','Поликарбонат сотовый, марка: Polynex, толщина: 4 мм, цвет: бирюзовый','<br>','Поликарбонат',NULL,34.49,1,1,NULL,2,2,NULL,1478437436,1478437436),(121,'00133','сотовый 6 мм Polynex (прозрачный)','product121.htm','Поликарбонат сотовый, марка: Polynex, толщина: 6 мм, цвет: прозрачный','<br>','Поликарбонат',NULL,54.64,1,1,NULL,2,2,NULL,1478437436,1478437436),(122,'00134','сотовый 6 мм Polynex (бронзовый)','product122.htm','Поликарбонат сотовый, марка: Polynex, толщина: 6 мм, цвет: бронзовый','<br>','Поликарбонат',NULL,56.29,1,1,NULL,2,2,NULL,1478437436,1478437436),(123,'00135','сотовый 6 мм Polynex (синий)','product123.htm','Поликарбонат сотовый, марка: Polynex, толщина: 6 мм, цвет: синий','<br>','Поликарбонат',NULL,56.29,1,1,NULL,2,2,NULL,1478437436,1478437436),(124,'00136','сотовый 6 мм Polynex (красный)','product124.htm','Поликарбонат сотовый, марка: Polynex, толщина: 6 мм, цвет: красный','<br>','Поликарбонат',NULL,56.29,1,1,NULL,2,2,NULL,1478437437,1478437437),(125,'00137','сотовый 6 мм Polynex (зеленый)','product125.htm','Поликарбонат сотовый, марка: Polynex, толщина: 6 мм, цвет: зеленый','<br>','Поликарбонат',NULL,56.29,1,1,NULL,2,2,NULL,1478437437,1478437437),(126,'00138','сотовый 6 мм Polynex (опал (молочный))','product126.htm','Поликарбонат сотовый, марка: Polynex, толщина: 6 мм, цвет: опал (молочный)','<br>','Поликарбонат',NULL,56.29,1,1,NULL,2,2,NULL,1478437437,1478437437),(127,'00139','сотовый 6 мм Polynex (бирюзовый)','product127.htm','Поликарбонат сотовый, марка: Polynex, толщина: 6 мм, цвет: бирюзовый','<br>','Поликарбонат',NULL,56.29,1,1,NULL,2,2,NULL,1478437437,1478437437),(128,'00140','сотовый 8 мм Polynex (прозрачный)','product128.htm','Поликарбонат сотовый, марка: Polynex, толщина: 8 мм, цвет: прозрачный','<br>','Поликарбонат',NULL,65.14,1,1,NULL,2,2,NULL,1478437437,1478437437),(129,'00141','сотовый 8 мм Polynex (бронзовый)','product129.htm','Поликарбонат сотовый, марка: Polynex, толщина: 8 мм, цвет: бронзовый','<br>','Поликарбонат',NULL,67.09,1,1,NULL,2,2,NULL,1478437438,1478437438),(130,'00142','сотовый 8 мм Polynex (синий)','product130.htm','Поликарбонат сотовый, марка: Polynex, толщина: 8 мм, цвет: синий','<br>','Поликарбонат',NULL,67.09,1,1,NULL,2,2,NULL,1478437438,1478437438),(131,'00143','сотовый 8 мм Polynex (красный)','product131.htm','Поликарбонат сотовый, марка: Polynex, толщина: 8 мм, цвет: красный','<br>','Поликарбонат',NULL,67.09,1,1,NULL,2,2,NULL,1478437438,1478437438),(132,'00144','сотовый 8 мм Polynex (зеленый)','product132.htm','Поликарбонат сотовый, марка: Polynex, толщина: 8 мм, цвет: зеленый','<br>','Поликарбонат',NULL,67.09,1,1,NULL,2,2,NULL,1478437438,1478437438),(133,'00145','сотовый 8 мм Polynex (опал (молочный))','product133.htm','Поликарбонат сотовый, марка: Polynex, толщина: 8 мм, цвет: опал (молочный)','<br>','Поликарбонат',NULL,67.09,1,1,NULL,2,2,NULL,1478437438,1478437438),(134,'00146','сотовый 8 мм Polynex (бирюзовый)','product134.htm','Поликарбонат сотовый, марка: Polynex, толщина: 8 мм, цвет: бирюзовый','<br>','Поликарбонат',NULL,67.09,1,1,NULL,2,2,NULL,1478437438,1478437438),(135,'00147','сотовый 10 мм Polynex (прозрачный)','product135.htm','Поликарбонат сотовый, марка: Polynex, толщина: 10 мм, цвет: прозрачный','<br>','Поликарбонат',NULL,76.98,1,1,NULL,2,2,NULL,1478437438,1478437438),(136,'00148','сотовый 10 мм Polynex (бронзовый)','product136.htm','Поликарбонат сотовый, марка: Polynex, толщина: 10 мм, цвет: бронзовый','<br>','Поликарбонат',NULL,79.30,1,1,NULL,2,2,NULL,1478437439,1478437439),(137,'00149','сотовый 10 мм Polynex (синий)','product137.htm','Поликарбонат сотовый, марка: Polynex, толщина: 10 мм, цвет: синий','<br>','Поликарбонат',NULL,79.30,1,1,NULL,2,2,NULL,1478437439,1478437439),(138,'00150','сотовый 10 мм Polynex (красный)','product138.htm','Поликарбонат сотовый, марка: Polynex, толщина: 10 мм, цвет: красный','<br>','Поликарбонат',NULL,79.30,1,1,NULL,2,2,NULL,1478437439,1478437439),(139,'00151','сотовый 10 мм Polynex (зеленый)','product139.htm','Поликарбонат сотовый, марка: Polynex, толщина: 10 мм, цвет: зеленый','<br>','Поликарбонат',NULL,79.30,1,1,NULL,2,2,NULL,1478437439,1478437439),(140,'00152','сотовый 10 мм Polynex (опал (молочный))','product140.htm','Поликарбонат сотовый, марка: Polynex, толщина: 10 мм, цвет: опал (молочный)','<br>','Поликарбонат',NULL,79.30,1,1,NULL,2,2,NULL,1478437439,1478437439),(141,'00153','сотовый 10 мм Polynex (бирюзовый)','product141.htm','Поликарбонат сотовый, марка: Polynex, толщина: 10 мм, цвет: бирюзовый','<br>','Поликарбонат',NULL,79.30,1,1,NULL,2,2,NULL,1478437439,1478437439),(142,'00154','сотовый 4 мм Sunnex (прозрачный)','product142.htm','Поликарбонат сотовый, марка: Sunnex, толщина: 4 мм, цвет: прозрачный','<p>Сотовый поликарбонат применяют для кровли теплиц и парников, навесов и козырьков.</p><p>&nbsp;</p>','Поликарбонат',NULL,26.79,1,1,NULL,2,2,NULL,1478437439,1478437439),(143,'00155','сотовый 4 мм Sunnex (бронзовый)','product143.htm','Поликарбонат сотовый, марка: Sunnex, толщина: 4 мм, цвет: бронзовый','','Поликарбонат',NULL,27.60,1,1,NULL,2,2,NULL,1478437440,1478437440),(144,'00156','сотовый 4 мм Sunnex (опал молочный)','product144.htm','Поликарбонат сотовый, марка: Sunnex, толщина: 4 мм, цвет: опал (молочный)','','Поликарбонат',NULL,27.60,1,1,NULL,2,2,NULL,1478437441,1478437441),(145,'00157','сотовый 4 мм Sunnex (красный)','product145.htm','Поликарбонат сотовый, марка: Sunnex, толщина: 4 мм, цвет: красный','','Поликарбонат',NULL,27.60,1,1,NULL,2,2,NULL,1478437441,1478437441),(146,'00158','сотовый 4 мм Sunnex (Синий)','product146.htm','Поликарбонат сотовый, марка: Sunnex, толщина: 4 мм, цвет: синий','','Поликарбонат',NULL,27.60,1,1,NULL,2,2,NULL,1478437441,1478437441),(147,'00159','сотовый 4 мм Sunnex (Зеленный)','product147.htm','Поликарбонат сотовый, марка: Sunnex, толщина: 4 мм, цвет: зеленый','','Поликарбонат',NULL,27.60,1,1,NULL,2,2,NULL,1478437442,1478437442),(148,'00160','сотовый 6 мм Sunnex','product148.htm','Поликарбонат сотовый, марка: Sunnex, толщина: 6 мм, цвет: прозрачный','','Поликарбонат',NULL,43.71,1,1,NULL,1,2,NULL,1478437442,1478437442),(149,'00161','сотовый 6 мм Sunnex','product149.htm','Поликарбонат сотовый, марка: Sunnex, толщина: 6 мм, цвет: бронзовый','','Поликарбонат',NULL,45.03,1,1,NULL,1,2,NULL,1478437442,1478437442),(150,'00162','сотовый 6 мм Sunnex','product150.htm','Поликарбонат сотовый, марка: Sunnex, толщина: 6 мм, цвет: опал (молочный)','','Поликарбонат',NULL,45.03,1,1,NULL,1,2,NULL,1478437443,1478437443),(151,'00163','сотовый 6 мм Sunnex','product151.htm','Поликарбонат сотовый, марка: Sunnex, толщина: 6 мм, цвет: красный','','Поликарбонат',NULL,45.03,1,1,NULL,1,2,NULL,1478437443,1478437443),(152,'00164','сотовый 6 мм Sunnex','product152.htm','Поликарбонат сотовый, марка: Sunnex, толщина: 6 мм, цвет: синий','','Поликарбонат',NULL,45.03,1,1,NULL,1,2,NULL,1478437443,1478437443),(153,'00165','сотовый 6 мм Sunnex','product153.htm','Поликарбонат сотовый, марка: Sunnex, толщина: 6 мм, цвет: зеленый','','Поликарбонат',NULL,45.03,1,1,NULL,1,2,NULL,1478437443,1478437443),(154,'00166','сотовый 8 мм Sunnex','product154.htm','Поликарбонат сотовый, марка: Sunnex, толщина: 8 мм, цвет: прозрачный','','Поликарбонат',NULL,52.12,1,1,NULL,1,2,NULL,1478437443,1478437443),(155,'00167','сотовый 8 мм Sunnex','product155.htm','Поликарбонат сотовый, марка: Sunnex, толщина: 8 мм, цвет: бронзовый','','Поликарбонат',NULL,53.68,1,1,NULL,1,2,NULL,1478437443,1478437443),(156,'00168','сотовый 8 мм Sunnex','product156.htm','Поликарбонат сотовый, марка: Sunnex, толщина: 8 мм, цвет: опал (молочный)','','Поликарбонат',NULL,53.68,1,1,NULL,1,2,NULL,1478437444,1478437444),(157,'00169','сотовый 8 мм Sunnex','product157.htm','Поликарбонат сотовый, марка: Sunnex, толщина: 8 мм, цвет: красный','','Поликарбонат',NULL,53.68,1,1,NULL,1,2,NULL,1478437444,1478437444),(158,'00170','сотовый 8 мм Sunnex','product158.htm','Поликарбонат сотовый, марка: Sunnex, толщина: 8 мм, цвет: синий','','Поликарбонат',NULL,53.68,1,1,NULL,1,2,NULL,1478437444,1478437444),(159,'00171','сотовый 8 мм Sunnex','product159.htm','Поликарбонат сотовый, марка: Sunnex, толщина: 8 мм, цвет: зеленый','','Поликарбонат',NULL,53.68,1,1,NULL,1,2,NULL,1478437444,1478437444),(160,'00172','сотовый 10 мм Sunnex','product160.htm','Поликарбонат сотовый, марка: Sunnex, толщина: 10 мм, цвет: прозрачный','','Поликарбонат',NULL,61.59,1,1,NULL,1,2,NULL,1478437444,1478437444),(161,'00173','сотовый 10 мм Sunnex','product161.htm','Поликарбонат сотовый, марка: Sunnex, толщина: 10 мм, цвет: бронзовый','','Поликарбонат',NULL,63.44,1,1,NULL,1,2,NULL,1478437444,1478437444),(162,'00174','сотовый 10 мм Sunnex','product162.htm','Поликарбонат сотовый, марка: Sunnex, толщина: 10 мм, цвет: опал (молочный)','','Поликарбонат',NULL,63.44,1,1,NULL,1,2,NULL,1478437445,1478437445),(163,'00175','сотовый 10 мм Sunnex','product163.htm','Поликарбонат сотовый, марка: Sunnex, толщина: 10 мм, цвет: красный','','Поликарбонат',NULL,63.44,1,1,NULL,1,2,NULL,1478437445,1478437445),(164,'00176','сотовый 10 мм Sunnex','product164.htm','Поликарбонат сотовый, марка: Sunnex, толщина: 10 мм, цвет: синий','','Поликарбонат',NULL,63.44,1,1,NULL,1,2,NULL,1478437445,1478437445),(165,'00177','сотовый 10 мм Sunnex','product165.htm','Поликарбонат сотовый, марка: Sunnex, толщина: 10 мм, цвет: зеленый','','Поликарбонат',NULL,63.44,1,1,NULL,1,2,NULL,1478437445,1478437445),(166,'00178','соединительный пластиковый Н-образный 4 мм','product166.htm','Профиль соединительный пластиковый Н-образный, толщина: 4 мм, цвет: прозрачный','<br>','Профиль',NULL,16.16,1,1,NULL,1,2,NULL,1478437445,1478437445),(167,'00179','соединительный пластиковый Н-образный 6 мм','product167.htm','Профиль соединительный пластиковый Н-образный, толщина: 6 мм, цвет: прозрачный','<br>','Профиль',NULL,17.84,1,1,NULL,1,2,NULL,1478437445,1478437445),(168,'00180','соединительный пластиковый Н-образный 8 мм','product168.htm','Профиль соединительный пластиковый Н-образный, толщина: 8 мм, цвет: прозрачный','<br>','Профиль',NULL,22.52,1,1,NULL,1,2,NULL,1478437446,1478437446),(169,'00181','соединительный пластиковый Н-образный 10 мм','product169.htm','Профиль соединительный пластиковый Н-образный, толщина: 10 мм, цвет: прозрачный','<br>','Профиль',NULL,23.57,1,1,NULL,1,2,NULL,1478437446,1478437446),(170,'00182','соединительный пластиковый Н-образный 16 мм','product170.htm','Профиль соединительный пластиковый Н-образный, толщина: 16 мм, цвет: прозрачный','<br>','Профиль',NULL,53.74,1,1,NULL,1,2,NULL,1478437446,1478437446),(171,'00183','торцевой пластиковый П-образный 4 мм','product171.htm','Профиль торцевой пластиковый П-образный, толщина: 4 мм, цвет: прозрачный','<br>','Профиль',NULL,6.50,1,1,NULL,1,2,NULL,1478437446,1478437446),(172,'00184','торцевой пластиковый П-образный 6 мм','product172.htm','Профиль торцевой пластиковый П-образный, толщина: 6 мм, цвет: прозрачный','<br>','Профиль',NULL,7.07,1,1,NULL,1,2,NULL,1478437446,1478437446),(173,'00185','торцевой пластиковый П-образный 8 мм','product173.htm','Профиль торцевой пластиковый П-образный, толщина: 8 мм, цвет: прозрачный','<br>','Профиль',NULL,7.79,1,1,NULL,1,2,NULL,1478437447,1478437447),(174,'00186','торцевой пластиковый П-образный 10 мм','product174.htm','Профиль торцевой пластиковый П-образный, толщина: 10 мм, цвет: прозрачный','<br>','Профиль',NULL,8.61,1,1,NULL,1,2,NULL,1478437447,1478437447),(175,'00187','торцевой пластиковый П-образный 16 мм','product175.htm','Профиль торцевой пластиковый П-образный, толщина: 16 мм, цвет: прозрачный','<br>','Профиль',NULL,14.82,1,1,NULL,1,2,NULL,1478437447,1478437447),(176,'00188','соединительный Н-образный 4 мм Polygal','product176.htm','Профиль соединительный Н-образный, марка: Polygal, толщина: 4 мм, цвет: прозрачный','','Профиль',NULL,18.91,1,1,NULL,1,3,NULL,1478437447,1478437447),(177,'00189','соединительный Н-образный 4 мм Polygal','product177.htm','Профиль соединительный Н-образный, марка: Polygal, толщина: 4 мм, цвет: бронзовый','','Профиль',NULL,18.91,1,1,NULL,1,3,NULL,1478437447,1478437447),(178,'00190','соединительный Н-образный 6 мм Polygal','product178.htm','Профиль соединительный Н-образный, марка: Polygal, толщина: 6 мм, цвет: прозрачный','','Профиль',NULL,19.92,1,1,NULL,1,3,NULL,1478437448,1478437448),(179,'00191','соединительный Н-образный 6 мм Polygal','product179.htm','Профиль соединительный Н-образный, марка: Polygal, толщина: 6 мм, цвет: бронзовый','','Профиль',NULL,19.92,1,1,NULL,1,3,NULL,1478437448,1478437448),(180,'00192','соединительный Н-образный 8 мм Polygal','product180.htm','Профиль соединительный Н-образный, марка: Polygal, толщина: 8 мм, цвет: прозрачный','','Профиль',NULL,23.89,1,1,NULL,1,3,NULL,1478437448,1478437448),(181,'00193','соединительный Н-образный 8 мм Polygal','product181.htm','Профиль соединительный Н-образный, марка: Polygal, толщина: 8 мм, цвет: бронзовый','','Профиль',NULL,23.89,1,1,NULL,1,3,NULL,1478437448,1478437448),(182,'00194','соединительный Н-образный 10 мм Polygal','product182.htm','Профиль соединительный Н-образный, марка: Polygal, толщина: 10 мм, цвет: прозрачный','','Профиль',NULL,31.84,1,1,NULL,1,3,NULL,1478437448,1478437448),(183,'00195','соединительный Н-образный 10 мм Polygal','product183.htm','Профиль соединительный Н-образный, марка: Polygal, толщина: 10 мм, цвет: бронзовый','','Профиль',NULL,31.84,1,1,NULL,1,3,NULL,1478437448,1478437448),(184,'00196','соединительный Н-образный 16 мм Polygal','product184.htm','Профиль соединительный Н-образный, марка: Polygal, толщина: 16 мм, цвет: прозрачный','','Профиль',NULL,58.46,1,1,NULL,1,3,NULL,1478437448,1478437448),(185,'00197','соединительный Н-образный 16 мм Polygal','product185.htm','Профиль соединительный Н-образный, марка: Polygal, толщина: 16 мм, цвет: бронзовый','','Профиль',NULL,58.46,1,1,NULL,1,3,NULL,1478437449,1478437449),(186,'00198','торцевой П-образный 4 мм Polygal','product186.htm','Профиль торцевой П-образный, марка: Polygal, толщина: 4 мм, цвет: прозрачный','','Профиль',NULL,6.75,1,1,NULL,1,3,NULL,1478437449,1478437449),(187,'00199','торцевой П-образный 4 мм Polygal','product187.htm','Профиль торцевой П-образный, марка: Polygal, толщина: 4 мм, цвет: бронзовый','','Профиль',NULL,6.75,1,1,NULL,1,3,NULL,1478437449,1478437449),(188,'00200','торцевой П-образный 6 мм Polygal','product188.htm','Профиль торцевой П-образный, марка: Polygal, толщина: 6 мм, цвет: прозрачный','','Профиль',NULL,7.53,1,1,NULL,1,3,NULL,1478437449,1478437449),(189,'00201','торцевой П-образный 6 мм Polygal','product189.htm','Профиль торцевой П-образный, марка: Polygal, толщина: 6 мм, цвет: бронзовый','','Профиль',NULL,7.53,1,1,NULL,1,3,NULL,1478437449,1478437449),(190,'00202','торцевой П-образный 8 мм Polygal','product190.htm','Профиль торцевой П-образный, марка: Polygal, толщина: 8 мм, цвет: прозрачный','','Профиль',NULL,8.31,1,1,NULL,1,3,NULL,1478437449,1478437449),(191,'00203','торцевой П-образный 8 мм Polygal','product191.htm','Профиль торцевой П-образный, марка: Polygal, толщина: 8 мм, цвет: бронзовый','','Профиль',NULL,8.31,1,1,NULL,1,3,NULL,1478437449,1478437449),(192,'00204','торцевой П-образный 10 мм Polygal','product192.htm','Профиль торцевой П-образный, марка: Polygal, толщина: 10 мм, цвет: прозрачный','','Профиль',NULL,9.06,1,1,NULL,1,3,NULL,1478437450,1478437450),(193,'00205','торцевой П-образный 10 мм Polygal','product193.htm','Профиль торцевой П-образный, марка: Polygal, толщина: 10 мм, цвет: бронзовый','','Профиль',NULL,9.06,1,1,NULL,1,3,NULL,1478437450,1478437450),(194,'00206','торцевой П-образный 16 мм Polygal','product194.htm','Профиль торцевой П-образный, марка: Polygal, толщина: 16 мм, цвет: прозрачный','','Профиль',NULL,10.61,1,1,NULL,1,3,NULL,1478437450,1478437450),(195,'00207','торцевой П-образный 16 мм Polygal','product195.htm','Профиль торцевой П-образный, марка: Polygal, толщина: 16 мм, цвет: бронзовый','','Профиль',NULL,10.61,1,1,NULL,1,3,NULL,1478437450,1478437450),(196,'00208','торцевой алюминиевый 828 Polygal 25 мм','product196.htm','Профиль торцевой алюминиевый 828, марка: Polygal, толщина: 25 мм, цвет: белый','','Профиль',NULL,55.15,1,1,NULL,1,3,NULL,1478437451,1478437451),(197,'00209','торцевой алюминиевый 828 Polygal 25 мм','product197.htm','Профиль торцевой алюминиевый 828, марка: Polygal, толщина: 25 мм, цвет: серебро','','Профиль',NULL,56.62,1,1,NULL,1,3,NULL,1478437451,1478437451),(198,'00210','торцевой алюминиевый 828 Polygal 25 мм','product198.htm','Профиль торцевой алюминиевый 828, марка: Polygal, толщина: 25 мм, цвет: бронзовый','','Профиль',NULL,56.62,1,1,NULL,1,3,NULL,1478437451,1478437451),(199,'00211','торцевой алюминиевый 808 Polygal 16 мм','product199.htm','Профиль торцевой алюминиевый 808, марка: Polygal, толщина: 16 мм, цвет: белый','','Профиль',NULL,11.61,1,1,NULL,1,3,NULL,1478437451,1478437451),(200,'00212','торцевой алюминиевый 808 Polygal 16 мм','product200.htm','Профиль торцевой алюминиевый 808, марка: Polygal, толщина: 16 мм, цвет: серебро','','Профиль',NULL,12.77,1,1,NULL,1,3,NULL,1478437451,1478437451),(201,'00213','торцевой алюминиевый 808 Polygal 16 мм','product201.htm','Профиль торцевой алюминиевый 808, марка: Polygal, толщина: 16 мм, цвет: бронзовый','','Профиль',NULL,12.77,1,1,NULL,1,3,NULL,1478437451,1478437451),(202,'00214','торцевой алюминиевый 2813 Polygal 10 мм','product202.htm','Профиль торцевой алюминиевый 2813, марка: Polygal, толщина: 10 мм, цвет: белый','','Профиль',NULL,14.83,1,1,NULL,1,3,NULL,1478437452,1478437452),(203,'00215','торцевой алюминиевый 2813 Polygal 10 мм','product203.htm','Профиль торцевой алюминиевый 2813, марка: Polygal, толщина: 10 мм, цвет: серебро','','Профиль',NULL,16.51,1,1,NULL,1,3,NULL,1478437452,1478437452),(204,'00216','торцевой алюминиевый 2813 Polygal 10 мм','product204.htm','Профиль торцевой алюминиевый 2813, марка: Polygal, толщина: 10 мм, цвет: бронзовый','','Профиль',NULL,16.51,1,1,NULL,1,3,NULL,1478437452,1478437452),(205,'00217','торцевой алюминиевый 4948 Polygal 8 мм','product205.htm','Профиль торцевой алюминиевый 4948, марка: Polygal, толщина: 8 мм, цвет: белый','','Профиль',NULL,12.49,1,1,NULL,1,3,NULL,1478437452,1478437452),(206,'00218','торцевой алюминиевый 4948 Polygal 8 мм','product206.htm','Профиль торцевой алюминиевый 4948, марка: Polygal, толщина: 8 мм, цвет: серебро','','Профиль',NULL,12.62,1,1,NULL,1,3,NULL,1478437452,1478437452),(207,'00219','торцевой алюминиевый 4948 Polygal 8 мм','product207.htm','Профиль торцевой алюминиевый 4948, марка: Polygal, толщина: 8 мм, цвет: бронзовый','','Профиль',NULL,12.62,1,1,NULL,1,3,NULL,1478437453,1478437453),(208,'00220','торцевой алюминиевый 1960 Polygal 6 мм','product208.htm','Профиль торцевой алюминиевый 1960, марка: Polygal, толщина: 6 мм, цвет: белый','','Профиль',NULL,6.38,1,1,NULL,1,3,NULL,1478437453,1478437453),(209,'00221','торцевой алюминиевый 1960 Polygal 6 мм','product209.htm','Профиль торцевой алюминиевый 1960, марка: Polygal, толщина: 6 мм, цвет: серебро','','Профиль',NULL,8.52,1,1,NULL,1,3,NULL,1478437453,1478437453),(210,'00222','торцевой алюминиевый 1960 Polygal 6 мм','product210.htm','Профиль торцевой алюминиевый 1960, марка: Polygal, толщина: 6 мм, цвет: бронзовый','','Профиль',NULL,8.52,1,1,NULL,1,3,NULL,1478437453,1478437453),(211,'00223','алюминиевая прижимная 450 Polygal','product211.htm','Планка алюминиевая прижимная 450, марка: Polygal, цвет: белый','','Планка',NULL,8.94,1,1,NULL,1,3,NULL,1478437453,1478437453),(212,'00224','алюминиевая прижимная 450 Polygal','product212.htm','Планка алюминиевая прижимная 450, марка: Polygal, цвет: серебро','','Планка',NULL,9.83,1,1,NULL,1,3,NULL,1478437453,1478437453),(213,'00225','алюминиевая прижимная 450 Polygal','product213.htm','Планка алюминиевая прижимная 450, марка: Polygal, цвет: бронзовый','','Планка',NULL,9.83,1,1,NULL,1,3,NULL,1478437453,1478437453),(214,'00226','алюминиевая прижимная 459 Polygal','product214.htm','Планка алюминиевая прижимная 459, марка: Polygal, цвет: белый','','Планка',NULL,17.34,1,1,NULL,1,3,NULL,1478437453,1478437453),(215,'00227','алюминиевая прижимная 459 Polygal','product215.htm','Планка алюминиевая прижимная 459, марка: Polygal, цвет: серебро','','Планка',NULL,19.07,1,1,NULL,1,3,NULL,1478437454,1478437454),(216,'00228','алюминиевая прижимная 459 Polygal','product216.htm','Планка алюминиевая прижимная 459, марка: Polygal, цвет: бронзовый','','Планка',NULL,19.07,1,1,NULL,1,3,NULL,1478437454,1478437454),(217,'00229','алюминиевая 4949 (6-16 мм) Polygal','product217.htm','Крышка алюминиевая 4949 (6-16 мм), марка: Polygal, толщина: 6-16 мм цвет: белый','','Крышка',NULL,32.38,1,1,NULL,1,3,NULL,1478437454,1478437454),(218,'00230','алюминиевая 4949 (6-16 мм) Polygal','product218.htm','Крышка алюминиевая 4949 (6-16 мм), марка: Polygal, толщина: 6-16 мм цвет: серебро','','Крышка',NULL,34.97,1,1,NULL,1,3,NULL,1478437454,1478437454),(219,'00231','алюминиевая 4949 (6-16 мм) Polygal','product219.htm','Крышка алюминиевая 4949 (6-16 мм), марка: Polygal, толщина: 6-16 мм цвет: бронзовый','','Крышка',NULL,34.97,1,1,NULL,1,3,NULL,1478437454,1478437454),(220,'00232','алюминиевая 4947 (6-16 мм) Polygal','product220.htm','База алюминиевая 4947 (6-16 мм), марка: Polygal, толщина: 6-16 мм цвет: белый','','База',NULL,31.43,1,1,NULL,1,3,NULL,1478437455,1478437455),(221,'00233','алюминиевая 4947 (6-16 мм) Polygal','product221.htm','База алюминиевая 4947 (6-16 мм), марка: Polygal, толщина: 6-16 мм цвет: серебро','','База',NULL,44.52,1,1,NULL,1,3,NULL,1478437455,1478437455),(222,'00234','алюминиевая 4947 (6-16 мм) Polygal','product222.htm','База алюминиевая 4947 (6-16 мм), марка: Polygal, толщина: 6-16 мм цвет: бронзовый','','База',NULL,44.52,1,1,NULL,1,3,NULL,1478437455,1478437455),(223,'0235','сплошная (4-8 мм) Polygal','product223.htm','Лента сплошная, марка: Polygal, ширина: 4-8 мм','','Лента',NULL,3.05,1,1,NULL,1,3,NULL,1478437455,1478437455),(224,'0236','сплошная (10-16 мм) Polygal','product224.htm','Лента сплошная, марка: Polygal, ширина: 10-16 мм','','Лента',NULL,6.64,1,1,NULL,1,3,NULL,1478437455,1478437455),(225,'0237','сплошная 25 мм Polygal','product225.htm','Лента сплошная, марка: Polygal, ширина: 25 мм','','Лента',NULL,9.78,1,1,NULL,1,3,NULL,1478437455,1478437455),(226,'0238','перфорированная (4-8 мм) Polygal','product226.htm','Лента перфорированная, марка: Polygal, ширина: 4-8 мм','','Лента',NULL,9.14,1,1,NULL,1,3,NULL,1478437456,1478437456),(227,'0239','перфорированная (10-16 мм) Polygal','product227.htm','Лента перфорированная, марка: Polygal, ширина: 10-16 мм','','Лента',NULL,11.78,1,1,NULL,1,3,NULL,1478437456,1478437456),(228,'0240','перфорированная 25 мм Polygal','product228.htm','Лента перфорированная, марка: Polygal, ширина: 25 мм','','Лента',NULL,15.82,1,1,NULL,1,3,NULL,1478437456,1478437456),(229,'0241','пластиковая Polygal','product229.htm','Термошайба пластиковая, марка: Polygal, цвет: белый','','Шайба',NULL,3.00,1,1,NULL,1,3,NULL,1478437456,1478437456),(230,'0242','пластиковая Polygal','product230.htm','Шайба пластиковая, марка: Polygal, цвет: бронзовый','','Шайба',NULL,3.00,1,1,NULL,1,3,NULL,1478437456,1478437456),(231,'0243','пластиковая Polygal','product231.htm','Шайба пластиковая, марка: Polygal, цвет: синий','','Шайба',NULL,3.00,1,1,NULL,1,3,NULL,1478437457,1478437457),(232,'0244','пластиковая Polygal','product232.htm','Шайба пластиковая, марка: Polygal, цвет: зеленый','','Шайба',NULL,3.00,1,1,NULL,1,3,NULL,1478437457,1478437457),(233,'0245','резиновая Polygal','product233.htm','Шайба резиновая, марка: Polygal','','Шайба',NULL,2.00,1,1,NULL,1,3,NULL,1478437458,1478437458),(234,'0246','самоклеющийся М-06 Polygal','product234.htm','Уплотнитель самоклеющийся М-06, марка: Polygal','','Уплотнитель',NULL,8.67,1,1,NULL,1,3,NULL,1478437458,1478437458),(235,'0247','самоклеющийся BNT-05 Polygal','product235.htm','Уплотнитель самоклеющийся BNT-05, марка: Polygal','','Уплотнитель',NULL,5.56,1,1,NULL,1,3,NULL,1478437458,1478437458),(236,'000208','сотовый 16 мм Plastilux (прозрачный)','product236.htm','Поликарбонат сотовый, марка: Plastilux, толщина: 16 мм, цвет: прозрачный','<br>','Поликарбонат',NULL,157.94,1,1,NULL,2,2,NULL,1478437458,1478437458),(237,'000209','сотовый 16 мм Plastilux (бронзовый)','product237.htm','Поликарбонат сотовый, марка: Plastilux, толщина: 16 мм, цвет: бронзовый','<BR>','Поликарбонат',NULL,162.68,1,1,NULL,2,2,NULL,1478437459,1478437459),(238,'000210','сотовый 16 мм Plastilux (синий)','product238.htm','Поликарбонат сотовый, марка: Plastilux, толщина: 16 мм, цвет: синий','<br>','Поликарбонат',NULL,162.68,1,1,NULL,2,2,NULL,1478437459,1478437459),(239,'000211','сотовый 16 мм Plastilux (красный)','product239.htm','Поликарбонат сотовый, марка: Plastilux, толщина: 16 мм, цвет: (красный)','<br>','Поликарбонат',NULL,162.68,1,1,NULL,2,2,NULL,1478437459,1478437459),(240,'000212','сотовый 16 мм Plastilux ( зеленый)','product240.htm','Поликарбонат сотовый, марка: Plastilux, толщина: 16 мм, цвет: (зеленый)','<br>','Поликарбонат',NULL,162.68,1,1,NULL,2,2,NULL,1478437459,1478437459),(241,'000213','сотовый 16 мм Plastilux (Опал (молочный))','product241.htm','Поликарбонат сотовый, марка: Plastilux, толщина: 16 мм, цвет: (Опал (молочный))','<br>','Поликарбонат',NULL,162.68,1,1,NULL,2,2,NULL,1478437460,1478437460),(242,'000214','сотовый 16 мм Plastilux (бирюзовый)','product242.htm','Поликарбонат сотовый, марка: Plastilux, толщина: 16 мм, цвет: (бирюзовый)','<br>','Поликарбонат',NULL,162.68,1,1,NULL,2,2,NULL,1478437460,1478437460),(243,'01','НКТ-эко','product243.htm','Электрическая панель НКТ-эко применяется как в жилых, так и в не жилых помещениях. Тонкий и стильный работает на электреке. Экономный. Для наиболее эффективного использования панели и экономии электроэнергии рекомендуется использование температурного датчика, для оптимизации температурного режима в помещении.<a href=\"http://polikarbonatvs.com.ua/obogrevately/\">обогреватели</a>','<span class=\"Apple-style-span\" style=\"FONT-SIZE: medium; FONT-FAMILY: \'Times New Roman\'; LINE-HEIGHT: normal\">Экономный обогреватель для любого интерера. качественный, практичный и&nbsp;красивый. \r\n<div style=\"FONT-SIZE: 12px; FONT-FAMILY: Tahoma, Arial, Helvetica, sans-serif; VERTICAL-ALIGN: top; BORDER-COLLAPSE: collapse; POSITION: relative; COLOR: rgb(0,0,0); MARGIN-LEFT: 1px; MIN-HEIGHT: 100%; LINE-HEIGHT: 18px; BACKGROUND-COLOR: rgb(209,213,169); MARGIN-RIGHT: 1px; background-origin: initial; background-clip: initial; -webkit-border-horizontal-spacing: 0px; -webkit-border-vertical-spacing: 0px\">&nbsp;</div>\r\n<div style=\"FONT-SIZE: 12px; FONT-FAMILY: Tahoma, Arial, Helvetica, sans-serif; VERTICAL-ALIGN: top; BORDER-COLLAPSE: collapse; POSITION: relative; COLOR: rgb(0,0,0); MARGIN-LEFT: 1px; MIN-HEIGHT: 100%; LINE-HEIGHT: 18px; BACKGROUND-COLOR: rgb(209,213,169); MARGIN-RIGHT: 1px; background-origin: initial; background-clip: initial; -webkit-border-horizontal-spacing: 0px; -webkit-border-vertical-spacing: 0px\">При сложившейся ситуации с отоплением в Украине, да и, пожалуй, во всем мире, становится вопрос экономии. Поэтому во всех странах много внимания уделяется нано технологиям.&nbsp;</div>\r\n<div style=\"FONT-SIZE: 12px; FONT-FAMILY: Tahoma, Arial, Helvetica, sans-serif; VERTICAL-ALIGN: top; BORDER-COLLAPSE: collapse; POSITION: relative; COLOR: rgb(0,0,0); MARGIN-LEFT: 1px; MIN-HEIGHT: 100%; LINE-HEIGHT: 18px; BACKGROUND-COLOR: rgb(209,213,169); MARGIN-RIGHT: 1px; background-origin: initial; background-clip: initial; -webkit-border-horizontal-spacing: 0px; -webkit-border-vertical-spacing: 0px\">Настоящим прорывом в инновационных программах стала компания НКТ (Нано Комфорт Технолоджи). Изучив спрос и ценовую политику на энергоносители, компания пришла к выводу, что целесообразно изготовить <a title=\"Все о обогревателе\" href=\"/obogrevately/\" target=\"_self\">обогреватели</a> на электричестве с малым потреблением мощности и большой теплоотдачей. На базе одного из специализированных институтов, такой обогреватель был создан – это НКТ-эко.</div>\r\n<div style=\"FONT-SIZE: 12px; FONT-FAMILY: Tahoma, Arial, Helvetica, sans-serif; VERTICAL-ALIGN: top; BORDER-COLLAPSE: collapse; POSITION: relative; COLOR: rgb(0,0,0); MARGIN-LEFT: 1px; MIN-HEIGHT: 100%; LINE-HEIGHT: 18px; BACKGROUND-COLOR: rgb(209,213,169); MARGIN-RIGHT: 1px; background-origin: initial; background-clip: initial; -webkit-border-horizontal-spacing: 0px; -webkit-border-vertical-spacing: 0px\">Устройство представляет собой панель размерами 600х600х15 мм, передняя часть – керамическая плита, вложенная в стальной короб. Между ними находится нагревательный элемент; уникальность этого элемента состоит в том, что при малом потреблении электроэнергии элемент имеет &nbsp; большой коэффициент теплоотдачи. Нагревательная панель НКТ-эко выпускается в трех видах:</div>\r\n<div style=\"FONT-SIZE: 12px; FONT-FAMILY: Tahoma, Arial, Helvetica, sans-serif; VERTICAL-ALIGN: top; BORDER-COLLAPSE: collapse; POSITION: relative; COLOR: rgb(0,0,0); MARGIN-LEFT: 1px; MIN-HEIGHT: 100%; LINE-HEIGHT: 18px; BACKGROUND-COLOR: rgb(209,213,169); MARGIN-RIGHT: 1px; background-origin: initial; background-clip: initial; -webkit-border-horizontal-spacing: 0px; -webkit-border-vertical-spacing: 0px\">1.<span class=\"Apple-tab-span\" style=\"WHITE-SPACE: pre\"> </span>Для дополнительного обогрева помещения со шнуром 1,5 м и вилкой с креплением к стене.</div>\r\n<div style=\"FONT-SIZE: 12px; FONT-FAMILY: Tahoma, Arial, Helvetica, sans-serif; VERTICAL-ALIGN: top; BORDER-COLLAPSE: collapse; POSITION: relative; COLOR: rgb(0,0,0); MARGIN-LEFT: 1px; MIN-HEIGHT: 100%; LINE-HEIGHT: 18px; BACKGROUND-COLOR: rgb(209,213,169); MARGIN-RIGHT: 1px; background-origin: initial; background-clip: initial; -webkit-border-horizontal-spacing: 0px; -webkit-border-vertical-spacing: 0px\">2.<span class=\"Apple-tab-span\" style=\"WHITE-SPACE: pre\"> </span>Для дополнительного обогрева со шнуром 1,5 м, вилкой на передвижных ножках, для перемещения по комнате.</div>\r\n<div style=\"FONT-SIZE: 12px; FONT-FAMILY: Tahoma, Arial, Helvetica, sans-serif; VERTICAL-ALIGN: top; BORDER-COLLAPSE: collapse; POSITION: relative; COLOR: rgb(0,0,0); MARGIN-LEFT: 1px; MIN-HEIGHT: 100%; LINE-HEIGHT: 18px; BACKGROUND-COLOR: rgb(209,213,169); MARGIN-RIGHT: 1px; background-origin: initial; background-clip: initial; -webkit-border-horizontal-spacing: 0px; -webkit-border-vertical-spacing: 0px\">3.<span class=\"Apple-tab-span\" style=\"WHITE-SPACE: pre\"> </span>Для основного с клеткой коробкой сзади панели, подключен через дополнительное оборудование.</div>\r\n<div style=\"FONT-SIZE: 12px; FONT-FAMILY: Tahoma, Arial, Helvetica, sans-serif; VERTICAL-ALIGN: top; BORDER-COLLAPSE: collapse; POSITION: relative; COLOR: rgb(0,0,0); MARGIN-LEFT: 1px; MIN-HEIGHT: 100%; LINE-HEIGHT: 18px; BACKGROUND-COLOR: rgb(209,213,169); MARGIN-RIGHT: 1px; background-origin: initial; background-clip: initial; -webkit-border-horizontal-spacing: 0px; -webkit-border-vertical-spacing: 0px\">Основными преимуществами обогревательной панели являются:</div>\r\n<div style=\"FONT-SIZE: 12px; FONT-FAMILY: Tahoma, Arial, Helvetica, sans-serif; VERTICAL-ALIGN: top; BORDER-COLLAPSE: collapse; POSITION: relative; COLOR: rgb(0,0,0); MARGIN-LEFT: 1px; MIN-HEIGHT: 100%; LINE-HEIGHT: 18px; BACKGROUND-COLOR: rgb(209,213,169); MARGIN-RIGHT: 1px; background-origin: initial; background-clip: initial; -webkit-border-horizontal-spacing: 0px; -webkit-border-vertical-spacing: 0px\">- разнообразие цветовой гаммы;</div>\r\n<div style=\"FONT-SIZE: 12px; FONT-FAMILY: Tahoma, Arial, Helvetica, sans-serif; VERTICAL-ALIGN: top; BORDER-COLLAPSE: collapse; POSITION: relative; COLOR: rgb(0,0,0); MARGIN-LEFT: 1px; MIN-HEIGHT: 100%; LINE-HEIGHT: 18px; BACKGROUND-COLOR: rgb(209,213,169); MARGIN-RIGHT: 1px; background-origin: initial; background-clip: initial; -webkit-border-horizontal-spacing: 0px; -webkit-border-vertical-spacing: 0px\">- эстетический вид;</div>\r\n<div style=\"FONT-SIZE: 12px; FONT-FAMILY: Tahoma, Arial, Helvetica, sans-serif; VERTICAL-ALIGN: top; BORDER-COLLAPSE: collapse; POSITION: relative; COLOR: rgb(0,0,0); MARGIN-LEFT: 1px; MIN-HEIGHT: 100%; LINE-HEIGHT: 18px; BACKGROUND-COLOR: rgb(209,213,169); MARGIN-RIGHT: 1px; background-origin: initial; background-clip: initial; -webkit-border-horizontal-spacing: 0px; -webkit-border-vertical-spacing: 0px\">- легкость в использовании;</div>\r\n<div style=\"FONT-SIZE: 12px; FONT-FAMILY: Tahoma, Arial, Helvetica, sans-serif; VERTICAL-ALIGN: top; BORDER-COLLAPSE: collapse; POSITION: relative; COLOR: rgb(0,0,0); MARGIN-LEFT: 1px; MIN-HEIGHT: 100%; LINE-HEIGHT: 18px; BACKGROUND-COLOR: rgb(209,213,169); MARGIN-RIGHT: 1px; background-origin: initial; background-clip: initial; -webkit-border-horizontal-spacing: 0px; -webkit-border-vertical-spacing: 0px\">- быстрота в установке;</div>\r\n<div style=\"FONT-SIZE: 12px; FONT-FAMILY: Tahoma, Arial, Helvetica, sans-serif; VERTICAL-ALIGN: top; BORDER-COLLAPSE: collapse; POSITION: relative; COLOR: rgb(0,0,0); MARGIN-LEFT: 1px; MIN-HEIGHT: 100%; LINE-HEIGHT: 18px; BACKGROUND-COLOR: rgb(209,213,169); MARGIN-RIGHT: 1px; background-origin: initial; background-clip: initial; -webkit-border-horizontal-spacing: 0px; -webkit-border-vertical-spacing: 0px\">- минимальные энергозатраты;</div>\r\n<div style=\"FONT-SIZE: 12px; FONT-FAMILY: Tahoma, Arial, Helvetica, sans-serif; VERTICAL-ALIGN: top; BORDER-COLLAPSE: collapse; POSITION: relative; COLOR: rgb(0,0,0); MARGIN-LEFT: 1px; MIN-HEIGHT: 100%; LINE-HEIGHT: 18px; BACKGROUND-COLOR: rgb(209,213,169); MARGIN-RIGHT: 1px; background-origin: initial; background-clip: initial; -webkit-border-horizontal-spacing: 0px; -webkit-border-vertical-spacing: 0px\">- компактность;</div>\r\n<div style=\"FONT-SIZE: 12px; FONT-FAMILY: Tahoma, Arial, Helvetica, sans-serif; VERTICAL-ALIGN: top; BORDER-COLLAPSE: collapse; POSITION: relative; COLOR: rgb(0,0,0); MARGIN-LEFT: 1px; MIN-HEIGHT: 100%; LINE-HEIGHT: 18px; BACKGROUND-COLOR: rgb(209,213,169); MARGIN-RIGHT: 1px; background-origin: initial; background-clip: initial; -webkit-border-horizontal-spacing: 0px; -webkit-border-vertical-spacing: 0px\">- не сушит воздух;</div>\r\n<div style=\"FONT-SIZE: 12px; FONT-FAMILY: Tahoma, Arial, Helvetica, sans-serif; VERTICAL-ALIGN: top; BORDER-COLLAPSE: collapse; POSITION: relative; COLOR: rgb(0,0,0); MARGIN-LEFT: 1px; MIN-HEIGHT: 100%; LINE-HEIGHT: 18px; BACKGROUND-COLOR: rgb(209,213,169); MARGIN-RIGHT: 1px; background-origin: initial; background-clip: initial; -webkit-border-horizontal-spacing: 0px; -webkit-border-vertical-spacing: 0px\">- хорошая конвекция;</div>\r\n<div style=\"FONT-SIZE: 12px; FONT-FAMILY: Tahoma, Arial, Helvetica, sans-serif; VERTICAL-ALIGN: top; BORDER-COLLAPSE: collapse; POSITION: relative; COLOR: rgb(0,0,0); MARGIN-LEFT: 1px; MIN-HEIGHT: 100%; LINE-HEIGHT: 18px; BACKGROUND-COLOR: rgb(209,213,169); MARGIN-RIGHT: 1px; background-origin: initial; background-clip: initial; -webkit-border-horizontal-spacing: 0px; -webkit-border-vertical-spacing: 0px\">- двусторонний нагрев;</div>\r\n<div style=\"FONT-SIZE: 12px; FONT-FAMILY: Tahoma, Arial, Helvetica, sans-serif; VERTICAL-ALIGN: top; BORDER-COLLAPSE: collapse; POSITION: relative; COLOR: rgb(0,0,0); MARGIN-LEFT: 1px; MIN-HEIGHT: 100%; LINE-HEIGHT: 18px; BACKGROUND-COLOR: rgb(209,213,169); MARGIN-RIGHT: 1px; background-origin: initial; background-clip: initial; -webkit-border-horizontal-spacing: 0px; -webkit-border-vertical-spacing: 0px\">- сертифицирован;</div>\r\n<div style=\"FONT-SIZE: 12px; FONT-FAMILY: Tahoma, Arial, Helvetica, sans-serif; VERTICAL-ALIGN: top; BORDER-COLLAPSE: collapse; POSITION: relative; COLOR: rgb(0,0,0); MARGIN-LEFT: 1px; MIN-HEIGHT: 100%; LINE-HEIGHT: 18px; BACKGROUND-COLOR: rgb(209,213,169); MARGIN-RIGHT: 1px; background-origin: initial; background-clip: initial; -webkit-border-horizontal-spacing: 0px; -webkit-border-vertical-spacing: 0px\">- гарантия 7 лет.</div>\r\n<div style=\"FONT-SIZE: 12px; FONT-FAMILY: Tahoma, Arial, Helvetica, sans-serif; VERTICAL-ALIGN: top; BORDER-COLLAPSE: collapse; POSITION: relative; COLOR: rgb(0,0,0); MARGIN-LEFT: 1px; MIN-HEIGHT: 100%; LINE-HEIGHT: 18px; BACKGROUND-COLOR: rgb(209,213,169); MARGIN-RIGHT: 1px; background-origin: initial; background-clip: initial; -webkit-border-horizontal-spacing: 0px; -webkit-border-vertical-spacing: 0px\">Основные характеристики панели НКТ-эко:</div>\r\n<div style=\"FONT-SIZE: 12px; FONT-FAMILY: Tahoma, Arial, Helvetica, sans-serif; VERTICAL-ALIGN: top; BORDER-COLLAPSE: collapse; POSITION: relative; COLOR: rgb(0,0,0); MARGIN-LEFT: 1px; MIN-HEIGHT: 100%; LINE-HEIGHT: 18px; BACKGROUND-COLOR: rgb(209,213,169); MARGIN-RIGHT: 1px; background-origin: initial; background-clip: initial; -webkit-border-horizontal-spacing: 0px; -webkit-border-vertical-spacing: 0px\">Размер – 600х600х13 мм (размер меняется по желанию клиента)</div>\r\n<div style=\"FONT-SIZE: 12px; FONT-FAMILY: Tahoma, Arial, Helvetica, sans-serif; VERTICAL-ALIGN: top; BORDER-COLLAPSE: collapse; POSITION: relative; COLOR: rgb(0,0,0); MARGIN-LEFT: 1px; MIN-HEIGHT: 100%; LINE-HEIGHT: 18px; BACKGROUND-COLOR: rgb(209,213,169); MARGIN-RIGHT: 1px; background-origin: initial; background-clip: initial; -webkit-border-horizontal-spacing: 0px; -webkit-border-vertical-spacing: 0px\">Вес – 10 кг&nbsp;</div>\r\n<div style=\"FONT-SIZE: 12px; FONT-FAMILY: Tahoma, Arial, Helvetica, sans-serif; VERTICAL-ALIGN: top; BORDER-COLLAPSE: collapse; POSITION: relative; COLOR: rgb(0,0,0); MARGIN-LEFT: 1px; MIN-HEIGHT: 100%; LINE-HEIGHT: 18px; BACKGROUND-COLOR: rgb(209,213,169); MARGIN-RIGHT: 1px; background-origin: initial; background-clip: initial; -webkit-border-horizontal-spacing: 0px; -webkit-border-vertical-spacing: 0px\">Цвет – основной белый, черный (по желанию клиента цвет может быть изменен)</div>\r\n<div style=\"FONT-SIZE: 12px; FONT-FAMILY: Tahoma, Arial, Helvetica, sans-serif; VERTICAL-ALIGN: top; BORDER-COLLAPSE: collapse; POSITION: relative; COLOR: rgb(0,0,0); MARGIN-LEFT: 1px; MIN-HEIGHT: 100%; LINE-HEIGHT: 18px; BACKGROUND-COLOR: rgb(209,213,169); MARGIN-RIGHT: 1px; background-origin: initial; background-clip: initial; -webkit-border-horizontal-spacing: 0px; -webkit-border-vertical-spacing: 0px\">Мощность – пиковая&nbsp;350 Вт</div>\r\n<div style=\"FONT-SIZE: 12px; FONT-FAMILY: Tahoma, Arial, Helvetica, sans-serif; VERTICAL-ALIGN: top; BORDER-COLLAPSE: collapse; POSITION: relative; COLOR: rgb(0,0,0); MARGIN-LEFT: 1px; MIN-HEIGHT: 100%; LINE-HEIGHT: 18px; BACKGROUND-COLOR: rgb(209,213,169); MARGIN-RIGHT: 1px; background-origin: initial; background-clip: initial; -webkit-border-horizontal-spacing: 0px; -webkit-border-vertical-spacing: 0px\">Напряжение – 220-250 V, 50-60 Гц</div>\r\n<div style=\"FONT-SIZE: 12px; FONT-FAMILY: Tahoma, Arial, Helvetica, sans-serif; VERTICAL-ALIGN: top; BORDER-COLLAPSE: collapse; POSITION: relative; COLOR: rgb(0,0,0); MARGIN-LEFT: 1px; MIN-HEIGHT: 100%; LINE-HEIGHT: 18px; BACKGROUND-COLOR: rgb(209,213,169); MARGIN-RIGHT: 1px; background-origin: initial; background-clip: initial; -webkit-border-horizontal-spacing: 0px; -webkit-border-vertical-spacing: 0px\">Рабочая температура - 80&#186;С</div>\r\n<div style=\"FONT-SIZE: 12px; FONT-FAMILY: Tahoma, Arial, Helvetica, sans-serif; VERTICAL-ALIGN: top; BORDER-COLLAPSE: collapse; POSITION: relative; COLOR: rgb(0,0,0); MARGIN-LEFT: 1px; MIN-HEIGHT: 100%; LINE-HEIGHT: 18px; BACKGROUND-COLOR: rgb(209,213,169); MARGIN-RIGHT: 1px; background-origin: initial; background-clip: initial; -webkit-border-horizontal-spacing: 0px; -webkit-border-vertical-spacing: 0px\">Отапливаемая площадь – 6-9 м2</div>\r\n<div style=\"FONT-SIZE: 12px; FONT-FAMILY: Tahoma, Arial, Helvetica, sans-serif; VERTICAL-ALIGN: top; BORDER-COLLAPSE: collapse; POSITION: relative; COLOR: rgb(0,0,0); MARGIN-LEFT: 1px; MIN-HEIGHT: 100%; LINE-HEIGHT: 18px; BACKGROUND-COLOR: rgb(209,213,169); MARGIN-RIGHT: 1px; background-origin: initial; background-clip: initial; -webkit-border-horizontal-spacing: 0px; -webkit-border-vertical-spacing: 0px\">Электрическая панель НКТ-эко применяется как в жилых, так и в не жилых помещениях. Для наиболее эффективного использования панели и экономии электроэнергии рекомендуется использование температурного датчика, для оптимизации температурного режима в помещении.</div></span>','Обогреватель НКТ (белый, черный, синий) керамический',NULL,1400.00,1,1,NULL,1,4,NULL,1478437460,1478437460),(244,'250','Подоконники Данке в Киеве , купить подоконник danke, цена на премиум Данке снижена','product244.htm','Эксклюзивность подоконника декора позволит вам использовать подоконник Данке так же и в качестве элемента дизайна. А его внешний вид подоконников удовлетворит вкус самого изысканного интерьера. Благодаря своим уникальным характеристикам подоконники Данке успешно используется в качестве рабочих поверхностей кухонь.','<p align=\"left\"><span style=\"COLOR: ; TEXT-DECORATION: \">\"ДОСТАВКА ПО КИЕВУ УКРАИНЕ\" +38 (044) 223-33-80</span><br>Подрезка под Ваш размер!<br><span style=\"font-weight: bold;\">Бесплатная доставка</span> по Киеву! Оплата при получении.&nbsp;<br>Индивидуальные <span style=\"font-weight: bold;\">скидки</span> для каждого заказчика!</p>\r\n<p align=\"center\"><span style=\"FONT-WEIGHT: bold; COLOR: ; TEXT-DECORATION: \">Стоимость подоконников Danke Premium:</span></p><p align=\"center\"><img src=\"/ufiles/Image/danke2906.png\" alt=\"\" align=\"\" border=\"0px\"></p><p align=\"center\"><span style=\"font-weight: bold;\">Стоимость подоконников Danke Standart:</span></p><p align=\"center\"><img src=\"/ufiles/Image/dankestd2906.png\" alt=\"\" align=\"\" border=\"0px\"></p>\r\n<p align=\"justify\"><span style=\"COLOR: ; TEXT-DECORATION: \">C примерами фотографий можете <span style=\"FONT-WEIGHT: bold\">ознакомится </span></span><span style=\"COLOR: ; TEXT-DECORATION: \"><span style=\"FONT-WEIGHT: bold\">внизу страницы</span>.<br>Возникли вопросы - мы рады Вам помочь, звоните!</span>&nbsp;</p>\r\n<h2><span style=\"COLOR: ; TEXT-DECORATION: \">Какими качествами и характеристиками обладают подоконники Данке</span></h2>\r\n<p align=\"justify\"><span style=\"COLOR: ; TEXT-DECORATION: \"><span style=\"FONT-WEIGHT: bold; COLOR: ; TEXT-DECORATION: \">Подоконники&nbsp;DANKE</span>&nbsp;- современные качественные экологически чистые подоконники, изготовленные на ПВХ - основе, покрытые специальной глянцевой ламинированной плёнкой производства Германии различных расцветок, имитирующим популярные ныне мрамор и дорогие породы дерева. При этом подоконники Данке значительно доступнее за счет их небольшой стоимости. В основе подоконника уникальная внутренняя система ребер жесткости, делающая подоконники прочными, а форма капиноса - наиболее популярная среди мраморных подоконников.<br><br><span style=\"COLOR: ; TEXT-DECORATION: \">Подоконники Данке</span>&nbsp;являются устойчивыми к царапинам и влаге. Идеальная глянцевая поверхность подоконников ТМ \"Данке\" упрощает его очистку от пыли без применения специальных чистящих средств. Разнообразие цветовой гаммы подоконников \"Данке\" позволяет универсально их использовать - дома, в офисе, на даче, в производственных и иных помещениях.</span></p>\r\n<p align=\"justify\"><span style=\"COLOR: ; TEXT-DECORATION: \">Благодаря своим уникальным характеристикам&nbsp;<span style=\"COLOR: ; TEXT-DECORATION: \"><span style=\"COLOR: ; TEXT-DECORATION: \">подоконник Данке</span>&nbsp;</span>успешно используется в качестве рабочих поверхностей кухонь.&nbsp;<span style=\"COLOR: ; TEXT-DECORATION: \"><span style=\"COLOR: ; TEXT-DECORATION: \">Подоконники</span>&nbsp;</span>имеет оригинальную запатентованную конструкцию, разработанную специалистами из Германии. Безупречное&nbsp;качество подоконникаобеспечивается использованием европейского сырья, немецкого оборудования и уникального ламината высочайшего качества.</span></p>\r\n<p align=\"justify\"><span style=\"COLOR: ; TEXT-DECORATION: \">С некоторых пор мы все больше и больше стали уделять внимания нашему интерьеру. Благодаря новым технологиям, появилось много новых материалов, которые успешно используются в оформлении. К ним , конечно же, относятся и подоконники. Подоконник давно перестал быть просто подоконником, а стал неотъемлемой частью интерьера. Есть такие, которые выполнены из натуральных материалов, а есть и пластиковые подоконники . </span></p>\r\n<p align=\"justify\"><span style=\"COLOR: ; TEXT-DECORATION: \">Наша компания <span style=\"COLOR: ; TEXT-DECORATION: \">«Алион-групп»&nbsp;</span> предлагает&nbsp; Вашему&nbsp; вниманию подоконники Данке . Они пользуются огромной популярностью совершенно неслучайно. Благодаря совместным разработкам лучших украинских и немецких специалистов, было предложено новое уникальное покрытие для подоконников DANKE, которое обладает целым рядом преимуществ.&nbsp; В отличие от деревянных , наши подоконники совершенно не боятся сырости и влажности, что делает паро-и влагостойкими. Глянцевая гладкая поверхность очень проста в уходе и не требует каких-либо специальных моющих средств, в отличие от шероховатых поверхностей, в поры которых часто забивается пыль. <br><br><span style=\"COLOR: ; TEXT-DECORATION: \">Наши качественные подоконники для окон обезопасят Вас от всех бытовых проблем</span></span></p>\r\n<p align=\"justify\"><span style=\"COLOR: ; TEXT-DECORATION: \">А если вдруг Вы разлили кофе или вино, можете не волноваться, что на поверхности останутся какие-либо следы. Также поверхность подоконника имеет высокую устойчивость к царапинам. То есть Вы можете без опасения ставить на него горшки с цветами или предметы интерьера.&nbsp; При контакте с горячей посудой ламинированная поверхность абсолютно&nbsp; не пострадает , что говорит об отличной термостойкости подоконника ПВХ. И даже случайно упавший горячий пепел не оставит никакого следа на его поверхности. В составе акрилового покрытия абсолютно отсутствуют&nbsp; вредные вещества, которые имеются в составе аналогичных пластиковых подоконников. Поэтому мы смело можем сказать об&nbsp; экологичности качественного импортного&nbsp; сырья, из которого производятся предлагаемые нами подоконники.</span></p>\r\n<h2><span style=\"COLOR: ; TEXT-DECORATION: \">Пластиковый или ПВХ подоконник - что выбрать?</span></h2>\r\n<p align=\"justify\"><span style=\"COLOR: ; TEXT-DECORATION: \">Хотя эти подоконники сделаны из пвх, или пластиковые подоконники, но этот подоконник пластиковый по прочности и качеству не уступает подоконнику из камня, подоконнику из мрамора или подоконнику из гранита. Приэтом цена на подоконник несравнимо ниже. Внешний вид продукта сравним с внешним видом деревянных подоконников или подоконников из искуственного камня. Хотя это не гранитные изделия, но даже подоконники werzalit не превосходят по внешнему виду наш продукт, а по цене в Киеве вы дешевле не найдете. </span></p>\r\n<p align=\"justify\"><span style=\"COLOR: ; TEXT-DECORATION: \">Наша компания производит порезку подоконников по размерам Заказчика и доставку по Киеву <span style=\"COLOR: ; TEXT-DECORATION: \">БЕСПЛАТНО</span>!</span></p>\r\n<h1><span style=\"COLOR: ; TEXT-DECORATION: \">Подоконики фотогалерея</span></h1>\r\n<p>\r\n<table cellspacing=\"4\" cellpadding=\"4\" width=\"100\" border=\"0\">\r\n<tbody>\r\n<tr>\r\n<td valign=\"middle\" align=\"center\">\r\n<div class=\"gallery\"><a href=\"http://polikarbonatvs.com.ua/constructions/krovlya/gallery-translucent/?action=show&amp;category=14&amp;id=169#img\"><span style=\"COLOR: ; TEXT-DECORATION: \"><img alt=\"Подоконик белый\" src=\"http://polikarbonatvs.com.ua/ufiles/gallery/site_rus/podokoniki-galleries/1-small.jpg\"></span></a></div><span style=\"COLOR: ; TEXT-DECORATION: \"><a href=\"http://polikarbonatvs.com.ua/constructions/krovlya/gallery-translucent/?action=show&amp;category=14&amp;id=169#img\">Подоконник Standart белый</a>&nbsp;</span><span style=\"COLOR: ; TEXT-DECORATION: \"></span></td>\r\n<td valign=\"middle\" width=\"33%\" align=\"center\">\r\n<div class=\"gallery\"><a href=\"http://polikarbonatvs.com.ua/constructions/krovlya/gallery-translucent/?action=show&amp;category=14&amp;id=170#img\"><span style=\"COLOR: ; TEXT-DECORATION: \"><img alt=\"Подоконик розовый\" src=\"http://polikarbonatvs.com.ua/ufiles/gallery/site_rus/podokoniki-galleries/2-small.jpg\"></span></a></div><span style=\"COLOR: ; TEXT-DECORATION: \">Подоконник белый глянец</span></td>\r\n<td valign=\"middle\" width=\"33%\" align=\"center\">\r\n<div class=\"gallery\"><a href=\"http://polikarbonatvs.com.ua/constructions/krovlya/gallery-translucent/?action=show&amp;category=14&amp;id=172#img\"><span style=\"COLOR: ; TEXT-DECORATION: \"><img alt=\"Подоконик бежевый структурный\" src=\"http://polikarbonatvs.com.ua/ufiles/gallery/site_rus/podokoniki-galleries/3-small.jpg\"></span></a></div><a href=\"http://polikarbonatvs.com.ua/constructions/krovlya/gallery-translucent/?action=show&amp;category=14&amp;id=172#img\"><span style=\"COLOR: ; TEXT-DECORATION: \">Подоконник Creme de Turque</span></a><span style=\"COLOR: ; TEXT-DECORATION: \"></span></td></tr>\r\n<tr>\r\n<td valign=\"middle\" width=\"33%\" align=\"center\">\r\n<div class=\"gallery\"><a href=\"http://polikarbonatvs.com.ua/constructions/krovlya/gallery-translucent/?action=show&amp;category=14&amp;id=173#img\"><span style=\"COLOR: ; TEXT-DECORATION: \"><img alt=\"Подоконик цвета белого мрамора\" src=\"http://polikarbonatvs.com.ua/ufiles/gallery/site_rus/podokoniki-galleries/4-small.jpg\"></span></a></div><span style=\"COLOR: ; TEXT-DECORATION: \"><a href=\"http://polikarbonatvs.com.ua/constructions/krovlya/gallery-translucent/?action=show&amp;category=14&amp;id=173#img\">Подоконник Marmor Classico</a></span><span style=\"COLOR: ; TEXT-DECORATION: \"></span></td>\r\n<td valign=\"middle\" width=\"33%\" align=\"center\">\r\n<div class=\"gallery\"><a href=\"http://polikarbonatvs.com.ua/constructions/krovlya/gallery-translucent/?action=show&amp;category=14&amp;id=174#img\"><span style=\"COLOR: ; TEXT-DECORATION: \"><img alt=\"Подоконик пластиковый, (цвет под темно-красное дерево))\" src=\"http://polikarbonatvs.com.ua/ufiles/gallery/site_rus/podokoniki-galleries/5-small.jpg\"></span></a></div><a href=\"http://polikarbonatvs.com.ua/constructions/krovlya/gallery-translucent/?action=show&amp;category=14&amp;id=174#img\"><span style=\"COLOR: ; TEXT-DECORATION: \">Подоконник Mahagony(красное дерево)</span></a><span style=\"COLOR: ; TEXT-DECORATION: \"></span></td>\r\n<td valign=\"middle\" width=\"33%\" align=\"center\">\r\n<div class=\"gallery\"><a href=\"http://polikarbonatvs.com.ua/constructions/krovlya/gallery-translucent/?action=show&amp;category=14&amp;id=175#img\"><span style=\"COLOR: ; TEXT-DECORATION: \"><img alt=\"Подоконик пластиковый, под цвет светлой ольхи\" src=\"http://polikarbonatvs.com.ua/ufiles/gallery/site_rus/podokoniki-galleries/6-small.jpg\"></span></a></div><span style=\"COLOR: ; TEXT-DECORATION: \"><a href=\"http://polikarbonatvs.com.ua/constructions/krovlya/gallery-translucent/?action=show&amp;category=14&amp;id=175#img\">Подоконник Lalbero Classico(светлый дуб)</a><br></span><span style=\"COLOR: ; TEXT-DECORATION: \"></span></td></tr>\r\n<tr>\r\n<td valign=\"middle\" width=\"33%\" align=\"center\">\r\n<div class=\"gallery\"></div></td></tr></tbody></table></p><div class=\"gallery\"><a href=\"http://polikarbonatvs.com.ua/constructions/krovlya/gallery-translucent/?action=show&amp;category=14&amp;id=180#img\"><img alt=\"Подоконик пластиковый, бежевый мрамор\" src=\"http://polikarbonatvs.com.ua/ufiles/gallery/site_rus/podokoniki-galleries/onyx_big-small.jpg\"></a><a href=\"http://polikarbonatvs.com.ua/constructions/krovlya/gallery-translucent/?action=show&amp;category=14&amp;id=177#img\" style=\"text-align: -webkit-center;\"><img alt=\"Подоконик темно-коричневый (под темное дерево)\" src=\"http://polikarbonatvs.com.ua/ufiles/gallery/site_rus/podokoniki-galleries/8-small.jpg\"></a></div><span style=\"text-align: -webkit-center;\">&nbsp;<a href=\"http://polikarbonatvs.com.ua/constructions/krovlya/gallery-translucent/?action=show&amp;category=14&amp;id=177#img\" style=\"text-align: -webkit-center;\">Подоконник Onyx(Розовый оникс)</a>&nbsp; &nbsp; &nbsp; &nbsp;&nbsp;</span><a href=\"http://polikarbonatvs.com.ua/constructions/krovlya/gallery-translucent/?action=show&amp;category=14&amp;id=180#img\" style=\"text-align: -webkit-center;\">Подоконник Wenge (Венге)</a><table cellspacing=\"4\" cellpadding=\"4\" width=\"100\" border=\"0\"><tbody><tr><td valign=\"middle\" width=\"33%\" align=\"center\"><a href=\"http://polikarbonatvs.com.ua/constructions/krovlya/gallery-translucent/?action=show&amp;category=14&amp;id=180#img\"><br></a><span style=\"COLOR: ; TEXT-DECORATION: \"></span></td>\r\n</tr></tbody></table><table cellspacing=\"4\" cellpadding=\"4\" width=\"100\" border=\"0\"><tbody><tr><td valign=\"middle\" width=\"33%\" align=\"center\"><br></td><td valign=\"middle\" width=\"33%\" align=\"center\"><br></td></tr></tbody></table><br><table cellspacing=\"4\" cellpadding=\"4\" width=\"100\" border=\"0\"><tbody><tr><td valign=\"middle\" width=\"33%\" align=\"center\">\r\n<div class=\"gallery\"></div><span style=\"COLOR: ; TEXT-DECORATION: \"></span></td></tr>\r\n<tr>\r\n<td valign=\"middle\" width=\"33%\" align=\"center\">\r\n<div class=\"gallery\"><br></div><span style=\"COLOR: ; TEXT-DECORATION: \"></span></td>\r\n<td valign=\"middle\" width=\"33%\" align=\"center\">\r\n<div class=\"gallery\"></div></td></tr></tbody></table>\r\n<h2><span style=\"COLOR: ; TEXT-DECORATION: \">Преимущества подоконников Данке в Киеве</span></h2>\r\n<p align=\"justify\" style=\"text-align: left;\"><span style=\"COLOR: ; TEXT-DECORATION: \">Наличие ребер жесткости - это одна из особенностей запатентованной оригинальной конструкции. Ведь именно благодаря таким ребрам, в случае необходимости вымыть окна или повесить шторы, на поверхность подоконника можно смело становится , не опасаясь каких-либо повреждений . Прочность- одно из главных&nbsp; качеств подоконников Данке. Ну и конечно же, нельзя не сказать о широкой цветовой гамме ,которая максимально приближена к цветовой гамме натуральных материалов.&nbsp; Вы можете выбрать обычный белый подоконник или имитирующий дорогой мрамор, но при этом не переплачивая. Выбор цветов сможет удовлетворить любой, самый изысканный вкус. </span></p>\r\n<p align=\"justify\"><span style=\"COLOR: ; TEXT-DECORATION: \">Вы можете использовать подоконники как в жилых, так и в производственных помещениях. Сами подоконники производятся на высокотехнологичном немецком оборудовании и проходят строгий контроль качества на всех этапах производства. Подоконники от производителя имеют гарантию 10 лет. В случае необходимости, после составления акта, оплачиваются восстановительные работы, хотя на сегодняшний день таких случаев еще не было.</span></p>\r\n<h2><span style=\"COLOR: ; TEXT-DECORATION: \">Где купить подоконник Danke в Киеве и какие цены?</span></h2>\r\n<p align=\"justify\"><span style=\"COLOR: ; TEXT-DECORATION: \">Ну и теперь о том, где можно купить подоконники Данке в Киеве. Наша компания «Алион-групп» уже несколько лет является прямым поставщиков данной продукции. Цены на подоконники –самые низкие в Украине.&nbsp; Сейчас стоит опасаться подделок и продукции без сертификатов, которая просто наводнила строительный рынок. Нерадивые продавцы пытаются привлечь покупателей низкими ценами и в итоге предлагают некачественный продукт, который не имеет никаких гарантий. <br><br><span style=\"COLOR: ; TEXT-DECORATION: \">Что Вы выигрываете заказывая подоконники от нашей компании?</span><br><br><span style=\"COLOR: ; TEXT-DECORATION: \">Такая «экономия» может привести в будущем к дополнительным финансовым затратам. Мы&nbsp; предлагаем подоконники со склада в Киеве . Наши контакты Вы можете найти на сайте компании. Мы всегда будем рады помочь Вам.</span></span></p>','',NULL,100.00,1,1,NULL,1,4,NULL,1478437461,1478437461),(245,'251','Откосы пластиковые','product245.htm','Естественно, при установке красивого окна, оконные откосы должны выглядеть так же красиво и, как принято говорить, дополнять вид окна. При дальнейшей эксплуатации поверхность откосов не должна терять свой первоначальный вид, т.е. не должна трескаться, отслаиваться, менять свой цвет, царапаться, промокать.','<P align=justify><SPAN style=\"FONT-WEIGHT: bold\">Пластиковые откосы ПВХ</SPAN> отличается от гипсокартона прежде всего своим внешним видом, т.е. красивой ровной и гладкой поверхностью. Они как одно целое с пластиковыми оконными ПВХ-профилями! <SPAN style=\"FONT-WEIGHT: bold\">Пластики ПВХ</SPAN> характеризуются отличной влагостойкостью, пароизоляцией, химической стойкостью, а вспененные пластики дополнительно обладают хорошей теплоизоляцией. Это во многих случаях сразу решает проблему появления конденсата на откосах! Для большинства белых листовых пластиков ПВХ характерна хорошая стойкость к ультрафиолету. <SPAN style=\"FONT-WEIGHT: bold\">Откосы пластиковые ПВХ </SPAN>решат Вашу проблему.</P><SPAN class=bl1>• Предлагаем откосы пластиковые купить в Киеве недорого.<BR>• Пластиковые откосы цена ПВХ продажа по тел: (044) 223-33-80, (067) 410-410-0<BR></SPAN>','',NULL,43.60,1,1,NULL,1,4,NULL,1478437462,1478437462),(246,'252','Отливы пластиковые','product246.htm','Отливы пвх бесшумны, надежны в условиях перепадов температур и устойчивы к загрязнению. Пластиковые отливы устойчивы к воздействию ультрафиолетового излучения и агрессивных сред, не подвержены коррозии.','<H3>Защита для окон&nbsp;- отливы ПВХ пластиковые!</H3>\r\n<P align=justify><SPAN class=apple-style-span><SPAN style=\"LINE-HEIGHT: 115%; FONT-FAMILY: Tahoma; COLOR: #3e3f3f; FONT-SIZE: 8.5pt; mso-fareast-font-family: Calibri; mso-ansi-language: RU; mso-fareast-language: EN-US; mso-bidi-language: AR-SA\" lang=RU>Если Вы установили пластиковые окна, то <SPAN style=\"FONT-WEIGHT: bold\">пластиковые отливы</SPAN> – оптимальное решение проблемы гидроизоляции внешнего монтажного зазора между окном и стеной. А единство используемого материала придаст оконному проему завершенный вид. <SPAN style=\"FONT-WEIGHT: bold\">Отливы ПВХ</SPAN> устойчевы к перепадам температур. </SPAN></SPAN></P><SPAN class=bl1>Продажа: пластиковые отливы купить&nbsp;для окон можно качественные по доступной цене в Киеве.<BR>Купить отливы ПВХ по тел: (044) 223-33-80, (067) 410-410-0</SPAN>','',NULL,16.80,1,1,NULL,1,4,NULL,1478437462,1478437462),(247,'255','обогреватель \"Малыш\"','product247.htm','Обогреватели для детских комнат, надежные практичные и безопасные','<P>К вниманию родителей, которые действительно беспокоятся о своих детях.</P>\r\n<P>Не всегда температура в детской комнате доходит до желаемой точки на термометре.<BR>Существует несколько способов спасти Вашего ребенка от замерзания.<BR>&nbsp;&nbsp;&nbsp;&nbsp;&nbsp;&nbsp;&nbsp;&nbsp;&nbsp;&nbsp; <BR>1. Одеть потеплее<BR>2.Включить электронагревательный прибор&nbsp;&nbsp;&nbsp;&nbsp;&nbsp;&nbsp;&nbsp;&nbsp;&nbsp;&nbsp;&nbsp;&nbsp;&nbsp;&nbsp;&nbsp;&nbsp;&nbsp;&nbsp;&nbsp;&nbsp;&nbsp;&nbsp;&nbsp;&nbsp;&nbsp;&nbsp;&nbsp;&nbsp;&nbsp;&nbsp;&nbsp;&nbsp;&nbsp;&nbsp;&nbsp;&nbsp;&nbsp;&nbsp;&nbsp;&nbsp; <BR>3.Переехать в более теплый дом или квартиру, а то и страну.</P>\r\n<P><SPAN style=\"FONT-WEIGHT: bold\">Давайте подумаем вместе.</SPAN></P>\r\n<P>Наверняка третий способ многие из нас не будут рассматривать по многим причинам.<BR>Второй способ,мы уверены ,больше подходит для многих нашх граждан.<BR>Что касается первого-ну не знаем, на наш взгляд это не выход.<BR>Поэтому самый оптимальный выход-воспользоваться&nbsp;дополнительными обогревающими устройствами.<BR>Что мы знаем про эти самые обогревательные устройства?<BR>Как выглядят?<BR>И наконец, как они работают и безопасны ли для ребенка?</P>\r\n<P><SPAN style=\"FONT-WEIGHT: bold\">Итак, идем в магазин за обогревателем.</SPAN></P>\r\n<P>Первое, что бросается в глаза-так называемый \"ветродув\".<BR>А что-дешево, компактно, наверняка, каждого из нас не раз спасала.<BR>Идем дальше.<BR>Видим огромный выбор обогревателей конвекторного типа, или, как их называют,\"конвекторы\".<BR>Старый добрый конвектор... Ну кто из нас не прочуствовал на себе его неравную борьбу с холодом,<BR>где он, почти всегда, выходил победителем?<BR>Давайте пойдем дальше.<BR>О, масляные обогреватели! Наверняка, у многих они были.<BR>А вон стоят инфракрасные! Ну это те, в которых такая оранжевая то ли лампа,то ли трубка в середине.<BR>Ну все. Просмотрели все, что было на витрине. Остается решить&nbsp;вопрос, что выбрать?<BR>Наверняка многие из нас уже сделали свой выбор.<BR>&nbsp;&nbsp;&nbsp;&nbsp;&nbsp;&nbsp;&nbsp;&nbsp;&nbsp;&nbsp;&nbsp;&nbsp;&nbsp;&nbsp;&nbsp;&nbsp;&nbsp;&nbsp;&nbsp;&nbsp;&nbsp;&nbsp;&nbsp;&nbsp;&nbsp;&nbsp;&nbsp;&nbsp;&nbsp;&nbsp;&nbsp;&nbsp;&nbsp;&nbsp;&nbsp;&nbsp;&nbsp;&nbsp;&nbsp;&nbsp;&nbsp;&nbsp;&nbsp;&nbsp;&nbsp;&nbsp;&nbsp;&nbsp;&nbsp;&nbsp;&nbsp;&nbsp;&nbsp;&nbsp;&nbsp;&nbsp;&nbsp;&nbsp;&nbsp;&nbsp;&nbsp;&nbsp;&nbsp;&nbsp;&nbsp;&nbsp;&nbsp;&nbsp;&nbsp;&nbsp;&nbsp;&nbsp;&nbsp;&nbsp;&nbsp;&nbsp;&nbsp;&nbsp;&nbsp;&nbsp;&nbsp;&nbsp;&nbsp;&nbsp;&nbsp;&nbsp;&nbsp;&nbsp;&nbsp;&nbsp;&nbsp;&nbsp;&nbsp;&nbsp;&nbsp;&nbsp;&nbsp;&nbsp;&nbsp;&nbsp;&nbsp;&nbsp;&nbsp;&nbsp;&nbsp;&nbsp;&nbsp;&nbsp;&nbsp;&nbsp;&nbsp; <BR>СТОП! НЕ СПЕШИТЕ!<BR>А КАК ОНИ ВОЗДЕЙСТВУЮТ НА ЧЕЛОВЕКА, А ОСОБЕННО НА РЕБЕНКА?</P>\r\n<P>- <SPAN style=\"FONT-WEIGHT: bold\">обогреватель \"ветродув\"</SPAN> обогревает только 2-3 квадратных метра,<BR>при этом сжигает почти весь кислород в комнате и насыщает ее углекислым газом,<BR>к тому же горит пыль, шерсть животных и даже ваши волосы,<BR>наполняя комнату очень неприятным запахом.<BR>При этом он еще гудит, поднимает пыль и опасен для малышей,<BR>которые любят все изучать<BR>(высокая опасность ожога при дотрагивании к спирали, которая нагревается до 120 градусов).</P>\r\n<P>- <SPAN style=\"FONT-WEIGHT: bold\">обогреватель \"конвектор\"</SPAN> быстро наполняет комнату теплым воздухом,<BR>но он тоже сжигает практически весь кислород в комнате.<BR>Если вы не знаете, то при использовании такого обогревателя,<BR>необходимо проветривать комнату каждые 7 часов.<BR>И из-за насыщения углекислым газом, часто возникают&nbsp;головные боли.</P>\r\n<P>- <SPAN style=\"FONT-WEIGHT: bold\">масляный обогреватель</SPAN>. Начнем с принципа работы такого обогревателя.<BR>ТЕН&nbsp; нагревает масло, которое находится в середине обогревателя,<BR>а разогретое масло&nbsp; нагревает стенки устройства иногда до 110-130 градусов.<BR>Тепло распространяется повсюду более-менее равномерно, что в принципе, неплохо.<BR>НО. Во-первых, высокая температура прибора, во-вторых, если прибор упадет,<BR>тен сгорит, что бывает нередко.,<BR>а в третьих, существует опастность взрыва, что может произойти, <BR>если нарушиться герметичность и разогретое масло начнет вытекать наружу.</P>\r\n<P>- <SPAN style=\"FONT-WEIGHT: bold\">инфракрасные обогреватели открытого типа.<BR></SPAN>Давайте сразу отбросим все преимущества и недостатки и скажем,<BR>что во многих странах Европы эти обогреватели запрещены для использования в жилых помещениях.</P>\r\n<P>И напоследок!<BR>Все вышеупоянутые <A title=Обогреватели href=\"/obogrevately/\" target=_self>обогреватели</A> за час роботы потребляют от 1.3 до 3 кВт в час.<BR>То есть за сутки работы только одного обогревателя вы заплатите от 12 до 23 грн.<BR>Не сложно посчитать, во сколько обойдется пользование одним обогревателем<BR>за месяц и за отопительный сезон в целом.</P>\r\n<P>У вас возникает совершенно ествественный вопрос<BR>- для чего мы столько вам рассказали и что хотим предложить!?<BR>Мы разработали <A title=Обогреватель href=\"/obogrevately/\" target=_self>обогреватель</A>, который потребляет всего 350Вт<BR>и способоен обогреть до 8 м2.<BR>Это <SPAN style=\"FONT-WEIGHT: bold\">керамическая инфракрасная нагревательная панель закрытого типа. </SPAN>Ее преимущества:</P>\r\n<P>- не сушит и не сжигает кислород&nbsp;&nbsp;&nbsp; <BR>- бесшумная работа<BR>- не поднимает пыль <BR>- мягкий тепловой поток&nbsp;&nbsp;&nbsp;&nbsp;&nbsp;&nbsp;&nbsp;&nbsp;&nbsp;&nbsp;&nbsp;&nbsp;&nbsp;&nbsp;&nbsp;&nbsp;&nbsp;&nbsp;&nbsp;&nbsp;&nbsp;&nbsp;&nbsp;&nbsp;&nbsp;&nbsp;&nbsp;&nbsp;&nbsp;&nbsp;&nbsp;&nbsp;&nbsp;&nbsp;&nbsp;&nbsp;&nbsp;&nbsp;&nbsp;&nbsp;&nbsp;&nbsp;&nbsp;&nbsp;&nbsp;&nbsp;&nbsp;&nbsp;&nbsp;&nbsp;&nbsp;&nbsp;&nbsp;&nbsp; <BR>- высокий уровень безопасности<BR>- маленькое энергопотребление<BR>- стильный дизайн&nbsp;&nbsp;&nbsp;&nbsp;&nbsp; <BR>- простота при монтаже<BR>- размеры 600-600-13 мм<BR>- данное устройство может применяться как для основного,<BR>&nbsp;так и для дополнительного отопления.</P>\r\n<P>Серия обогревателей, которая разработана для детских комнат,<BR>полностью способна обеспечить комфортную температуеу для вашего малыша.<BR></P>','',NULL,1250.00,1,1,NULL,1,4,NULL,1478437463,1478437463),(248,'253','Клей ANSERGLOB BCX-39.','product248.htm','Клеящееся смесь - клей для склеивания пенопласта. Смесь изготовленная на основе портландцемента с добавлением минерального сырья, который можно использовать как внутри помещения, так и с наружи.','<p align=\"justify\">Клейкая смесь&nbsp;изготовленная на основе портландцемента с добавлением минерального сырья, который можно использовать как внутри помещения, так и снаружи. Указанный клей предназначен для приклеивания пенопласта на поверхность кирпича, бетона, пенобетона, полов, различных минеральных поверхностей. Клей не может использоваться для нанесения армирующего слоя.<br>Расход клея составляет 4,5-5 кг на 1 кв.м.</p>\r\n<p>Цена одной упаковки 25 кг (мешок): 54 грн.</p>','Смесь для приклеивания пенопласта',NULL,54.00,1,1,NULL,5,4,NULL,1478437461,1478437461),(249,'254','Клей ANSERGLOB BCX-40','product249.htm','Клей для армировки пенопласта. Смеси для приклеивания пенопласта и других теплоизоляционных материалов. При утеплении фасадов и стен зданий используются различные смеси для приклеивания теплоизоляционных материалов, в том числе пенопласта. Смеси для \r\nприклеивания изготавляваются на основе цемента, имеющего хорошую совместимость со всеми строительными материалами.\r\nНаша компания предлагает смеси для приклеивания теплоизоляционных материалов и армировки.','<p align=\"justify\">Клей для армировки пенопласта ANSERGLOB BCX-40.<br>Клей изготовленный на основе портландцемента с добавлением минерального сырья. Указанный клей предназначен для приклеивания пенопласта на поверхность кирпича, бетона, пенобетона, полов, различных минеральных поверхностей. Кроме того, указанный клей используется для нанесения армирующего слоя с использованием армирующей стеклосетки. Также клей ANSERGLOB BCX-40 может использоваться как основа под финишную декоративную штукатурку и шпаклевку.<br>Расход клея составляет 4,5-5 кг на 1 кв.м.</p>\r\n<p>Цена одной упаковки 25 кг (мешок): 70,00 грн.</p>\r\n<h2>Клей для армировки пенопласта ANSERGLOB BCX-40 (Зима)</h2>\r\n<p>\r\n<table style=\"WIDTH: 100%; BORDER-COLLAPSE: collapse\">\r\n<tbody>\r\n<tr>\r\n<td><img style=\"WIDTH: 124px; HEIGHT: 187px\" class=\"imgBorderLeft\" border=\"0\" alt=\"\" src=\"/ufiles/Image/Anserglob BCX-40_zima_ smes kleevaja.jpg\" width=\"179\" height=\"319\"></td>\r\n<td>\r\n<p align=\"left\">Основным отличием от ANSERGLOB BCX-40 (Зима)&nbsp;является возможность использования указанного клея при пониженных температурах атмосферного воздуха.</p>\r\n<p>&nbsp;</p>\r\n<p>Цена одной упаковки 25 кг (мешок): 73,00 грн.<br></p></td></tr></tbody></table></p>','Смесь для армировки пенопласта',NULL,70.00,1,1,NULL,5,4,NULL,1478437463,1478437463),(250,'256','ANSERGLOB TMB-120 (белая)','product250.htm','Смеси для декоративной штукатурки.  Декоративная штукатурка. Сухие смеси.','<p align=\"justify\">Штукатурная смесь с фактурой типа \"барашек\" с гранулами диаметром 2 мм. Данная смесь применяется для декоративного оштукатуривания внешних и внутренних стен зданий, а также при утеплении фасадов. Оштукатуривание данной смесью производится тонким слоем на поверхность предварительно обработанную глубокопроникающей грунтовкой (как правило нанесение штукатурного слоя осуществляется через 4 часа после грунтования поверхности).<br>Расход смеси при толщине штукатурного слоя 2 мм составляет ориентировочно 4 кг/1 кв.м.<br><br>Цена упаковки (25 кг): 144 грн.</p>','Смесь для декоративной штукатурки \"барашек\"',NULL,144.00,1,1,NULL,5,4,NULL,1478437464,1478437464),(251,'257','ANSERGLOB TMK-110 (белая)','product251.htm','Смесь для декоративной штукатурки белая ANSERGLOB TMK-110.','<p align=\"justify\">Смесь для декоративной штукатурки белая ANSERGLOB TMK-110.<br>Штукатурная смесь \"короед\" с гранулами диаметром 2,5 - 3,5 мм. Данная смесь применяется для декоративного оштукатуривания внешних и внутренних стен зданий, а также при утеплении фасадов. Оштукатуривание данной смесью производится тонким слоем на поверхность предварительно обработанную глубокопроникающей грунтовкой (как правило нанесение штукатурного слоя осуществляется через 4 часа после грунтования поверхности).<br>Расход смеси при толщине штукатурного слоя 2,5 мм составляет ориентировочно 3,2 кг/1 кв.м., при толщине 3,5 мм - 4кг/кв.м.</p>\r\n<p>Цена упаковки (25 кг): 92 грн.</p>','Смесь для декоративной штукатурки \"короед\"',NULL,92.00,1,1,NULL,5,4,NULL,1478437464,1478437464),(252,'258','ANSERGLOB TMK-112 (серая)','product252.htm','Штукатурка серого цвета. Данная смесь применяется для декоративного оштукатуривания внешних и внутренних стен зданий.','<p align=\"justify\">Штукатурная смесь \"короед\" с гранулами диаметром 2,5 - 3,5 мм. Данная смесь применяется для декоративного оштукатуривания внешних и внутренних стен зданий, а также при утеплении фасадов. Оштукатуривание данной смесью производится тонким слоем на поверхность предварительно обработанную глубокопроникающей грунтовкой (как правило нанесение штукатурного слоя осуществляется через 4 часа после грунтования поверхности).<br>Расход смеси при толщине штукатурного слоя 2,5 мм составляет ориентировочно 3,2 кг/1 кв.м., при толщине 3,5 мм - 4кг/кв.м.</p>\r\n<p>Цена упаковки (25 кг): 70 грн.</p>','Смесь для декоративной штукатурки \"короед\"',NULL,70.00,1,1,NULL,5,4,NULL,1478437465,1478437465),(253,'259','Стеклосетка ANSERGLOB TG 15','product253.htm','Для устройства армировочного слоя при утеплении фасадов и стен.','<p align=\"justify\">Армировочные сетки изготавливаются из специального стекловолокна и используются для устройства армировочного слоя при утеплении фасадов и стен. Использование стеклосетки позволит защитить поверхность от возникновения трещин, увеличить прочность и долговечность поверхности, улучшить ее качество. Кроме того&nbsp;&nbsp;&nbsp; армировочные стеклосетки за счет специальной пропитки устойчивы к воздействию щелочей (что является важным фактором, т.к. большая часть строительных смесей имеет агрессивную щелочную среду), не ржавеют, удобны в применении.</p>\r\n<p>Стеклосетка ANSERGLOB TG 15 (производство Германия).<br>Ячейка 5х5 мм, плотность 165 г/кв.м.<br>Стеклосетка высого качества для устройства армировочного слоя при утеплении.</p>\r\n<p>Цена за 1 рулон (50 кв.м.): 777,00 грн.</p>','Стеклосетка для устройства армировочного слоя',NULL,777.00,1,1,NULL,5,5,NULL,1478437466,1478437466),(254,'300','Стеклосетка ANSERGLOB 4','product254.htm','Стеклосетка ANSERGLOB 4 (производство Польша).\r\nДля устройства армировочного слоя при утеплении','<p align=\"justify\">Армировочные сетки изготавливаются из специального стекловолокна и используются для устройства армировочного слоя при утеплении фасадов и стен. Использование стеклосетки позволит защитить поверхность от возникновения трещин, увеличить прочность и долговечность поверхности, улучшить ее качество. Кроме того&nbsp;&nbsp;&nbsp; армировочные стеклосетки за счет специальной пропитки устойчивы к воздействию щелочей (что является важным фактором, т.к. большая часть строительных смесей имеет агрессивную щелочную среду), не ржавеют, удобны в применении.</p>\r\n<p>Стеклосетка ANSERGLOB 4 (производство Польша).<br>Ячейка 5х5 мм, плотность 145 г/кв.м., цвет - белый.<br>Стеклосетка для устройства армировочного слоя при утеплении.</p>\r\n<p>Цена за 1 рулон (50 кв.м.): 346 грн.</p>','',NULL,346.00,1,1,NULL,5,6,NULL,1478437466,1478437466),(255,'301','Стеклосетка ANSERGLOB 5','product255.htm','Стеклосетка позволит защитить поверхность от возникновения трещин, увеличить прочность и долговечность поверхности, улучшить ее качество.','<p align=\"justify\">Армировочные сетки изготавливаются из специального стекловолокна и используются для устройства армировочного слоя при утеплении фасадов и стен. Использование стеклосетки позволит защитить поверхность от возникновения трещин, увеличить прочность и долговечность поверхности, улучшить ее качество. Кроме того&nbsp;&nbsp;&nbsp; армировочные стеклосетки за счет специальной пропитки устойчивы к воздействию щелочей (что является важным фактором, т.к. большая часть строительных смесей имеет агрессивную щелочную среду), не ржавеют, удобны в применении.</p>\r\n<p>Стеклосетка ANSERGLOB 5<br>Ячейка 5х5 мм, плотность 165 г/кв.м., цвет - зеленый.<br>Стеклосетка для устройства армировочного слоя при утеплении.</p>\r\n<p>Цена за 1 рулон (50 кв.м.): 373,00 грн.</p>','',NULL,373.00,1,1,NULL,5,6,NULL,1478437467,1478437467),(256,'302','Термодюбели','product256.htm','Термодюбели изготавливаются различной длины от 70 до 220 мм и применяются в зависимости от толщины теплоизоляционного материала.','<p align=\"justify\">Термодюбель - это специальное приспособление (дюбель) с металлическим или пластиковым стержнем предназначенный для крепления теплоизоляционных материалов (и твердых, и мягких), в том числе пенопласта. С помощью термодюбеля теплоизоляционный материал может крепиться к различным поверхностям из кирпича, бетона, пенобетона и т.п. Термодюбели изготавливаются различной длины от 70 до 220 мм и применяются в зависимости от толщины теплоизоляционного материала. В основе термодюбеля расположена широкая шляпка, обеспечивающая качественное прижатие теплоизиляционного материала к основанию. Материал, из которого изготовлен термодюбель на качество крепления теплоизоляционных материалов не влияет.&nbsp;</p>\r\n<p>\r\n<table style=\"WIDTH: 100%; BORDER-COLLAPSE: collapse\">\r\n<tbody>\r\n<tr>\r\n<td>\r\n<p align=\"center\">Термодюбель<br>Термодюбель<br>Термодюбель<br>Термодюбель<br>Термодюбель<br>Термодюбель<br>Термодюбель<br>Термодюбель<br>Термодюбель<br>Термодюбель<br>Термодюбель</p></td>\r\n<td>\r\n<p>70 мм<br>80 мм<br>90 мм<br>100 мм<br>110 мм<br>120 мм<br>140 мм<br>160 мм<br>180 мм<br>200 мм<br>220 мм</p></td>\r\n<td>\r\n<p>шт.<br>шт.<br>шт.<br>шт.<br>шт.<br>шт.<br>шт.<br>шт.<br>шт.<br>шт.<br>шт.</p></td>\r\n<td>\r\n<p align=\"center\">0,35<br>0,35<br>0,37<br>0,39<br>0,41<br>0,46<br>0,51<br>0,58<br>0,59<br>0,65<br>0,69</p></td></tr></tbody></table></p>\r\n<p>&nbsp;</p>','Для крепления теплоизоляционных материалов',NULL,0.35,1,1,NULL,5,1,NULL,1478437467,1478437467),(257,'303','ANSERGLOB (на камешковой основе)','product257.htm','Данная штукатурка может использоваться при оштукатуривании минеральных поверхностей (бетонные, гипсовые, цементные и т.п.). Финишное декоративное покрытие при утеплении стен и фасадов. Применяется для декоративного оштукатуривания внутренних и внешних \r\nстен зданий тонким слоем. структурная штукатурка','<p align=\"justify\">Декоративная акриловая штукатурка ANSERGLOB на камешковой основе с диаметром зерна 1,5 и 2 мм применяется для декоративного оштукатуривания внутренних и внешних стен зданий тонким слоем, а также как финишное декоративное покрытие при утеплении стен и фасадов. Данная штукатурка может использоваться при оштукатуривании минеральных поверхностей (бетонные, гипсовые, цементные и т.п.).<br>Расход штукатурки ориентировочно составляет при слое 1,5 мм - 2,5 кг/1 кв.м., при слое 2 мм - 3 кг/1 кв.м.</p>\r\n<p>Цена:&nbsp;&nbsp;&nbsp; 407 грн./ведро 25 кг.</p>','Акриловая декоративная штукатурка',NULL,407.00,1,1,NULL,5,1,NULL,1478437468,1478437468),(258,'304','ANSERGLOB (короед)','product258.htm','ANSERGLOB \"штукатурка короед\" с диаметром зерна 2 и 2,5 мм применяется для декоративного оштукатуривания внутренних и внешних стен зданий тонким слоем, а также как финишное декоративное покрытие при утеплении стен и фасадов.','<p align=\"justify\">Декоративная акриловая штукатурка ANSERGLOB \"короед\" с диаметром зерна 2 и 2,5 мм применяется для декоративного оштукатуривания внутренних и внешних стен зданий тонким слоем, а также как финишное декоративное покрытие при утеплении стен и фасадов. Данная штукатурка может использоваться при оштукатуривании минеральных поверхностей (бетонные, гипсовые, цементные и т.п.).<br>Расход штукатурки ориентировочно составляет при слое 2 мм - 2,6 кг/1 кв.м., при слое 2,5 мм - 3,1 кг/1 кв.м.</p>\r\n<p>Цена: &nbsp; &nbsp; 429 грн./ведро 25 кг.</p>','Акриловая декоративная штукатурка',NULL,429.00,1,1,NULL,5,1,NULL,1478437468,1478437468),(259,'305','ANSERGLOB','product259.htm','Данная краска может применяться при обработке минеральных поверхностей (гипсовые, цементные и т.п.) и органических поверхностей\r\n(полистирол, ДСП, ДВП, фанера). Краска фасадная','<p align=\"justify\">Структурная акриловая краска ANSERGLOB применяется для декоративной обработки стен снаружи и внутри зданий, а также как финишное декоративное покрытие при утеплении стен и фасадов. Данная краска может применяться при обработке минеральных поверхностей (гипсовые, цементные и т.п.) и органических поверхностей (полистирол, ДСП, ДВП, фанера).<br>Расход краски ориентировочно составлет 0,7 кг/1 кв.м.</p>\r\n<p>Цена структурной акриловой краски ANSERGLOB<br>&nbsp; 211,30 грн./ведро 7,5 кг<br>&nbsp; 383,00 грн./ведро 15 кг</p>','Акриловая структурная краска',NULL,211.00,1,1,NULL,5,1,NULL,1478437468,1478437468),(260,'306','ANSERGLOB EG 60 глубокопроникающая','product260.htm','Эмульсии для грунтования, грунтовки,  применяются для подготовки хорошовпитывающих поверхностей (цемент, гипс, гипрокартон и т.д.)','<p align=\"justify\">Эмульсия для грунтования применяются для подготовки хорошовпитывающих поверхностей (цемент, гипс, гипрокартон и т.д.) с целью улучшения и укрепления таких поверхностей, и снижения их впитывающей способности. Применение эмульсий для грунтования (грунтовки) позволит снизить расход клея, краски и иных материалов.</p>\r\n<p align=\"justify\"><br>Глубокопроникающая эмульсия для грунтования ANSERGLOB EG 60.<br>Эмульсия используется для подготовки впитывающих поверхностей на минеральной основе (цемент, гипс, гипсокартон и т.д.) с целью их укрепления и улучшения, и снижения впитывающих поверхностей. Эмульсия применяется для внешних и внутренних работ и позволит снизить расход клея, краски и иных материалов.<br>После высыхания эмульсии пленка на поверхности прозрачная. Эмульсия обладает высоким пылесвязующим свойством. <br>Расход эмульсии составляет ориентировочно 0,15-0,16 л/1 кв.м.</p>\r\n<p>Цена: 86 грн / 10 л.</p>','Эмульсия для грунтования',NULL,86.00,1,1,NULL,5,1,NULL,1478437469,1478437469),(261,'307','ANSERGLOB EG 61 (концентрат 1:6)','product261.htm','Эмульсия используется для подготовки впитывающих поверхностей на минеральной основе (цемент, гипс, гипсокартон и т.д.) Эмульсия применяется для внешних и внутренних работ и позволит снизить расход клея, краски и иных материалов.','<p align=\"justify\">Эмульсия для грунтования применяются для подготовки хорошовпитывающих поверхностей (цемент, гипс, гипрокартон и т.д.) с целью улучшения и укрепления таких поверхностей, и снижения их впитывающей способности. Применение эмульсий для грунтования (грунтовки) позволит снизить расход клея, краски и иных материалов.</p>\r\n<p align=\"justify\">Глубокопроникающая эмульсия для грунтования ANSERGLOB EG 61 (концентрат 1:6).<br>Эмульсия используется для подготовки впитывающих поверхностей на минеральной основе (цемент, гипс, гипсокартон и т.д.) с целью их укрепления и улучшения, и снижения впитывающих поверхностей. Эмульсия применяется для внешних и внутренних работ и позволит снизить расход клея, краски и иных материалов.<br>После высыхания эмульсии пленка на поверхности прозрачная. Эмульсия обладает высоким пылесвязующим свойством. <br>Расход эмульсии составляет ориентировочно 0,15-0,16 л/1 кв.м.</p>\r\n<p>Цена:&nbsp;&nbsp;&nbsp; 46 грн./за канистру 1 л.<br>&nbsp; &nbsp; &nbsp; &nbsp; &nbsp; &nbsp; 220 грн./за канистру 5 л.</p>','Глубокопроникающая эмульсия для грунтования',NULL,46.00,1,1,NULL,5,1,NULL,1478437470,1478437470),(262,'308','ANSERGLOB EG 62','product262.htm','Грунтующая краска используется для обработки поверхностей для их укрепления и повышения адгезии.','<p align=\"justify\">Грунтующая краска ANSERGLOB EG 62 с добавлением кварцевого песка.<br>Грунтующая краска используется для обработки поверхностей для их укрепления и повышения адгезии. Также указанная краска используется для подготовки поверхностей к нанесению декоративных штукатурок. Грунт-краска может использоваться на любых поверхностях: кирпичных, бетонных, цементных, гипсовых и т.п.<br>Указанная краска может использоваться как при внутренних, так и при наружных работах.<br>Расход грунт-краски ориентировочно составляет 0,2-0,4 л/1 кв.м.</p>\r\n<p>Цена:&nbsp;&nbsp;&nbsp; 115 грн./за ведро 5 л.<br>&nbsp; &nbsp; &nbsp; &nbsp; &nbsp; &nbsp; 214 грн./за ведро 10 л.</p>','Грунтующая краска с добавлением кварцевого песка',NULL,115.00,1,1,NULL,5,1,NULL,1478437470,1478437470),(263,'309','DANKE KONTUR','product263.htm','Структурная декоративная штукатурка (барашек). 30 кг, диаметр зерна 1,5мм, белая, тонируется в постельные тона. Средний расход 2,6-2,8 кг / м2','<P>Структурная декоративная штукатурка (барашек). 30 кг, диаметр зерна 1,5мм, белая, тонируется в постельные тона. Средний расход 2,6-2,8 кг / м2 </P>\r\n<P>Цена: 419,40 грн./ведро 30 кг</P>','Структурная декоративная штукатурка (барашек)',NULL,419.40,1,0,NULL,5,1,NULL,1478437471,1478437471),(264,'310','DANKE TEXTUR (короед)','product264.htm','Структурная декоративная штукатурка (короед). 30 кг, диаметр зерна 1,5мм, белая, тонируется в постельные тона. Средний расход 2,4-2,8 кг / м2','<P>Структурная декоративная штукатурка (короед). 30 кг, диаметр зерна 1,5мм, белая, тонируется в постельные тона. Средний расход 2,4-2,8 кг / м2 </P>\r\n<P>Цена: 419,40 грн./ведро 30 кг</P>','Структурная декоративная штукатурка',NULL,419.40,1,0,NULL,5,1,NULL,1478437471,1478437471),(265,'311','DANKE STRUKTUR (белая)','product265.htm','Структурная штукатурка-краска. Белая, тонируется в постельные тона. Средний расход 0,8-1,8 кг / м2','Структурная штукатурка-краска белая DANKE STRUKTUR&nbsp;<BR>Структурная штукатурка-краска. Белая, тонируется в постельные тона. Средний расход 0,8-1,8 кг / м2 <BR>Цена: 419,40 грн./ведро 30 кг','Структурная штукатурка-краска',NULL,419.40,1,0,NULL,5,1,NULL,1478437472,1478437472),(266,'312','DANKE EXTERIOR белая (для наружных работ)','product266.htm','Белая вододисперсионная краска на основе акрило-стиреновой дисперсии. Применяется при окраске наружных поверхностей. Расход 1л на 7-10м2 в зависимости от поверхности в один слой. Краска для наружных работ','<P>DANKE EXTERIOR Белая вододисперсионная краска на основе акрило-стиреновой дисперсии. Применяется при окраске наружных поверхностей. Расход 1л на 7-10м2 в зависимости от поверхности в один слой.</P>\r\n<P>Цена: 249,80&nbsp; грн./ведро 8,5 л<BR>Цена: 419,40&nbsp; грн./ведро 15 л</P>','Краска вододисперсионная',NULL,249.80,1,0,NULL,5,1,NULL,1478437465,1478437465),(267,'313','OSKAR CERAMIC REIBEPUTZ 25 (короед)','product267.htm','Структурная декоративная штукатурка («короед») OSKAR CERAMIC REIBEPUTZ 25 / Ведро 30 кг','<P>Структурная декоративная штукатурка («короед»)<BR>OSKAR CERAMIC REIBEPUTZ 25</P>\r\n<P>Цена: 886,00 /Ведро 30 кг</P>','Структурная декоративная штукатурка',NULL,886.00,1,0,NULL,5,1,NULL,1478437472,1478437472),(268,'314','OSKAR CERAMIC REIBEPUTZ 15 (короед)','product268.htm','Структурная декоративная штукатурка («короед»)\r\nOSKAR CERAMIC REIBEPUTZ 15','Структурная декоративная штукатурка (короед)<BR>OSKAR CERAMIC REIBEPUTZ 15','Структурная декоративная штукатурка',NULL,886.00,1,0,NULL,5,1,NULL,1478437473,1478437473),(269,'315','OSKAR CERAMIC FASSADENPUTZ 15 (барашек)','product269.htm','Структурная декоративная штукатурка (барашек)\r\nOSKAR CERAMIC FASSADENPUTZ 15','Структурная декоративная штукатурка (барашек)<BR>OSKAR CERAMIC FASSADENPUTZ 15','Структурная декоративная штукатурка',NULL,862.40,1,0,NULL,5,1,NULL,1478437473,1478437473),(270,'316','OSKAR CERAMIC FASSADENPUTZ 05 (барашек)','product270.htm','Структурная декоративная штукатурка («барашек»)\r\nOSKAR CERAMIC FASSADENPUTZ 05','Структурная декоративная штукатурка («барашек»)<BR>OSKAR CERAMIC FASSADENPUTZ 05','Структурная декоративная штукатурка',NULL,862.40,1,0,NULL,5,1,NULL,1478437474,1478437474),(271,'317','OSKAR SPIRIT OF COLOR EXTERIOR (белая вододисперсионная)','product271.htm','Краска вододисперсионная белая (для наружных и внутренних работ) OSKAR SPIRIT OF COLOR EXTERIOR / Ведро 10 л','<P>Краска вододисперсионная белая (для наружных и внутренних работ)<BR>OSKAR SPIRIT OF COLOR EXTERIOR<BR>Ведро<BR>10 л</P>','Краска',NULL,349.00,1,0,NULL,5,1,NULL,1478437474,1478437474),(272,'318','OSKAR SILICON FARBE высококачественная силиконовая фасадная','product272.htm','Краска высококачественная силиконовая краска фасадная\r\nOSKAR SILICON FARBE / Ведро 15 л','<P>Краска высококачественная силиконовая фасадная<BR>OSKAR SILICON FARBE&nbsp;<BR>Ведро 15 л</P>','Краска',NULL,968.70,1,0,NULL,5,1,NULL,1478437475,1478437475),(273,'319','Пенопласт по низкой цене в Киеве','product273.htm','Пенопласт высокого качества по низкой цене. Заказать пенопласт по хорошей цене в Киеве.','<p align=\"justify\">&nbsp;&nbsp;&nbsp;&nbsp;&nbsp;&nbsp;&nbsp;&nbsp;&nbsp;&nbsp;&nbsp;&nbsp;&nbsp;&nbsp;&nbsp;&nbsp;&nbsp;&nbsp; Наша компания предлагает Вам купить&nbsp;<span style=\"FONT-WEIGHT: bold\">пенопласт</span>&nbsp;в Киеве различных плотностей:<br><span style=\"FONT-WEIGHT: bold\">ПСБС-15</span> - используется для обеспечения звуко- и теплоизоляции в тех местах, на которые не будут воздействовать механические нагрузки (подвесные потолки, под гипсокартоном, между кирпичной кладкой и т.п.);<br><span style=\"FONT-WEIGHT: bold\">ПСБС-25 </span>- данная марка пенопласта применяется для утепления стен, полов, а также для утепления фасада. При утеплении фасада маркой ПСБС-25, фасад дома обклеивается пенопластом, который армируется специальной сеткой, а сверху покрывается отделочным материалом;<br><span style=\"FONT-WEIGHT: normal\"><span style=\"FONT-WEIGHT: bold\">ПСБС-25 ЭКО</span> - используется для утепления фасадов квартир в многоэтажных домах. Предоставленной плотности достаточно для выполнения поставленной задачи. Пенопласт такой плотности имеет отличные теплоизоляционные характеристики. Также, данный вид материала самый популярный среди строительных бригад. Цена пенопласта ПСБС 25&nbsp;ЭКО&nbsp;- идеальное сочетание цена/качество.</span><br><span style=\"FONT-WEIGHT: bold\">ПСБС-35</span> - марка пенопласта, которая применяется в местах, подверженых воздействию повышенных нагрузок (утепления фундамента, пола и т.п.).</p>\r\n<p align=\"center\"><span style=\"FONT-WEIGHT: bold\">Стоимость пенопласта:<br></span></p>\r\n<p align=\"center\"><img src=\"/ufiles/Image/2_2.png\" alt=\"\" align=\"\" border=\"0px\"></p>\r\n<p align=\"left\">&nbsp;&nbsp;&nbsp;&nbsp;&nbsp;&nbsp;&nbsp;&nbsp; Цена на пенопласт может меняться, <span style=\"FONT-WEIGHT: normal\">просим уточнять актуальную стоимость по контактным телефонам.</span></p>\r\n<p align=\"justify\"><span style=\"FONT-WEIGHT: bold\">Пенопласт</span> реализуется в упаковках по 0,5 куб.м. Также можно купить листы поштучно.<br>Размеры листов 1000х500 мм, <span style=\"FONT-WEIGHT: bold\">1000х1000 мм (Только у нас)</span>.<br>Толщина листа,<span style=\"FONT-WEIGHT: bold\">мм</span> -&nbsp;<span style=\"FONT-WEIGHT: bold\">20</span>(100шт. в м<sup>3</sup>), <span style=\"FONT-WEIGHT: bold\">30</span>(67шт. в м<sup>3</sup>), <span style=\"FONT-WEIGHT: bold\">40</span>(50шт. в м<sup>3</sup>), <span style=\"FONT-WEIGHT: bold\">50</span>(20шт. в м<sup>3</sup>), <span style=\"FONT-WEIGHT: bold\">100</span>(10шт. в м<sup>3</sup>)</p>\r\n<p align=\"center\"><span style=\"FONT-WEIGHT: bold\">Ціна за лист:<br></span><img src=\"/ufiles/Image/2_3.png\" alt=\"\" align=\"\" border=\"0px\"></p>\r\n<p align=\"justify\"><span style=\"TEXT-DECORATION: \"><span style=\"FONT-WEIGHT: bold\">Постоянным клиентам - скидки!</span>&nbsp;</span></p><span style=\"TEXT-DECORATION: \">Теплоизоляция стен, утепление фасадов - <span style=\"FONT-WEIGHT: bold\">подробная информация </span></span><a href=\"http://polikarbonatvs.com.ua/uteplenie-fasada-penoplastom/\"><span style=\"TEXT-DECORATION: ; FONT-WEIGHT: bold\">ТУТ</span></a><span style=\"TEXT-DECORATION: \">.<br>Холодные стены - это проблема многих жилых и офисных помещений. На сегодняшний день очень актуальным является утепление фасадов&nbsp;домов и зданий пенопластом, а также утепление стен внутри помещений. Использование теплоизоляционных материалов позволит сохранить тепло в помещениях и сэкономить деньги на тепло и электроэнергии. </span>\r\n<div><span style=\"TEXT-DECORATION: \">Сделав заказ у нас, Вы можете:</span></div>\r\n<ul>\r\n<li><span style=\"TEXT-DECORATION: \">Заказать индивидуальную толщину, при этом ничего не доплачивая; </span>\r\n</li><li><span style=\"TEXT-DECORATION: \">Будьте абсолютно уверенными в правдивости веса кубического метра, а значит&nbsp;и в плотности; </span>\r\n</li><li><span style=\"TEXT-DECORATION: \">Купить любое количество, начиная от половины квадратного метра; </span>\r\n</li><li><span style=\"TEXT-DECORATION: \">При материалов для утепления(клея, сетка, дюбель) получить хорошую скидку.</span></li></ul>\r\n<p><span style=\"TEXT-DECORATION: \">Всегда в наличии пенопласт ПСБС - 25 ЭКО в большом объеме, клея для приклеивания и армирования. Грунтовка и декоративные материалы. Приглашаем Вас посетить наш склад и убедиться в качестве материала.</span></p>\r\n<p><span style=\"TEXT-DECORATION: \">Пенопласт по хорошей цене с доставкой по Киеву! Стоимость доставки зависит от Вашего&nbsp;расположения и объема заказанного материала. В некоторых случаях, при заказе материалов в комплексе, доставка может быть бесплатной.<br>Доставка возможна в день заказа.</span></p>\r\n<div><span style=\"TEXT-DECORATION: \">Возникли вопросы? <span style=\"FONT-WEIGHT: bold\">Звоните 044-223-31-34</span></span></div>','Пенопласт',NULL,580.00,1,1,NULL,5,4,NULL,1478437475,1478437475),(274,'320','ANSERGLOB EG 58 глубокопроникающая','product274.htm','Эмульсии для грунтования применяются для подготовки хорошовпитывающих поверхностей (цемент, гипс, гипрокартон и т.д.)','<p align=\"justify\">Эмульсия для грунтования применяются для подготовки хорошовпитывающих поверхностей (цемент, гипс, гипрокартон и т.д.) с целью улучшения и укрепления таких поверхностей, и снижения их впитывающей способности. Применение эмульсий для грунтования (грунтовки) позволит снизить расход клея, краски и иных материалов.</p>\r\n<p>&nbsp;</p>\r\n<p align=\"justify\">Эмульсия для грунтования ANSERGLOB EG 58.<br>Эмульсия используется для подготовки впитывающих поверхностей на минеральной основе (цемент, гипс, гипсокартон и т.д.) с целью их укрепления и улучшения поверхностей, и снижения их впитывающей способности. Эмульсия применяется для внутренних работ и позволит снизить расход клея, краски и иных материалов.<br>После высыхания эмульсии пленка на поверхности прозрачная.&nbsp; <br>Расход эмульсии составляет ориентировочно 0,15-0,16 л/1 кв.м.</p>\r\n<p align=\"justify\">Цена:&nbsp;&nbsp;&nbsp;&nbsp;&nbsp; 17,35 грн./за канистру 2 л.<br>&nbsp; &nbsp; &nbsp; &nbsp; &nbsp; &nbsp; &nbsp; 35,87 грн./за канистру 5 л.<br>&nbsp; &nbsp; &nbsp; &nbsp; &nbsp; &nbsp; &nbsp; 60,67 грн./за канистру 10 л.</p>','Эмульсия для грунтования',NULL,17.00,1,1,NULL,5,1,NULL,1478437476,1478437476),(275,'321','ANSERGLOB ES 66','product275.htm','Гидрофобизационная эмульсия применяется для защиты поверхностей от влаги при попадании на них атмосферных осадков','<p align=\"justify\">Эмульсия ANSERGLOB ES-66 - универсальное влагоотталкивающее средство, которое обеспечивает защиту стен от&nbsp; увлажнения при попадании на них атмосферных осадков. В результате применения данной эмульсии на поверхностях стен образовуется специальная защитная пленка, обеспечивающая защиту поверхностей от попадания в них влаги, сохраняя при этом необходимые воздухообменные свойства.<br>Эмульсия ANSERGLOB ES-66 применяется для придания водоотталкивающих свойств поверхностям на сильнощелочной основе: кирпичу, керамике, бетону, оштукатуренным поверхностям, пористым поверхностям из натурального камня. Цвет пленки после высыхания - прозрачный. Эмульсия может применяться для внешних и для внутренних работ. <br>Эмульсия не применяется для плоховпитывающих, окрашенных поверхностей, а также для поверхностей, которые подвергаются механическим воздействиям.<br>Расход эмульсии составляет ориентировочно 0,1-0,2 л/на 1 кв.м.</p>\r\n<p align=\"justify\">Цена: &nbsp; &nbsp; &nbsp; 17,21 грн./канистра 1 л.<br>&nbsp; &nbsp; &nbsp; &nbsp; &nbsp; &nbsp; &nbsp; &nbsp;70,16 грн./канистра 5 л.</p>','Эмульсия гидрофобизационная',NULL,17.00,1,1,NULL,5,1,NULL,1478437476,1478437476),(276,'322','ANSERGLOB ES 67','product276.htm','Эмульсия для удаления высолообразований применяется для удаления с поверхности стен цементных и известковых налетов, ржавчины, высолов и атмосферных загрязнений.','<p align=\"justify\">Эмульсия ANSERGLOB ES-67 - универсальное очищающее средство, которое применяется для удаления с поверхности стен цементных и известковых налетов, ржавчины, высолов и атмосферных загрязнений. Эмульсия ANSERGLOB ES-67 используется для очистки кирпичных, каменных, оштукатуренных фасадов от солей, которые проступают на поверхности вследствие испарения влаги, атмосферных и иных загрязнений. Эмульсия используется для внутренних и наружных работ. <br>Эмульсия не может применяться на металлических поверхностях.<br>Расход эмульсии составляет ориентировочно 0,1-0,2 л/на 1 кв.м.</p>\r\n<p align=\"justify\">Цена:&nbsp;&nbsp;&nbsp;&nbsp;&nbsp; 29,63 грн./канистра 1 л.</p>','Эмульсия для удаления высолообразований',NULL,29.00,1,1,NULL,5,1,NULL,1478437477,1478437477),(277,'323','DEIMOS','product277.htm','Препарат для древесины DEIMOS - это специальное защитное средство, которое используется для защиты деревянных поверхностей от воздействия огня, грибов, цветения и насекомых.','<p align=\"justify\">Препарат для древесины DEIMOS - специальное защитное средство, которое используется для защиты деревянных поверхностей от воздействия огня, грибов, цветения и насекомых. Указанное защитное средство подходит как для внутреннего, так и для внешнего использования. При применении для внешних работ поверхность необходимо предварительно обрабатывать гидрофобными материалами. <br>Препарат для древесины DEIMOS предлагается бесцветный, в коричневом и зеленом цветах.</p>\r\n<p align=\"justify\">Цена:&nbsp;&nbsp;&nbsp;&nbsp;&nbsp; 32,33 грн./ведро 1 л.</p>','Защитное средство для древесины',NULL,32.00,1,1,NULL,5,1,NULL,1478437477,1478437477),(282,'328','ТМ Ecolux (прозрачный) толщина 0,8 мм','product282.htm','Профилированный ПВХ ONDEX TM Ecolux - это ПВХ материал, обладающий высокой прочностью к различным механическим нагрузкам и высокой устойчивостью к воздействиюпониженных и повышенных температур атмосферного воздуха и атмосферных осадков.\r\nПрименяется в непромышленном строительстве, для накрытия небольших навесов, павильонов и т.п.','<P align=justify>Профилированный ПВХ ONDEX TM Ecolux - это ПВХ материал, обладающий высокой прочностью к различным механическим нагрузкам и высокой устойчивостью к воздействию пониженных и повышенных температур атмосферного воздуха и атмосферных осадков.<BR>В процессе изготовления на листы профилированного ПВХ ONDEX наносится специальной слой, который защищает материал от воздействия вредного ультрафиолетового излучения. Применение данной технологии производства позволяет устанавливать срок эксплуатации материала 10 лет, при этом его внешний вид не меняется.<BR>Профилированный ПВХ ONDEX может применять и внутри и снаружи помещений, даже при воздействии особо низких температур, не поддерживает горение.</P>\r\n<P align=justify>Применяется в непромышленном строительстве, для накрытия небольших навесов, павильонов и т.п.<BR></P>\r\n<P align=justify>Профилированный ПВХ ONDEX TM Ecolux реализуется в листах размером 1095*2500 мм, 1095*3000 мм различных цветов (наличие цветов уточняйте).<BR></P>\r\n<P align=justify>Доставка по Киеву.</P>','Профилированный ПВХ Ondex',NULL,68.00,1,1,NULL,1,1,NULL,1478437479,1478437479),(283,'329','TM Ecolux (непрозрачный, цветной) толщина 0,8 мм','product283.htm','Профилированный ПВХ ONDEX TM Ecolux - это ПВХ материал, обладающий высокой прочностью к различным механическим нагрузкам и высокой устойчивостью к воздействиюпониженных и повышенных температур атмосферного воздуха и атмосферных осадков.\r\nПрименяется в непромышленном строительстве, для накрытия небольших навесов, павильонов и т.п.','<P align=justify>Профилированный ПВХ ONDEX TM Ecolux - это ПВХ материал, обладающий высокой прочностью к различным механическим нагрузкам и высокой устойчивостью к воздействию пониженных и повышенных температур атмосферного воздуха и атмосферных осадков.<BR>В процессе изготовления на листы профилированного ПВХ ONDEX наносится специальной слой, который защищает материал от воздействия вредного ультрафиолетового излучения. Применение данной технологии производства позволяет устанавливать срок эксплуатации материала 10 лет, при этом его внешний вид не меняется.<BR>Профилированный ПВХ ONDEX может применять и внутри и снаружи помещений, даже при воздействии особо низких температур, не поддерживает горение.</P>\r\n<P align=justify>Применяется в непромышленном строительстве, для накрытия небольших навесов, павильонов и т.п.<BR><BR></P>\r\n<P align=justify>Профилированный ПВХ ONDEX TM Ecolux реализуется в листах размером 1095*2500 мм, 1095*3000 мм различных цветов (наличие цветов уточняйте).<BR></P>\r\n<P align=justify>Доставка по Киеву.</P>','Профилированный ПВХ Ondex',NULL,86.00,1,1,NULL,1,1,NULL,1478437480,1478437480),(284,'330','TM Sollux толщина 1 мм','product284.htm','Профилированный ПВХ ONDEX - это ПВХ материал, обладающий высокой прочностью к различным механическим нагрузкам и высокой устойчивостью к воздействию пониженных и повышенных температур атмосферного воздуха и атмосферных осадков.\r\nПрименяется для накрытия проемов, навесов и т.п.','<P align=justify>Профилированный ПВХ ONDEX TM Sollux - это ПВХ материал, обладающий высокой прочностью к различным механическим нагрузкам и высокой устойчивостью к воздействию пониженных и повышенных температур атмосферного воздуха и атмосферных осадков.<BR>В процессе изготовления на листы профилированного ПВХ ONDEX наносится специальной слой, который защищает материал от воздействия вредного ультрафиолетового излучения. Применение данной технологии производства позволяет устанавливать срок эксплуатации материала 10 лет, при этом его внешний вид не меняется.<BR>Профилированный ПВХ ONDEX может применять и внутри и снаружи помещений, даже при воздействии особо низких температур, не поддерживает горение.</P>\r\n<P align=justify>Применяется для накрытия проемов, навесов и т.п.<BR></P>\r\n<P align=justify>Профилированный ПВХ ONDEX TM Sollux реализуется в листах размером 1095*2500 мм, 1095*3000 мм различных цветов (наличие цветов уточняйте).<BR></P>\r\n<P align=justify>Доставка по Киеву.</P>','Профилированный ПВХ Ondex',NULL,151.00,1,1,NULL,1,1,NULL,1478437480,1478437480),(285,'331','TM HR толщина 1,2 мм','product285.htm','Профилированный ПВХ ONDEX - это ПВХ материал, обладающий высокой прочностью к различным механическим нагрузкам и высокой устойчивостью к воздействию пониженных и повышенных температур атмосферного воздуха и атмосферных осадков.\r\nПрофилированный ПВХ ТМ HR применяется в случаях требующих высокой прочности материала и его устойчивости в воздействию химических веществ.','<P align=justify>Профилированный ПВХ ONDEX TM&nbsp;HR - это ПВХ материал, обладающий высокой прочностью к различным механическим нагрузкам и высокой устойчивостью к воздействию пониженных и повышенных температур атмосферного воздуха и атмосферных осадков.<BR>В процессе изготовления на листы профилированного ПВХ ONDEX наносится специальной слой, который защищает материал от воздействия вредного ультрафиолетового излучения. Применение данной технологии производства позволяет устанавливать срок эксплуатации материала 10 лет, при этом его внешний вид не меняется.<BR>Профилированный ПВХ ONDEX может применять и внутри и снаружи помещений, даже при воздействии особо низких температур, не поддерживает горение.</P>\r\n<P align=justify>Профилированный ПВХ ТМ HR применяется в случаях требующих высокой прочности материала и его устойчивости в воздействию химических веществ.<BR></P>\r\n<P align=justify>Профилированный ПВХ ONDEX TM&nbsp;HR реализуется в листах размером 1095*2500 мм, 1095*3000 мм различных цветов (наличие цветов уточняйте).<BR></P>\r\n<P align=justify>Доставка по Киеву.</P>','Профилированный ПВХ Ondex',NULL,226.80,1,1,NULL,1,1,NULL,1478437480,1478437480),(286,'332','прозрачный 1,5 мм','product286.htm','Акрил Plexiglas XT прозрачный, толщина 1,5 мм, Германия','<p>Тип&nbsp;&nbsp;&nbsp;&nbsp;&nbsp;&nbsp;&nbsp;&nbsp;&nbsp;&nbsp;&nbsp;&nbsp;&nbsp;&nbsp;&nbsp;&nbsp;&nbsp;&nbsp;&nbsp;&nbsp;&nbsp;&nbsp;&nbsp;&nbsp;&nbsp;&nbsp;&nbsp;&nbsp;&nbsp;&nbsp;&nbsp;&nbsp;&nbsp;&nbsp;&nbsp;&nbsp;&nbsp;&nbsp;&nbsp;&nbsp;&nbsp;&nbsp;&nbsp;&nbsp;&nbsp;&nbsp;&nbsp; экструдированный</p>\r\n<p>Марка&nbsp;&nbsp;&nbsp;&nbsp;&nbsp;&nbsp;&nbsp;&nbsp;&nbsp;&nbsp;&nbsp;&nbsp;&nbsp;&nbsp;&nbsp;&nbsp;&nbsp;&nbsp;&nbsp;&nbsp;&nbsp;&nbsp;&nbsp;&nbsp;&nbsp;&nbsp;&nbsp;&nbsp;&nbsp;&nbsp;&nbsp;&nbsp;&nbsp;&nbsp;&nbsp;&nbsp;&nbsp;&nbsp;&nbsp;&nbsp;&nbsp;&nbsp;&nbsp;&nbsp; Plexiglas XT</p>\r\n<p>Производство&nbsp;&nbsp;&nbsp;&nbsp;&nbsp;&nbsp;&nbsp;&nbsp;&nbsp;&nbsp;&nbsp;&nbsp;&nbsp;&nbsp;&nbsp;&nbsp;&nbsp;&nbsp;&nbsp;&nbsp;&nbsp;&nbsp;&nbsp;&nbsp;&nbsp;&nbsp;&nbsp;&nbsp;&nbsp;&nbsp;&nbsp;&nbsp;&nbsp; Германия</p>\r\n<p>Толщина&nbsp;&nbsp;&nbsp;&nbsp;&nbsp;&nbsp;&nbsp;&nbsp;&nbsp;&nbsp;&nbsp;&nbsp;&nbsp;&nbsp;&nbsp;&nbsp;&nbsp;&nbsp;&nbsp;&nbsp;&nbsp;&nbsp;&nbsp;&nbsp;&nbsp;&nbsp;&nbsp;&nbsp;&nbsp;&nbsp;&nbsp;&nbsp;&nbsp;&nbsp;&nbsp;&nbsp;&nbsp;&nbsp;&nbsp;&nbsp;&nbsp;1,5 мм</p>\r\n<p>Цвет&nbsp;&nbsp;&nbsp;&nbsp;&nbsp;&nbsp;&nbsp;&nbsp;&nbsp;&nbsp;&nbsp;&nbsp;&nbsp;&nbsp;&nbsp;&nbsp;&nbsp;&nbsp;&nbsp;&nbsp;&nbsp;&nbsp;&nbsp;&nbsp;&nbsp;&nbsp;&nbsp;&nbsp;&nbsp;&nbsp;&nbsp;&nbsp;&nbsp;&nbsp;&nbsp;&nbsp;&nbsp;&nbsp;&nbsp;&nbsp;&nbsp;&nbsp;&nbsp;&nbsp;&nbsp;&nbsp; прозрачный</p>\r\n<p>Размер листа&nbsp;&nbsp;&nbsp;&nbsp;&nbsp;&nbsp;&nbsp;&nbsp;&nbsp;&nbsp;&nbsp;&nbsp;&nbsp;&nbsp;&nbsp;&nbsp;&nbsp;&nbsp;&nbsp;&nbsp;&nbsp;&nbsp;&nbsp;&nbsp;&nbsp;&nbsp;&nbsp;&nbsp;&nbsp;&nbsp;&nbsp;&nbsp;&nbsp;&nbsp; 2,05*3,05 м</p>\r\n<p>Цена за лист&nbsp;&nbsp;&nbsp;&nbsp;&nbsp;&nbsp;&nbsp;&nbsp;&nbsp;&nbsp;&nbsp;&nbsp;&nbsp;&nbsp;&nbsp;&nbsp;&nbsp;&nbsp;&nbsp;&nbsp;&nbsp;&nbsp;&nbsp;&nbsp;&nbsp;&nbsp;&nbsp;&nbsp;&nbsp;&nbsp;&nbsp;&nbsp;&nbsp;&nbsp;&nbsp;1925,00 грн.</p>','Акрил Plexiglas XT',NULL,305.00,1,1,NULL,1,5,NULL,1478437478,1478437478),(287,'333','прозрачный 1,8 мм','product287.htm','Акрил Plexiglas XT прозрачный, толщина 1,8 мм, Германия','<p>Тип&nbsp;&nbsp;&nbsp;&nbsp;&nbsp;&nbsp;&nbsp;&nbsp;&nbsp;&nbsp;&nbsp;&nbsp;&nbsp;&nbsp;&nbsp;&nbsp;&nbsp;&nbsp;&nbsp;&nbsp;&nbsp;&nbsp;&nbsp;&nbsp;&nbsp;&nbsp;&nbsp;&nbsp;&nbsp;&nbsp;&nbsp;&nbsp;&nbsp;&nbsp;&nbsp;&nbsp;&nbsp;&nbsp;&nbsp;&nbsp;&nbsp;&nbsp;&nbsp;&nbsp;&nbsp;&nbsp;&nbsp; экструдированный</p>\r\n<p>Марка&nbsp;&nbsp;&nbsp;&nbsp;&nbsp;&nbsp;&nbsp;&nbsp;&nbsp;&nbsp;&nbsp;&nbsp;&nbsp;&nbsp;&nbsp;&nbsp;&nbsp;&nbsp;&nbsp;&nbsp;&nbsp;&nbsp;&nbsp;&nbsp;&nbsp;&nbsp;&nbsp;&nbsp;&nbsp;&nbsp;&nbsp;&nbsp;&nbsp;&nbsp;&nbsp;&nbsp;&nbsp;&nbsp;&nbsp;&nbsp;&nbsp;&nbsp;&nbsp;&nbsp; Plexiglas XT</p>\r\n<p>Производство&nbsp;&nbsp;&nbsp;&nbsp;&nbsp;&nbsp;&nbsp;&nbsp;&nbsp;&nbsp;&nbsp;&nbsp;&nbsp;&nbsp;&nbsp;&nbsp;&nbsp;&nbsp;&nbsp;&nbsp;&nbsp;&nbsp;&nbsp;&nbsp;&nbsp;&nbsp;&nbsp;&nbsp;&nbsp;&nbsp;&nbsp;&nbsp;&nbsp; Германия</p>\r\n<p>Толщина&nbsp;&nbsp;&nbsp;&nbsp;&nbsp;&nbsp;&nbsp;&nbsp;&nbsp;&nbsp;&nbsp;&nbsp;&nbsp;&nbsp;&nbsp;&nbsp;&nbsp;&nbsp;&nbsp;&nbsp;&nbsp;&nbsp;&nbsp;&nbsp;&nbsp;&nbsp;&nbsp;&nbsp;&nbsp;&nbsp;&nbsp;&nbsp;&nbsp;&nbsp;&nbsp;&nbsp;&nbsp;&nbsp;&nbsp;&nbsp;&nbsp;1,8 мм</p>\r\n<p>Цвет&nbsp;&nbsp;&nbsp;&nbsp;&nbsp;&nbsp;&nbsp;&nbsp;&nbsp;&nbsp;&nbsp;&nbsp;&nbsp;&nbsp;&nbsp;&nbsp;&nbsp;&nbsp;&nbsp;&nbsp;&nbsp;&nbsp;&nbsp;&nbsp;&nbsp;&nbsp;&nbsp;&nbsp;&nbsp;&nbsp;&nbsp;&nbsp;&nbsp;&nbsp;&nbsp;&nbsp;&nbsp;&nbsp;&nbsp;&nbsp;&nbsp;&nbsp;&nbsp;&nbsp;&nbsp;&nbsp; прозрачный</p>\r\n<p>Размер листа&nbsp;&nbsp;&nbsp;&nbsp;&nbsp;&nbsp;&nbsp;&nbsp;&nbsp;&nbsp;&nbsp;&nbsp;&nbsp;&nbsp;&nbsp;&nbsp;&nbsp;&nbsp;&nbsp;&nbsp;&nbsp;&nbsp;&nbsp;&nbsp;&nbsp;&nbsp;&nbsp;&nbsp;&nbsp;&nbsp;&nbsp;&nbsp;&nbsp;&nbsp; 2,05*3,05 м</p>\r\n<p>Цена за лист&nbsp;&nbsp;&nbsp;&nbsp;&nbsp;&nbsp;&nbsp;&nbsp;&nbsp;&nbsp;&nbsp;&nbsp;&nbsp;&nbsp;&nbsp;&nbsp;&nbsp;&nbsp;&nbsp;&nbsp;&nbsp;&nbsp;&nbsp;&nbsp;&nbsp;&nbsp;&nbsp;&nbsp;&nbsp;&nbsp;&nbsp;&nbsp;&nbsp;&nbsp;&nbsp; 2105,00 грн.</p>','Акрил Plexiglas XT',NULL,335.00,1,1,NULL,1,5,NULL,1478437479,1478437479),(288,'334','прозрачный 2 мм','product288.htm','Акрил Plexiglas XT прозрачный, толщина 2 мм, Германия','<p>Тип&nbsp;&nbsp;&nbsp;&nbsp;&nbsp;&nbsp;&nbsp;&nbsp;&nbsp;&nbsp;&nbsp;&nbsp;&nbsp;&nbsp;&nbsp;&nbsp;&nbsp;&nbsp;&nbsp;&nbsp;&nbsp;&nbsp;&nbsp;&nbsp;&nbsp;&nbsp;&nbsp;&nbsp;&nbsp;&nbsp;&nbsp;&nbsp;&nbsp;&nbsp;&nbsp;&nbsp;&nbsp;&nbsp;&nbsp;&nbsp;&nbsp;&nbsp;&nbsp;&nbsp;&nbsp;&nbsp;&nbsp; экструдированный</p>\r\n<p>Марка&nbsp;&nbsp;&nbsp;&nbsp;&nbsp;&nbsp;&nbsp;&nbsp;&nbsp;&nbsp;&nbsp;&nbsp;&nbsp;&nbsp;&nbsp;&nbsp;&nbsp;&nbsp;&nbsp;&nbsp;&nbsp;&nbsp;&nbsp;&nbsp;&nbsp;&nbsp;&nbsp;&nbsp;&nbsp;&nbsp;&nbsp;&nbsp;&nbsp;&nbsp;&nbsp;&nbsp;&nbsp;&nbsp;&nbsp;&nbsp;&nbsp;&nbsp;&nbsp;&nbsp; Plexiglas XT</p>\r\n<p>Производство&nbsp;&nbsp;&nbsp;&nbsp;&nbsp;&nbsp;&nbsp;&nbsp;&nbsp;&nbsp;&nbsp;&nbsp;&nbsp;&nbsp;&nbsp;&nbsp;&nbsp;&nbsp;&nbsp;&nbsp;&nbsp;&nbsp;&nbsp;&nbsp;&nbsp;&nbsp;&nbsp;&nbsp;&nbsp;&nbsp;&nbsp;&nbsp;&nbsp; Германия</p>\r\n<p>Толщина&nbsp;&nbsp;&nbsp;&nbsp;&nbsp;&nbsp;&nbsp;&nbsp;&nbsp;&nbsp;&nbsp;&nbsp;&nbsp;&nbsp;&nbsp;&nbsp;&nbsp;&nbsp;&nbsp;&nbsp;&nbsp;&nbsp;&nbsp;&nbsp;&nbsp;&nbsp;&nbsp;&nbsp;&nbsp;&nbsp;&nbsp;&nbsp;&nbsp;&nbsp;&nbsp;&nbsp;&nbsp;&nbsp;&nbsp;&nbsp;&nbsp;2 мм</p>\r\n<p>Цвет&nbsp;&nbsp;&nbsp;&nbsp;&nbsp;&nbsp;&nbsp;&nbsp;&nbsp;&nbsp;&nbsp;&nbsp;&nbsp;&nbsp;&nbsp;&nbsp;&nbsp;&nbsp;&nbsp;&nbsp;&nbsp;&nbsp;&nbsp;&nbsp;&nbsp;&nbsp;&nbsp;&nbsp;&nbsp;&nbsp;&nbsp;&nbsp;&nbsp;&nbsp;&nbsp;&nbsp;&nbsp;&nbsp;&nbsp;&nbsp;&nbsp;&nbsp;&nbsp;&nbsp;&nbsp;&nbsp; прозрачный</p>\r\n<p>Размер листа&nbsp;&nbsp;&nbsp;&nbsp;&nbsp;&nbsp;&nbsp;&nbsp;&nbsp;&nbsp;&nbsp;&nbsp;&nbsp;&nbsp;&nbsp;&nbsp;&nbsp;&nbsp;&nbsp;&nbsp;&nbsp;&nbsp;&nbsp;&nbsp;&nbsp;&nbsp;&nbsp;&nbsp;&nbsp;&nbsp;&nbsp;&nbsp;&nbsp;&nbsp; 2,05*3,05 м</p>\r\n<p>Цена за лист &nbsp; &nbsp; &nbsp; &nbsp; &nbsp; &nbsp; &nbsp; &nbsp; &nbsp; &nbsp; &nbsp; &nbsp; &nbsp; &nbsp; &nbsp; &nbsp; &nbsp; &nbsp;2360,00 грн.</p>','Акрил Plexiglas XT',NULL,375.00,1,1,NULL,1,5,NULL,1478437477,1478437477),(289,'335','молочный 2 мм','product289.htm','Акрил Plexiglas XT молочный, толщина 2 мм, Германия','<p>Тип&nbsp;&nbsp;&nbsp;&nbsp;&nbsp;&nbsp;&nbsp;&nbsp;&nbsp;&nbsp;&nbsp;&nbsp;&nbsp;&nbsp;&nbsp;&nbsp;&nbsp;&nbsp;&nbsp;&nbsp;&nbsp;&nbsp;&nbsp;&nbsp;&nbsp;&nbsp;&nbsp;&nbsp;&nbsp;&nbsp;&nbsp;&nbsp;&nbsp;&nbsp;&nbsp;&nbsp;&nbsp;&nbsp;&nbsp;&nbsp;&nbsp;&nbsp;&nbsp;&nbsp;&nbsp;&nbsp;&nbsp; экструдированный</p>\r\n<p>Марка&nbsp;&nbsp;&nbsp;&nbsp;&nbsp;&nbsp;&nbsp;&nbsp;&nbsp;&nbsp;&nbsp;&nbsp;&nbsp;&nbsp;&nbsp;&nbsp;&nbsp;&nbsp;&nbsp;&nbsp;&nbsp;&nbsp;&nbsp;&nbsp;&nbsp;&nbsp;&nbsp;&nbsp;&nbsp;&nbsp;&nbsp;&nbsp;&nbsp;&nbsp;&nbsp;&nbsp;&nbsp;&nbsp;&nbsp;&nbsp;&nbsp;&nbsp;&nbsp;&nbsp; Plexiglas XT</p>\r\n<p>Производство&nbsp;&nbsp;&nbsp;&nbsp;&nbsp;&nbsp;&nbsp;&nbsp;&nbsp;&nbsp;&nbsp;&nbsp;&nbsp;&nbsp;&nbsp;&nbsp;&nbsp;&nbsp;&nbsp;&nbsp;&nbsp;&nbsp;&nbsp;&nbsp;&nbsp;&nbsp;&nbsp;&nbsp;&nbsp;&nbsp;&nbsp;&nbsp;&nbsp; Германия</p>\r\n<p>Толщина&nbsp;&nbsp;&nbsp;&nbsp;&nbsp;&nbsp;&nbsp;&nbsp;&nbsp;&nbsp;&nbsp;&nbsp;&nbsp;&nbsp;&nbsp;&nbsp;&nbsp;&nbsp;&nbsp;&nbsp;&nbsp;&nbsp;&nbsp;&nbsp;&nbsp;&nbsp;&nbsp;&nbsp;&nbsp;&nbsp;&nbsp;&nbsp;&nbsp;&nbsp;&nbsp;&nbsp;&nbsp;&nbsp;&nbsp;&nbsp;&nbsp;2 мм</p>\r\n<p>Цвет&nbsp;&nbsp;&nbsp;&nbsp;&nbsp;&nbsp;&nbsp;&nbsp;&nbsp;&nbsp;&nbsp;&nbsp;&nbsp;&nbsp;&nbsp;&nbsp;&nbsp;&nbsp;&nbsp;&nbsp;&nbsp;&nbsp;&nbsp;&nbsp;&nbsp;&nbsp;&nbsp;&nbsp;&nbsp;&nbsp;&nbsp;&nbsp;&nbsp;&nbsp;&nbsp;&nbsp;&nbsp;&nbsp;&nbsp;&nbsp;&nbsp;&nbsp;&nbsp;&nbsp;&nbsp;&nbsp; молочный</p>\r\n<p>Размер листа&nbsp;&nbsp;&nbsp;&nbsp;&nbsp;&nbsp;&nbsp;&nbsp;&nbsp;&nbsp;&nbsp;&nbsp;&nbsp;&nbsp;&nbsp;&nbsp;&nbsp;&nbsp;&nbsp;&nbsp;&nbsp;&nbsp;&nbsp;&nbsp;&nbsp;&nbsp;&nbsp;&nbsp;&nbsp;&nbsp;&nbsp;&nbsp;&nbsp;&nbsp; 2,05*3,05 м</p>\r\n<p>Цена за лист&nbsp;&nbsp;&nbsp;&nbsp;&nbsp;&nbsp;&nbsp;&nbsp;&nbsp;&nbsp;&nbsp;&nbsp;&nbsp;&nbsp;&nbsp;&nbsp;&nbsp;&nbsp;&nbsp;&nbsp;&nbsp;&nbsp;&nbsp;&nbsp;&nbsp;&nbsp;&nbsp;&nbsp;&nbsp;&nbsp;&nbsp;&nbsp;&nbsp;&nbsp;&nbsp; 2440,00 грн.</p>','Акрил Plexiglas XT',NULL,390.00,1,1,NULL,1,5,NULL,1478437481,1478437481),(290,'336','прозрачный 3 мм','product290.htm','Акрил Plexiglas XT прозрачный, толщина 3 мм, Германия','<p>Тип&nbsp;&nbsp;&nbsp;&nbsp;&nbsp;&nbsp;&nbsp;&nbsp;&nbsp;&nbsp;&nbsp;&nbsp;&nbsp;&nbsp;&nbsp;&nbsp;&nbsp;&nbsp;&nbsp;&nbsp;&nbsp;&nbsp;&nbsp;&nbsp;&nbsp;&nbsp;&nbsp;&nbsp;&nbsp;&nbsp;&nbsp;&nbsp;&nbsp;&nbsp;&nbsp;&nbsp;&nbsp;&nbsp;&nbsp;&nbsp;&nbsp;&nbsp;&nbsp;&nbsp;&nbsp;&nbsp;&nbsp; экструдированный</p>\r\n<p>Марка&nbsp;&nbsp;&nbsp;&nbsp;&nbsp;&nbsp;&nbsp;&nbsp;&nbsp;&nbsp;&nbsp;&nbsp;&nbsp;&nbsp;&nbsp;&nbsp;&nbsp;&nbsp;&nbsp;&nbsp;&nbsp;&nbsp;&nbsp;&nbsp;&nbsp;&nbsp;&nbsp;&nbsp;&nbsp;&nbsp;&nbsp;&nbsp;&nbsp;&nbsp;&nbsp;&nbsp;&nbsp;&nbsp;&nbsp;&nbsp;&nbsp;&nbsp;&nbsp;&nbsp; Plexiglas XT</p>\r\n<p>Производство&nbsp;&nbsp;&nbsp;&nbsp;&nbsp;&nbsp;&nbsp;&nbsp;&nbsp;&nbsp;&nbsp;&nbsp;&nbsp;&nbsp;&nbsp;&nbsp;&nbsp;&nbsp;&nbsp;&nbsp;&nbsp;&nbsp;&nbsp;&nbsp;&nbsp;&nbsp;&nbsp;&nbsp;&nbsp;&nbsp;&nbsp;&nbsp;&nbsp; Германия</p>\r\n<p>Толщина&nbsp;&nbsp;&nbsp;&nbsp;&nbsp;&nbsp;&nbsp;&nbsp;&nbsp;&nbsp;&nbsp;&nbsp;&nbsp;&nbsp;&nbsp;&nbsp;&nbsp;&nbsp;&nbsp;&nbsp;&nbsp;&nbsp;&nbsp;&nbsp;&nbsp;&nbsp;&nbsp;&nbsp;&nbsp;&nbsp;&nbsp;&nbsp;&nbsp;&nbsp;&nbsp;&nbsp;&nbsp;&nbsp;&nbsp;&nbsp;&nbsp;3 мм</p>\r\n<p>Цвет&nbsp;&nbsp;&nbsp;&nbsp;&nbsp;&nbsp;&nbsp;&nbsp;&nbsp;&nbsp;&nbsp;&nbsp;&nbsp;&nbsp;&nbsp;&nbsp;&nbsp;&nbsp;&nbsp;&nbsp;&nbsp;&nbsp;&nbsp;&nbsp;&nbsp;&nbsp;&nbsp;&nbsp;&nbsp;&nbsp;&nbsp;&nbsp;&nbsp;&nbsp;&nbsp;&nbsp;&nbsp;&nbsp;&nbsp;&nbsp;&nbsp;&nbsp;&nbsp;&nbsp;&nbsp;&nbsp; прозрачный</p>\r\n<p>Размер листа&nbsp;&nbsp;&nbsp;&nbsp;&nbsp;&nbsp;&nbsp;&nbsp;&nbsp;&nbsp;&nbsp;&nbsp;&nbsp;&nbsp;&nbsp;&nbsp;&nbsp;&nbsp;&nbsp;&nbsp;&nbsp;&nbsp;&nbsp;&nbsp;&nbsp;&nbsp;&nbsp;&nbsp;&nbsp;&nbsp;&nbsp;&nbsp;&nbsp;&nbsp; 2,05*3,05 м</p>\r\n<p>Цена за лист&nbsp;&nbsp;&nbsp;&nbsp;&nbsp;&nbsp;&nbsp;&nbsp;&nbsp;&nbsp;&nbsp;&nbsp;&nbsp;&nbsp;&nbsp;&nbsp;&nbsp;&nbsp;&nbsp;&nbsp;&nbsp;&nbsp;&nbsp;&nbsp;&nbsp;&nbsp;&nbsp;&nbsp;&nbsp;&nbsp;&nbsp;&nbsp;&nbsp;&nbsp;&nbsp; 3490,00 грн.</p>','Акрил Plexiglas XT',NULL,555.00,1,1,NULL,1,5,NULL,1478437481,1478437481),(291,'337','молочный 3 мм','product291.htm','Акрил Plexiglas XT молочный, толщина 3 мм, Германия','<p>Тип&nbsp;&nbsp;&nbsp;&nbsp;&nbsp;&nbsp;&nbsp;&nbsp;&nbsp;&nbsp;&nbsp;&nbsp;&nbsp;&nbsp;&nbsp;&nbsp;&nbsp;&nbsp;&nbsp;&nbsp;&nbsp;&nbsp;&nbsp;&nbsp;&nbsp;&nbsp;&nbsp;&nbsp;&nbsp;&nbsp;&nbsp;&nbsp;&nbsp;&nbsp;&nbsp;&nbsp;&nbsp;&nbsp;&nbsp;&nbsp;&nbsp;&nbsp;&nbsp;&nbsp;&nbsp;&nbsp;&nbsp; экструдированный</p>\r\n<p>Марка&nbsp;&nbsp;&nbsp;&nbsp;&nbsp;&nbsp;&nbsp;&nbsp;&nbsp;&nbsp;&nbsp;&nbsp;&nbsp;&nbsp;&nbsp;&nbsp;&nbsp;&nbsp;&nbsp;&nbsp;&nbsp;&nbsp;&nbsp;&nbsp;&nbsp;&nbsp;&nbsp;&nbsp;&nbsp;&nbsp;&nbsp;&nbsp;&nbsp;&nbsp;&nbsp;&nbsp;&nbsp;&nbsp;&nbsp;&nbsp;&nbsp;&nbsp;&nbsp;&nbsp; Plexiglas XT</p>\r\n<p>Производство&nbsp;&nbsp;&nbsp;&nbsp;&nbsp;&nbsp;&nbsp;&nbsp;&nbsp;&nbsp;&nbsp;&nbsp;&nbsp;&nbsp;&nbsp;&nbsp;&nbsp;&nbsp;&nbsp;&nbsp;&nbsp;&nbsp;&nbsp;&nbsp;&nbsp;&nbsp;&nbsp;&nbsp;&nbsp;&nbsp;&nbsp;&nbsp;&nbsp; Германия</p>\r\n<p>Толщина&nbsp;&nbsp;&nbsp;&nbsp;&nbsp;&nbsp;&nbsp;&nbsp;&nbsp;&nbsp;&nbsp;&nbsp;&nbsp;&nbsp;&nbsp;&nbsp;&nbsp;&nbsp;&nbsp;&nbsp;&nbsp;&nbsp;&nbsp;&nbsp;&nbsp;&nbsp;&nbsp;&nbsp;&nbsp;&nbsp;&nbsp;&nbsp;&nbsp;&nbsp;&nbsp;&nbsp;&nbsp;&nbsp;&nbsp;&nbsp;&nbsp;3 мм</p>\r\n<p>Цвет&nbsp;&nbsp;&nbsp;&nbsp;&nbsp;&nbsp;&nbsp;&nbsp;&nbsp;&nbsp;&nbsp;&nbsp;&nbsp;&nbsp;&nbsp;&nbsp;&nbsp;&nbsp;&nbsp;&nbsp;&nbsp;&nbsp;&nbsp;&nbsp;&nbsp;&nbsp;&nbsp;&nbsp;&nbsp;&nbsp;&nbsp;&nbsp;&nbsp;&nbsp;&nbsp;&nbsp;&nbsp;&nbsp;&nbsp;&nbsp;&nbsp;&nbsp;&nbsp;&nbsp;&nbsp;&nbsp; молочный</p>\r\n<p>Размер листа&nbsp;&nbsp;&nbsp;&nbsp;&nbsp;&nbsp;&nbsp;&nbsp;&nbsp;&nbsp;&nbsp;&nbsp;&nbsp;&nbsp;&nbsp;&nbsp;&nbsp;&nbsp;&nbsp;&nbsp;&nbsp;&nbsp;&nbsp;&nbsp;&nbsp;&nbsp;&nbsp;&nbsp;&nbsp;&nbsp;&nbsp;&nbsp;&nbsp;&nbsp; 2,05*3,05 м</p>\r\n<p>Цена за лист&nbsp;&nbsp;&nbsp;&nbsp;&nbsp;&nbsp;&nbsp;&nbsp;&nbsp;&nbsp;&nbsp;&nbsp;&nbsp;&nbsp;&nbsp;&nbsp;&nbsp;&nbsp;&nbsp;&nbsp;&nbsp;&nbsp;&nbsp;&nbsp;&nbsp;&nbsp;&nbsp;&nbsp;&nbsp;&nbsp;&nbsp;&nbsp;&nbsp;&nbsp;&nbsp;3660,00 грн.</p>','Акрил Plexiglas XT',NULL,585.00,1,1,NULL,1,5,NULL,1478437482,1478437482),(292,'338','цветной 3 мм','product292.htm','Акрил Plexiglas XT цветной, толщина 3 мм, Германия','<p>Тип&nbsp;&nbsp;&nbsp;&nbsp;&nbsp;&nbsp;&nbsp;&nbsp;&nbsp;&nbsp;&nbsp;&nbsp;&nbsp;&nbsp;&nbsp;&nbsp;&nbsp;&nbsp;&nbsp;&nbsp;&nbsp;&nbsp;&nbsp;&nbsp;&nbsp;&nbsp;&nbsp;&nbsp;&nbsp;&nbsp;&nbsp;&nbsp;&nbsp;&nbsp;&nbsp;&nbsp;&nbsp;&nbsp;&nbsp;&nbsp;&nbsp;&nbsp;&nbsp;&nbsp;&nbsp;&nbsp;&nbsp; экструдированный</p>\r\n<p>Марка&nbsp;&nbsp;&nbsp;&nbsp;&nbsp;&nbsp;&nbsp;&nbsp;&nbsp;&nbsp;&nbsp;&nbsp;&nbsp;&nbsp;&nbsp;&nbsp;&nbsp;&nbsp;&nbsp;&nbsp;&nbsp;&nbsp;&nbsp;&nbsp;&nbsp;&nbsp;&nbsp;&nbsp;&nbsp;&nbsp;&nbsp;&nbsp;&nbsp;&nbsp;&nbsp;&nbsp;&nbsp;&nbsp;&nbsp;&nbsp;&nbsp;&nbsp;&nbsp;&nbsp; Plexiglas XT</p>\r\n<p>Производство&nbsp;&nbsp;&nbsp;&nbsp;&nbsp;&nbsp;&nbsp;&nbsp;&nbsp;&nbsp;&nbsp;&nbsp;&nbsp;&nbsp;&nbsp;&nbsp;&nbsp;&nbsp;&nbsp;&nbsp;&nbsp;&nbsp;&nbsp;&nbsp;&nbsp;&nbsp;&nbsp;&nbsp;&nbsp;&nbsp;&nbsp;&nbsp;&nbsp; Германия</p>\r\n<p>Толщина&nbsp;&nbsp;&nbsp;&nbsp;&nbsp;&nbsp;&nbsp;&nbsp;&nbsp;&nbsp;&nbsp;&nbsp;&nbsp;&nbsp;&nbsp;&nbsp;&nbsp;&nbsp;&nbsp;&nbsp;&nbsp;&nbsp;&nbsp;&nbsp;&nbsp;&nbsp;&nbsp;&nbsp;&nbsp;&nbsp;&nbsp;&nbsp;&nbsp;&nbsp;&nbsp;&nbsp;&nbsp;&nbsp;&nbsp;&nbsp;&nbsp;3 мм</p>\r\n<p>Цвет&nbsp;&nbsp;&nbsp;&nbsp;&nbsp;&nbsp;&nbsp;&nbsp;&nbsp;&nbsp;&nbsp;&nbsp;&nbsp;&nbsp;&nbsp;&nbsp;&nbsp;&nbsp;&nbsp;&nbsp;&nbsp;&nbsp;&nbsp;&nbsp;&nbsp;&nbsp;&nbsp;&nbsp;&nbsp;&nbsp;&nbsp;&nbsp;&nbsp;&nbsp;&nbsp;&nbsp;&nbsp;&nbsp;&nbsp;&nbsp;&nbsp;&nbsp;&nbsp;&nbsp;&nbsp;&nbsp; цветной</p>\r\n<p>Размер листа&nbsp;&nbsp;&nbsp;&nbsp;&nbsp;&nbsp;&nbsp;&nbsp;&nbsp;&nbsp;&nbsp;&nbsp;&nbsp;&nbsp;&nbsp;&nbsp;&nbsp;&nbsp;&nbsp;&nbsp;&nbsp;&nbsp;&nbsp;&nbsp;&nbsp;&nbsp;&nbsp;&nbsp;&nbsp;&nbsp;&nbsp;&nbsp;&nbsp;&nbsp; 2,05*3,05 м</p>\r\n<p>Цена за лист&nbsp;&nbsp;&nbsp;&nbsp;&nbsp;&nbsp;&nbsp;&nbsp;&nbsp;&nbsp;&nbsp;&nbsp;&nbsp;&nbsp;&nbsp;&nbsp;&nbsp;&nbsp;&nbsp;&nbsp;&nbsp;&nbsp;&nbsp;&nbsp;&nbsp;&nbsp;&nbsp;&nbsp;&nbsp;&nbsp;&nbsp;&nbsp;&nbsp;&nbsp;&nbsp; 4560,00 грн.</p>','Акрил Plexiglas XT',NULL,725.00,1,1,NULL,1,5,NULL,1478437482,1478437482),(293,'339','прозрачный 4 мм','product293.htm','Акрил Plexiglas XT прозрачный, толщина 4 мм, Германия','<p>Тип&nbsp;&nbsp;&nbsp;&nbsp;&nbsp;&nbsp;&nbsp;&nbsp;&nbsp;&nbsp;&nbsp;&nbsp;&nbsp;&nbsp;&nbsp;&nbsp;&nbsp;&nbsp;&nbsp;&nbsp;&nbsp;&nbsp;&nbsp;&nbsp;&nbsp;&nbsp;&nbsp;&nbsp;&nbsp;&nbsp;&nbsp;&nbsp;&nbsp;&nbsp;&nbsp;&nbsp;&nbsp;&nbsp;&nbsp;&nbsp;&nbsp;&nbsp;&nbsp;&nbsp;&nbsp;&nbsp;&nbsp; экструдированный</p>\r\n<p>Марка&nbsp;&nbsp;&nbsp;&nbsp;&nbsp;&nbsp;&nbsp;&nbsp;&nbsp;&nbsp;&nbsp;&nbsp;&nbsp;&nbsp;&nbsp;&nbsp;&nbsp;&nbsp;&nbsp;&nbsp;&nbsp;&nbsp;&nbsp;&nbsp;&nbsp;&nbsp;&nbsp;&nbsp;&nbsp;&nbsp;&nbsp;&nbsp;&nbsp;&nbsp;&nbsp;&nbsp;&nbsp;&nbsp;&nbsp;&nbsp;&nbsp;&nbsp;&nbsp;&nbsp; Plexiglas XT</p>\r\n<p>Производство&nbsp;&nbsp;&nbsp;&nbsp;&nbsp;&nbsp;&nbsp;&nbsp;&nbsp;&nbsp;&nbsp;&nbsp;&nbsp;&nbsp;&nbsp;&nbsp;&nbsp;&nbsp;&nbsp;&nbsp;&nbsp;&nbsp;&nbsp;&nbsp;&nbsp;&nbsp;&nbsp;&nbsp;&nbsp;&nbsp;&nbsp;&nbsp;&nbsp; Германия</p>\r\n<p>Толщина&nbsp;&nbsp;&nbsp;&nbsp;&nbsp;&nbsp;&nbsp;&nbsp;&nbsp;&nbsp;&nbsp;&nbsp;&nbsp;&nbsp;&nbsp;&nbsp;&nbsp;&nbsp;&nbsp;&nbsp;&nbsp;&nbsp;&nbsp;&nbsp;&nbsp;&nbsp;&nbsp;&nbsp;&nbsp;&nbsp;&nbsp;&nbsp;&nbsp;&nbsp;&nbsp;&nbsp;&nbsp;&nbsp;&nbsp;&nbsp;&nbsp;4 мм</p>\r\n<p>Цвет&nbsp;&nbsp;&nbsp;&nbsp;&nbsp;&nbsp;&nbsp;&nbsp;&nbsp;&nbsp;&nbsp;&nbsp;&nbsp;&nbsp;&nbsp;&nbsp;&nbsp;&nbsp;&nbsp;&nbsp;&nbsp;&nbsp;&nbsp;&nbsp;&nbsp;&nbsp;&nbsp;&nbsp;&nbsp;&nbsp;&nbsp;&nbsp;&nbsp;&nbsp;&nbsp;&nbsp;&nbsp;&nbsp;&nbsp;&nbsp;&nbsp;&nbsp;&nbsp;&nbsp;&nbsp;&nbsp; прозрачный</p>\r\n<p>Размер листа&nbsp;&nbsp;&nbsp;&nbsp;&nbsp;&nbsp;&nbsp;&nbsp;&nbsp;&nbsp;&nbsp;&nbsp;&nbsp;&nbsp;&nbsp;&nbsp;&nbsp;&nbsp;&nbsp;&nbsp;&nbsp;&nbsp;&nbsp;&nbsp;&nbsp;&nbsp;&nbsp;&nbsp;&nbsp;&nbsp;&nbsp;&nbsp;&nbsp;&nbsp; 2,05*3,05 м</p>\r\n<p>Цена за лист&nbsp;&nbsp;&nbsp;&nbsp;&nbsp;&nbsp;&nbsp;&nbsp;&nbsp;&nbsp;&nbsp;&nbsp;&nbsp;&nbsp;&nbsp;&nbsp;&nbsp;&nbsp;&nbsp;&nbsp;&nbsp;&nbsp;&nbsp;&nbsp;&nbsp;&nbsp;&nbsp;&nbsp;&nbsp;&nbsp;&nbsp;&nbsp;&nbsp;&nbsp;&nbsp; 4650,00 грн.</p>','Акрил Plexiglas XT',NULL,740.00,1,1,NULL,1,5,NULL,1478437483,1478437483),(294,'340','молочный 4 мм','product294.htm','Акрил Plexiglas XT молочный, толщина 4 мм, Германия','<p>Тип&nbsp;&nbsp;&nbsp;&nbsp;&nbsp;&nbsp;&nbsp;&nbsp;&nbsp;&nbsp;&nbsp;&nbsp;&nbsp;&nbsp;&nbsp;&nbsp;&nbsp;&nbsp;&nbsp;&nbsp;&nbsp;&nbsp;&nbsp;&nbsp;&nbsp;&nbsp;&nbsp;&nbsp;&nbsp;&nbsp;&nbsp;&nbsp;&nbsp;&nbsp;&nbsp;&nbsp;&nbsp;&nbsp;&nbsp;&nbsp;&nbsp;&nbsp;&nbsp;&nbsp;&nbsp;&nbsp;&nbsp; экструдированный</p>\r\n<p>Марка&nbsp;&nbsp;&nbsp;&nbsp;&nbsp;&nbsp;&nbsp;&nbsp;&nbsp;&nbsp;&nbsp;&nbsp;&nbsp;&nbsp;&nbsp;&nbsp;&nbsp;&nbsp;&nbsp;&nbsp;&nbsp;&nbsp;&nbsp;&nbsp;&nbsp;&nbsp;&nbsp;&nbsp;&nbsp;&nbsp;&nbsp;&nbsp;&nbsp;&nbsp;&nbsp;&nbsp;&nbsp;&nbsp;&nbsp;&nbsp;&nbsp;&nbsp;&nbsp;&nbsp; Plexiglas XT</p>\r\n<p>Производство&nbsp;&nbsp;&nbsp;&nbsp;&nbsp;&nbsp;&nbsp;&nbsp;&nbsp;&nbsp;&nbsp;&nbsp;&nbsp;&nbsp;&nbsp;&nbsp;&nbsp;&nbsp;&nbsp;&nbsp;&nbsp;&nbsp;&nbsp;&nbsp;&nbsp;&nbsp;&nbsp;&nbsp;&nbsp;&nbsp;&nbsp;&nbsp;&nbsp; Германия</p>\r\n<p>Толщина&nbsp;&nbsp;&nbsp;&nbsp;&nbsp;&nbsp;&nbsp;&nbsp;&nbsp;&nbsp;&nbsp;&nbsp;&nbsp;&nbsp;&nbsp;&nbsp;&nbsp;&nbsp;&nbsp;&nbsp;&nbsp;&nbsp;&nbsp;&nbsp;&nbsp;&nbsp;&nbsp;&nbsp;&nbsp;&nbsp;&nbsp;&nbsp;&nbsp;&nbsp;&nbsp;&nbsp;&nbsp;&nbsp;&nbsp;&nbsp;&nbsp;4 мм</p>\r\n<p>Цвет&nbsp;&nbsp;&nbsp;&nbsp;&nbsp;&nbsp;&nbsp;&nbsp;&nbsp;&nbsp;&nbsp;&nbsp;&nbsp;&nbsp;&nbsp;&nbsp;&nbsp;&nbsp;&nbsp;&nbsp;&nbsp;&nbsp;&nbsp;&nbsp;&nbsp;&nbsp;&nbsp;&nbsp;&nbsp;&nbsp;&nbsp;&nbsp;&nbsp;&nbsp;&nbsp;&nbsp;&nbsp;&nbsp;&nbsp;&nbsp;&nbsp;&nbsp;&nbsp;&nbsp;&nbsp;&nbsp; молочный</p>\r\n<p>Размер листа&nbsp;&nbsp;&nbsp;&nbsp;&nbsp;&nbsp;&nbsp;&nbsp;&nbsp;&nbsp;&nbsp;&nbsp;&nbsp;&nbsp;&nbsp;&nbsp;&nbsp;&nbsp;&nbsp;&nbsp;&nbsp;&nbsp;&nbsp;&nbsp;&nbsp;&nbsp;&nbsp;&nbsp;&nbsp;&nbsp;&nbsp;&nbsp;&nbsp;&nbsp; 2,05*3,05 м</p>\r\n<p>Цена за лист &nbsp; &nbsp; &nbsp; &nbsp; &nbsp; &nbsp; &nbsp; &nbsp; &nbsp; &nbsp; &nbsp; &nbsp; &nbsp; &nbsp; &nbsp; &nbsp; &nbsp; &nbsp;4890,00 грн.</p>','Акрил Plexiglas XT',NULL,780.00,1,1,NULL,1,5,NULL,1478437483,1478437483),(295,'341','прозрачный 5 мм','product295.htm','Акрил Plexiglas XT прозрачный, толщина 5 мм, Германия','<p>Тип&nbsp;&nbsp;&nbsp;&nbsp;&nbsp;&nbsp;&nbsp;&nbsp;&nbsp;&nbsp;&nbsp;&nbsp;&nbsp;&nbsp;&nbsp;&nbsp;&nbsp;&nbsp;&nbsp;&nbsp;&nbsp;&nbsp;&nbsp;&nbsp;&nbsp;&nbsp;&nbsp;&nbsp;&nbsp;&nbsp;&nbsp;&nbsp;&nbsp;&nbsp;&nbsp;&nbsp;&nbsp;&nbsp;&nbsp;&nbsp;&nbsp;&nbsp;&nbsp;&nbsp;&nbsp;&nbsp;&nbsp; экструдированный</p>\r\n<p>Марка&nbsp;&nbsp;&nbsp;&nbsp;&nbsp;&nbsp;&nbsp;&nbsp;&nbsp;&nbsp;&nbsp;&nbsp;&nbsp;&nbsp;&nbsp;&nbsp;&nbsp;&nbsp;&nbsp;&nbsp;&nbsp;&nbsp;&nbsp;&nbsp;&nbsp;&nbsp;&nbsp;&nbsp;&nbsp;&nbsp;&nbsp;&nbsp;&nbsp;&nbsp;&nbsp;&nbsp;&nbsp;&nbsp;&nbsp;&nbsp;&nbsp;&nbsp;&nbsp;&nbsp; Plexiglas XT</p>\r\n<p>Производство&nbsp;&nbsp;&nbsp;&nbsp;&nbsp;&nbsp;&nbsp;&nbsp;&nbsp;&nbsp;&nbsp;&nbsp;&nbsp;&nbsp;&nbsp;&nbsp;&nbsp;&nbsp;&nbsp;&nbsp;&nbsp;&nbsp;&nbsp;&nbsp;&nbsp;&nbsp;&nbsp;&nbsp;&nbsp;&nbsp;&nbsp;&nbsp;&nbsp; Германия</p>\r\n<p>Толщина&nbsp;&nbsp;&nbsp;&nbsp;&nbsp;&nbsp;&nbsp;&nbsp;&nbsp;&nbsp;&nbsp;&nbsp;&nbsp;&nbsp;&nbsp;&nbsp;&nbsp;&nbsp;&nbsp;&nbsp;&nbsp;&nbsp;&nbsp;&nbsp;&nbsp;&nbsp;&nbsp;&nbsp;&nbsp;&nbsp;&nbsp;&nbsp;&nbsp;&nbsp;&nbsp;&nbsp;&nbsp;&nbsp;&nbsp;&nbsp;&nbsp;5 мм</p>\r\n<p>Цвет&nbsp;&nbsp;&nbsp;&nbsp;&nbsp;&nbsp;&nbsp;&nbsp;&nbsp;&nbsp;&nbsp;&nbsp;&nbsp;&nbsp;&nbsp;&nbsp;&nbsp;&nbsp;&nbsp;&nbsp;&nbsp;&nbsp;&nbsp;&nbsp;&nbsp;&nbsp;&nbsp;&nbsp;&nbsp;&nbsp;&nbsp;&nbsp;&nbsp;&nbsp;&nbsp;&nbsp;&nbsp;&nbsp;&nbsp;&nbsp;&nbsp;&nbsp;&nbsp;&nbsp;&nbsp;&nbsp; прозрачный</p>\r\n<p>Размер листа&nbsp;&nbsp;&nbsp;&nbsp;&nbsp;&nbsp;&nbsp;&nbsp;&nbsp;&nbsp;&nbsp;&nbsp;&nbsp;&nbsp;&nbsp;&nbsp;&nbsp;&nbsp;&nbsp;&nbsp;&nbsp;&nbsp;&nbsp;&nbsp;&nbsp;&nbsp;&nbsp;&nbsp;&nbsp;&nbsp;&nbsp;&nbsp;&nbsp;&nbsp; 2,05*3,05 м</p>\r\n<p>Цена за лист&nbsp;&nbsp;&nbsp;&nbsp;&nbsp;&nbsp;&nbsp;&nbsp;&nbsp;&nbsp;&nbsp;&nbsp;&nbsp;&nbsp;&nbsp;&nbsp;&nbsp;&nbsp;&nbsp;&nbsp;&nbsp;&nbsp;&nbsp;&nbsp;&nbsp;&nbsp;&nbsp;&nbsp;&nbsp;&nbsp;&nbsp;&nbsp;&nbsp;&nbsp;&nbsp; 6440,00 грн.</p>','Акрил Plexiglas XT',NULL,1030.00,1,1,NULL,1,5,NULL,1478437484,1478437484),(296,'342','молочный 5 мм','product296.htm','Акрил Plexiglas XT молочный, толщина 5 мм, Германия','<p>Тип&nbsp;&nbsp;&nbsp;&nbsp;&nbsp;&nbsp;&nbsp;&nbsp;&nbsp;&nbsp;&nbsp;&nbsp;&nbsp;&nbsp;&nbsp;&nbsp;&nbsp;&nbsp;&nbsp;&nbsp;&nbsp;&nbsp;&nbsp;&nbsp;&nbsp;&nbsp;&nbsp;&nbsp;&nbsp;&nbsp;&nbsp;&nbsp;&nbsp;&nbsp;&nbsp;&nbsp;&nbsp;&nbsp;&nbsp;&nbsp;&nbsp;&nbsp;&nbsp;&nbsp;&nbsp;&nbsp;&nbsp; экструдированный</p>\r\n<p>Марка&nbsp;&nbsp;&nbsp;&nbsp;&nbsp;&nbsp;&nbsp;&nbsp;&nbsp;&nbsp;&nbsp;&nbsp;&nbsp;&nbsp;&nbsp;&nbsp;&nbsp;&nbsp;&nbsp;&nbsp;&nbsp;&nbsp;&nbsp;&nbsp;&nbsp;&nbsp;&nbsp;&nbsp;&nbsp;&nbsp;&nbsp;&nbsp;&nbsp;&nbsp;&nbsp;&nbsp;&nbsp;&nbsp;&nbsp;&nbsp;&nbsp;&nbsp;&nbsp;&nbsp; Plexiglas XT</p>\r\n<p>Производство&nbsp;&nbsp;&nbsp;&nbsp;&nbsp;&nbsp;&nbsp;&nbsp;&nbsp;&nbsp;&nbsp;&nbsp;&nbsp;&nbsp;&nbsp;&nbsp;&nbsp;&nbsp;&nbsp;&nbsp;&nbsp;&nbsp;&nbsp;&nbsp;&nbsp;&nbsp;&nbsp;&nbsp;&nbsp;&nbsp;&nbsp;&nbsp;&nbsp; Германия</p>\r\n<p>Толщина&nbsp;&nbsp;&nbsp;&nbsp;&nbsp;&nbsp;&nbsp;&nbsp;&nbsp;&nbsp;&nbsp;&nbsp;&nbsp;&nbsp;&nbsp;&nbsp;&nbsp;&nbsp;&nbsp;&nbsp;&nbsp;&nbsp;&nbsp;&nbsp;&nbsp;&nbsp;&nbsp;&nbsp;&nbsp;&nbsp;&nbsp;&nbsp;&nbsp;&nbsp;&nbsp;&nbsp;&nbsp;&nbsp;&nbsp;&nbsp;&nbsp;5 мм</p>\r\n<p>Цвет&nbsp;&nbsp;&nbsp;&nbsp;&nbsp;&nbsp;&nbsp;&nbsp;&nbsp;&nbsp;&nbsp;&nbsp;&nbsp;&nbsp;&nbsp;&nbsp;&nbsp;&nbsp;&nbsp;&nbsp;&nbsp;&nbsp;&nbsp;&nbsp;&nbsp;&nbsp;&nbsp;&nbsp;&nbsp;&nbsp;&nbsp;&nbsp;&nbsp;&nbsp;&nbsp;&nbsp;&nbsp;&nbsp;&nbsp;&nbsp;&nbsp;&nbsp;&nbsp;&nbsp;&nbsp;&nbsp; молочный</p>\r\n<p>Размер листа&nbsp;&nbsp;&nbsp;&nbsp;&nbsp;&nbsp;&nbsp;&nbsp;&nbsp;&nbsp;&nbsp;&nbsp;&nbsp;&nbsp;&nbsp;&nbsp;&nbsp;&nbsp;&nbsp;&nbsp;&nbsp;&nbsp;&nbsp;&nbsp;&nbsp;&nbsp;&nbsp;&nbsp;&nbsp;&nbsp;&nbsp;&nbsp;&nbsp;&nbsp; 2,05*3,05 м</p>\r\n<p>Цена за лист&nbsp;&nbsp;&nbsp;&nbsp;&nbsp;&nbsp;&nbsp;&nbsp;&nbsp;&nbsp;&nbsp;&nbsp;&nbsp;&nbsp;&nbsp;&nbsp;&nbsp;&nbsp;&nbsp;&nbsp;&nbsp;&nbsp;&nbsp;&nbsp;&nbsp;&nbsp;&nbsp;&nbsp;&nbsp;&nbsp;&nbsp;&nbsp;&nbsp;&nbsp;&nbsp; 6760,00 грн.</p>','Акрил Plexiglas XT',NULL,1080.00,1,1,NULL,1,5,NULL,1478437484,1478437484),(297,'343','прозрачный 6 мм','product297.htm','Акрил Plexiglas XT прозрачный, толщина 6 мм, Германия','<p>Тип&nbsp;&nbsp;&nbsp;&nbsp;&nbsp;&nbsp;&nbsp;&nbsp;&nbsp;&nbsp;&nbsp;&nbsp;&nbsp;&nbsp;&nbsp;&nbsp;&nbsp;&nbsp;&nbsp;&nbsp;&nbsp;&nbsp;&nbsp;&nbsp;&nbsp;&nbsp;&nbsp;&nbsp;&nbsp;&nbsp;&nbsp;&nbsp;&nbsp;&nbsp;&nbsp;&nbsp;&nbsp;&nbsp;&nbsp;&nbsp;&nbsp;&nbsp;&nbsp;&nbsp;&nbsp;&nbsp;&nbsp; экструдированный</p>\r\n<p>Марка&nbsp;&nbsp;&nbsp;&nbsp;&nbsp;&nbsp;&nbsp;&nbsp;&nbsp;&nbsp;&nbsp;&nbsp;&nbsp;&nbsp;&nbsp;&nbsp;&nbsp;&nbsp;&nbsp;&nbsp;&nbsp;&nbsp;&nbsp;&nbsp;&nbsp;&nbsp;&nbsp;&nbsp;&nbsp;&nbsp;&nbsp;&nbsp;&nbsp;&nbsp;&nbsp;&nbsp;&nbsp;&nbsp;&nbsp;&nbsp;&nbsp;&nbsp;&nbsp;&nbsp; Plexiglas XT</p>\r\n<p>Производство&nbsp;&nbsp;&nbsp;&nbsp;&nbsp;&nbsp;&nbsp;&nbsp;&nbsp;&nbsp;&nbsp;&nbsp;&nbsp;&nbsp;&nbsp;&nbsp;&nbsp;&nbsp;&nbsp;&nbsp;&nbsp;&nbsp;&nbsp;&nbsp;&nbsp;&nbsp;&nbsp;&nbsp;&nbsp;&nbsp;&nbsp;&nbsp;&nbsp; Германия</p>\r\n<p>Толщина&nbsp;&nbsp;&nbsp;&nbsp;&nbsp;&nbsp;&nbsp;&nbsp;&nbsp;&nbsp;&nbsp;&nbsp;&nbsp;&nbsp;&nbsp;&nbsp;&nbsp;&nbsp;&nbsp;&nbsp;&nbsp;&nbsp;&nbsp;&nbsp;&nbsp;&nbsp;&nbsp;&nbsp;&nbsp;&nbsp;&nbsp;&nbsp;&nbsp;&nbsp;&nbsp;&nbsp;&nbsp;&nbsp;&nbsp;&nbsp;&nbsp;6 мм</p>\r\n<p>Цвет&nbsp;&nbsp;&nbsp;&nbsp;&nbsp;&nbsp;&nbsp;&nbsp;&nbsp;&nbsp;&nbsp;&nbsp;&nbsp;&nbsp;&nbsp;&nbsp;&nbsp;&nbsp;&nbsp;&nbsp;&nbsp;&nbsp;&nbsp;&nbsp;&nbsp;&nbsp;&nbsp;&nbsp;&nbsp;&nbsp;&nbsp;&nbsp;&nbsp;&nbsp;&nbsp;&nbsp;&nbsp;&nbsp;&nbsp;&nbsp;&nbsp;&nbsp;&nbsp;&nbsp;&nbsp;&nbsp; прозрачный</p>\r\n<p>Размер листа&nbsp;&nbsp;&nbsp;&nbsp;&nbsp;&nbsp;&nbsp;&nbsp;&nbsp;&nbsp;&nbsp;&nbsp;&nbsp;&nbsp;&nbsp;&nbsp;&nbsp;&nbsp;&nbsp;&nbsp;&nbsp;&nbsp;&nbsp;&nbsp;&nbsp;&nbsp;&nbsp;&nbsp;&nbsp;&nbsp;&nbsp;&nbsp;&nbsp;&nbsp; 2,05*3,05 м</p>\r\n<p>Цена за лист&nbsp;&nbsp;&nbsp;&nbsp;&nbsp;&nbsp;&nbsp;&nbsp;&nbsp;&nbsp;&nbsp;&nbsp;&nbsp;&nbsp;&nbsp;&nbsp;&nbsp;&nbsp;&nbsp;&nbsp;&nbsp;&nbsp;&nbsp;&nbsp;&nbsp;&nbsp;&nbsp;&nbsp;&nbsp;&nbsp;&nbsp;&nbsp;&nbsp;&nbsp;&nbsp; 7730,00 грн.</p>','Акрил Plexiglas XT',NULL,1230.00,1,1,NULL,1,5,NULL,1478437485,1478437485),(298,'344','молочный 6 мм','product298.htm','Акрил Plexiglas XT молочный, толщина 6 мм, Германия','<P>Тип&nbsp;&nbsp;&nbsp;&nbsp;&nbsp;&nbsp;&nbsp;&nbsp;&nbsp;&nbsp;&nbsp;&nbsp;&nbsp;&nbsp;&nbsp;&nbsp;&nbsp;&nbsp;&nbsp;&nbsp;&nbsp;&nbsp;&nbsp;&nbsp;&nbsp;&nbsp;&nbsp;&nbsp;&nbsp;&nbsp;&nbsp;&nbsp;&nbsp;&nbsp;&nbsp;&nbsp;&nbsp;&nbsp;&nbsp;&nbsp;&nbsp;&nbsp;&nbsp;&nbsp;&nbsp;&nbsp;&nbsp; экструдированный</P>\r\n<P>Марка&nbsp;&nbsp;&nbsp;&nbsp;&nbsp;&nbsp;&nbsp;&nbsp;&nbsp;&nbsp;&nbsp;&nbsp;&nbsp;&nbsp;&nbsp;&nbsp;&nbsp;&nbsp;&nbsp;&nbsp;&nbsp;&nbsp;&nbsp;&nbsp;&nbsp;&nbsp;&nbsp;&nbsp;&nbsp;&nbsp;&nbsp;&nbsp;&nbsp;&nbsp;&nbsp;&nbsp;&nbsp;&nbsp;&nbsp;&nbsp;&nbsp;&nbsp;&nbsp;&nbsp; Plexiglas XT</P>\r\n<P>Производство&nbsp;&nbsp;&nbsp;&nbsp;&nbsp;&nbsp;&nbsp;&nbsp;&nbsp;&nbsp;&nbsp;&nbsp;&nbsp;&nbsp;&nbsp;&nbsp;&nbsp;&nbsp;&nbsp;&nbsp;&nbsp;&nbsp;&nbsp;&nbsp;&nbsp;&nbsp;&nbsp;&nbsp;&nbsp;&nbsp;&nbsp;&nbsp;&nbsp; Германия</P>\r\n<P>Толщина&nbsp;&nbsp;&nbsp;&nbsp;&nbsp;&nbsp;&nbsp;&nbsp;&nbsp;&nbsp;&nbsp;&nbsp;&nbsp;&nbsp;&nbsp;&nbsp;&nbsp;&nbsp;&nbsp;&nbsp;&nbsp;&nbsp;&nbsp;&nbsp;&nbsp;&nbsp;&nbsp;&nbsp;&nbsp;&nbsp;&nbsp;&nbsp;&nbsp;&nbsp;&nbsp;&nbsp;&nbsp;&nbsp;&nbsp;&nbsp;&nbsp;6 мм</P>\r\n<P>Цвет&nbsp;&nbsp;&nbsp;&nbsp;&nbsp;&nbsp;&nbsp;&nbsp;&nbsp;&nbsp;&nbsp;&nbsp;&nbsp;&nbsp;&nbsp;&nbsp;&nbsp;&nbsp;&nbsp;&nbsp;&nbsp;&nbsp;&nbsp;&nbsp;&nbsp;&nbsp;&nbsp;&nbsp;&nbsp;&nbsp;&nbsp;&nbsp;&nbsp;&nbsp;&nbsp;&nbsp;&nbsp;&nbsp;&nbsp;&nbsp;&nbsp;&nbsp;&nbsp;&nbsp;&nbsp;&nbsp; молочный</P>\r\n<P>Размер листа&nbsp;&nbsp;&nbsp;&nbsp;&nbsp;&nbsp;&nbsp;&nbsp;&nbsp;&nbsp;&nbsp;&nbsp;&nbsp;&nbsp;&nbsp;&nbsp;&nbsp;&nbsp;&nbsp;&nbsp;&nbsp;&nbsp;&nbsp;&nbsp;&nbsp;&nbsp;&nbsp;&nbsp;&nbsp;&nbsp;&nbsp;&nbsp;&nbsp;&nbsp; 2,05*3,05 м</P>\r\n<P>Цена за лист&nbsp;&nbsp;&nbsp;&nbsp;&nbsp;&nbsp;&nbsp;&nbsp;&nbsp;&nbsp;&nbsp;&nbsp;&nbsp;&nbsp;&nbsp;&nbsp;&nbsp;&nbsp;&nbsp;&nbsp;&nbsp;&nbsp;&nbsp;&nbsp;&nbsp;&nbsp;&nbsp;&nbsp;&nbsp;&nbsp;&nbsp;&nbsp;&nbsp;&nbsp;&nbsp; 2674,00 грн.</P>','Акрил Plexiglas XT',NULL,427.60,1,0,NULL,1,5,NULL,1478437485,1478437485),(299,'345','прозрачный 8 мм','product299.htm','Акрил Plexiglas XT прозрачный, толщина 8 мм, Германия','<p>Тип&nbsp;&nbsp;&nbsp;&nbsp;&nbsp;&nbsp;&nbsp;&nbsp;&nbsp;&nbsp;&nbsp;&nbsp;&nbsp;&nbsp;&nbsp;&nbsp;&nbsp;&nbsp;&nbsp;&nbsp;&nbsp;&nbsp;&nbsp;&nbsp;&nbsp;&nbsp;&nbsp;&nbsp;&nbsp;&nbsp;&nbsp;&nbsp;&nbsp;&nbsp;&nbsp;&nbsp;&nbsp;&nbsp;&nbsp;&nbsp;&nbsp;&nbsp;&nbsp;&nbsp;&nbsp;&nbsp;&nbsp; экструдированный</p>\r\n<p>Марка&nbsp;&nbsp;&nbsp;&nbsp;&nbsp;&nbsp;&nbsp;&nbsp;&nbsp;&nbsp;&nbsp;&nbsp;&nbsp;&nbsp;&nbsp;&nbsp;&nbsp;&nbsp;&nbsp;&nbsp;&nbsp;&nbsp;&nbsp;&nbsp;&nbsp;&nbsp;&nbsp;&nbsp;&nbsp;&nbsp;&nbsp;&nbsp;&nbsp;&nbsp;&nbsp;&nbsp;&nbsp;&nbsp;&nbsp;&nbsp;&nbsp;&nbsp;&nbsp;&nbsp; Plexiglas XT</p>\r\n<p>Производство&nbsp;&nbsp;&nbsp;&nbsp;&nbsp;&nbsp;&nbsp;&nbsp;&nbsp;&nbsp;&nbsp;&nbsp;&nbsp;&nbsp;&nbsp;&nbsp;&nbsp;&nbsp;&nbsp;&nbsp;&nbsp;&nbsp;&nbsp;&nbsp;&nbsp;&nbsp;&nbsp;&nbsp;&nbsp;&nbsp;&nbsp;&nbsp;&nbsp; Германия</p>\r\n<p>Толщина&nbsp;&nbsp;&nbsp;&nbsp;&nbsp;&nbsp;&nbsp;&nbsp;&nbsp;&nbsp;&nbsp;&nbsp;&nbsp;&nbsp;&nbsp;&nbsp;&nbsp;&nbsp;&nbsp;&nbsp;&nbsp;&nbsp;&nbsp;&nbsp;&nbsp;&nbsp;&nbsp;&nbsp;&nbsp;&nbsp;&nbsp;&nbsp;&nbsp;&nbsp;&nbsp;&nbsp;&nbsp;&nbsp;&nbsp;&nbsp;&nbsp;8 мм</p>\r\n<p>Цвет&nbsp;&nbsp;&nbsp;&nbsp;&nbsp;&nbsp;&nbsp;&nbsp;&nbsp;&nbsp;&nbsp;&nbsp;&nbsp;&nbsp;&nbsp;&nbsp;&nbsp;&nbsp;&nbsp;&nbsp;&nbsp;&nbsp;&nbsp;&nbsp;&nbsp;&nbsp;&nbsp;&nbsp;&nbsp;&nbsp;&nbsp;&nbsp;&nbsp;&nbsp;&nbsp;&nbsp;&nbsp;&nbsp;&nbsp;&nbsp;&nbsp;&nbsp;&nbsp;&nbsp;&nbsp;&nbsp; прозрачный</p>\r\n<p>Размер листа&nbsp;&nbsp;&nbsp;&nbsp;&nbsp;&nbsp;&nbsp;&nbsp;&nbsp;&nbsp;&nbsp;&nbsp;&nbsp;&nbsp;&nbsp;&nbsp;&nbsp;&nbsp;&nbsp;&nbsp;&nbsp;&nbsp;&nbsp;&nbsp;&nbsp;&nbsp;&nbsp;&nbsp;&nbsp;&nbsp;&nbsp;&nbsp;&nbsp;&nbsp; 2,05*3,05 м</p>\r\n<p>Цена за лист&nbsp;&nbsp;&nbsp;&nbsp;&nbsp;&nbsp;&nbsp;&nbsp;&nbsp;&nbsp;&nbsp;&nbsp;&nbsp;&nbsp;&nbsp;&nbsp;&nbsp;&nbsp;&nbsp;&nbsp;&nbsp;&nbsp;&nbsp;&nbsp;&nbsp;&nbsp;&nbsp;&nbsp;&nbsp;&nbsp;&nbsp;&nbsp;&nbsp;&nbsp;&nbsp; 10300,00 грн.</p>','Акрил Plexiglas XT',NULL,1640.00,1,1,NULL,1,5,NULL,1478437485,1478437485),(300,'346','прозрачный 10 мм','product300.htm','Акрил Plexiglas XT прозрачный, толщина 10 мм, Германия','<p>Тип&nbsp;&nbsp;&nbsp;&nbsp;&nbsp;&nbsp;&nbsp;&nbsp;&nbsp;&nbsp;&nbsp;&nbsp;&nbsp;&nbsp;&nbsp;&nbsp;&nbsp;&nbsp;&nbsp;&nbsp;&nbsp;&nbsp;&nbsp;&nbsp;&nbsp;&nbsp;&nbsp;&nbsp;&nbsp;&nbsp;&nbsp;&nbsp;&nbsp;&nbsp;&nbsp;&nbsp;&nbsp;&nbsp;&nbsp;&nbsp;&nbsp;&nbsp;&nbsp;&nbsp;&nbsp;&nbsp;&nbsp; экструдированный</p>\r\n<p>Марка&nbsp;&nbsp;&nbsp;&nbsp;&nbsp;&nbsp;&nbsp;&nbsp;&nbsp;&nbsp;&nbsp;&nbsp;&nbsp;&nbsp;&nbsp;&nbsp;&nbsp;&nbsp;&nbsp;&nbsp;&nbsp;&nbsp;&nbsp;&nbsp;&nbsp;&nbsp;&nbsp;&nbsp;&nbsp;&nbsp;&nbsp;&nbsp;&nbsp;&nbsp;&nbsp;&nbsp;&nbsp;&nbsp;&nbsp;&nbsp;&nbsp;&nbsp;&nbsp;&nbsp; Plexiglas XT</p>\r\n<p>Производство&nbsp;&nbsp;&nbsp;&nbsp;&nbsp;&nbsp;&nbsp;&nbsp;&nbsp;&nbsp;&nbsp;&nbsp;&nbsp;&nbsp;&nbsp;&nbsp;&nbsp;&nbsp;&nbsp;&nbsp;&nbsp;&nbsp;&nbsp;&nbsp;&nbsp;&nbsp;&nbsp;&nbsp;&nbsp;&nbsp;&nbsp;&nbsp;&nbsp; Германия</p>\r\n<p>Толщина&nbsp;&nbsp;&nbsp;&nbsp;&nbsp;&nbsp;&nbsp;&nbsp;&nbsp;&nbsp;&nbsp;&nbsp;&nbsp;&nbsp;&nbsp;&nbsp;&nbsp;&nbsp;&nbsp;&nbsp;&nbsp;&nbsp;&nbsp;&nbsp;&nbsp;&nbsp;&nbsp;&nbsp;&nbsp;&nbsp;&nbsp;&nbsp;&nbsp;&nbsp;&nbsp;&nbsp;&nbsp;&nbsp;&nbsp;&nbsp;&nbsp;10 мм</p>\r\n<p>Цвет&nbsp;&nbsp;&nbsp;&nbsp;&nbsp;&nbsp;&nbsp;&nbsp;&nbsp;&nbsp;&nbsp;&nbsp;&nbsp;&nbsp;&nbsp;&nbsp;&nbsp;&nbsp;&nbsp;&nbsp;&nbsp;&nbsp;&nbsp;&nbsp;&nbsp;&nbsp;&nbsp;&nbsp;&nbsp;&nbsp;&nbsp;&nbsp;&nbsp;&nbsp;&nbsp;&nbsp;&nbsp;&nbsp;&nbsp;&nbsp;&nbsp;&nbsp;&nbsp;&nbsp;&nbsp;&nbsp; прозрачный</p>\r\n<p>Размер листа&nbsp;&nbsp;&nbsp;&nbsp;&nbsp;&nbsp;&nbsp;&nbsp;&nbsp;&nbsp;&nbsp;&nbsp;&nbsp;&nbsp;&nbsp;&nbsp;&nbsp;&nbsp;&nbsp;&nbsp;&nbsp;&nbsp;&nbsp;&nbsp;&nbsp;&nbsp;&nbsp;&nbsp;&nbsp;&nbsp;&nbsp;&nbsp;&nbsp;&nbsp; 2,05*3,05 м</p>\r\n<p>Цена за лист &nbsp; &nbsp; &nbsp; &nbsp; &nbsp; &nbsp; &nbsp; &nbsp; &nbsp; &nbsp; &nbsp; &nbsp; &nbsp; &nbsp; &nbsp; &nbsp; &nbsp; &nbsp;12885,00 грн.</p>','Акрил Plexiglas XT',NULL,2060.00,1,1,NULL,1,5,NULL,1478437486,1478437486),(301,'347','прозрачный 15 мм','product301.htm','Акрил Plexiglas XT прозрачный, толщина 15 мм, Германия','<p>Тип&nbsp;&nbsp;&nbsp;&nbsp;&nbsp;&nbsp;&nbsp;&nbsp;&nbsp;&nbsp;&nbsp;&nbsp;&nbsp;&nbsp;&nbsp;&nbsp;&nbsp;&nbsp;&nbsp;&nbsp;&nbsp;&nbsp;&nbsp;&nbsp;&nbsp;&nbsp;&nbsp;&nbsp;&nbsp;&nbsp;&nbsp;&nbsp;&nbsp;&nbsp;&nbsp;&nbsp;&nbsp;&nbsp;&nbsp;&nbsp;&nbsp;&nbsp;&nbsp;&nbsp;&nbsp;&nbsp;&nbsp; экструдированный</p>\r\n<p>Марка&nbsp;&nbsp;&nbsp;&nbsp;&nbsp;&nbsp;&nbsp;&nbsp;&nbsp;&nbsp;&nbsp;&nbsp;&nbsp;&nbsp;&nbsp;&nbsp;&nbsp;&nbsp;&nbsp;&nbsp;&nbsp;&nbsp;&nbsp;&nbsp;&nbsp;&nbsp;&nbsp;&nbsp;&nbsp;&nbsp;&nbsp;&nbsp;&nbsp;&nbsp;&nbsp;&nbsp;&nbsp;&nbsp;&nbsp;&nbsp;&nbsp;&nbsp;&nbsp;&nbsp; Plexiglas XT</p>\r\n<p>Производство&nbsp;&nbsp;&nbsp;&nbsp;&nbsp;&nbsp;&nbsp;&nbsp;&nbsp;&nbsp;&nbsp;&nbsp;&nbsp;&nbsp;&nbsp;&nbsp;&nbsp;&nbsp;&nbsp;&nbsp;&nbsp;&nbsp;&nbsp;&nbsp;&nbsp;&nbsp;&nbsp;&nbsp;&nbsp;&nbsp;&nbsp;&nbsp;&nbsp; Германия</p>\r\n<p>Толщина&nbsp;&nbsp;&nbsp;&nbsp;&nbsp;&nbsp;&nbsp;&nbsp;&nbsp;&nbsp;&nbsp;&nbsp;&nbsp;&nbsp;&nbsp;&nbsp;&nbsp;&nbsp;&nbsp;&nbsp;&nbsp;&nbsp;&nbsp;&nbsp;&nbsp;&nbsp;&nbsp;&nbsp;&nbsp;&nbsp;&nbsp;&nbsp;&nbsp;&nbsp;&nbsp;&nbsp;&nbsp;&nbsp;&nbsp;&nbsp;&nbsp;15 мм</p>\r\n<p>Цвет&nbsp;&nbsp;&nbsp;&nbsp;&nbsp;&nbsp;&nbsp;&nbsp;&nbsp;&nbsp;&nbsp;&nbsp;&nbsp;&nbsp;&nbsp;&nbsp;&nbsp;&nbsp;&nbsp;&nbsp;&nbsp;&nbsp;&nbsp;&nbsp;&nbsp;&nbsp;&nbsp;&nbsp;&nbsp;&nbsp;&nbsp;&nbsp;&nbsp;&nbsp;&nbsp;&nbsp;&nbsp;&nbsp;&nbsp;&nbsp;&nbsp;&nbsp;&nbsp;&nbsp;&nbsp;&nbsp; прозрачный</p>\r\n<p>Размер листа&nbsp;&nbsp;&nbsp;&nbsp;&nbsp;&nbsp;&nbsp;&nbsp;&nbsp;&nbsp;&nbsp;&nbsp;&nbsp;&nbsp;&nbsp;&nbsp;&nbsp;&nbsp;&nbsp;&nbsp;&nbsp;&nbsp;&nbsp;&nbsp;&nbsp;&nbsp;&nbsp;&nbsp;&nbsp;&nbsp;&nbsp;&nbsp;&nbsp;&nbsp; 2,05*3,05 м</p>\r\n<p>Цена за лист&nbsp;&nbsp;&nbsp;&nbsp;&nbsp;&nbsp;&nbsp;&nbsp;&nbsp;&nbsp;&nbsp;&nbsp;&nbsp;&nbsp;&nbsp;&nbsp;&nbsp;&nbsp;&nbsp;&nbsp;&nbsp;&nbsp;&nbsp;&nbsp;&nbsp;&nbsp;&nbsp;&nbsp;&nbsp;&nbsp;&nbsp;&nbsp;&nbsp;&nbsp;&nbsp; 19180,00 грн.</p>','Акрил Plexiglas XT',NULL,3060.00,1,1,NULL,1,5,NULL,1478437486,1478437486),(302,'348','прозрачный 20 мм','product302.htm','Акрил Plexiglas XT прозрачный, толщина 20 мм, Германия','<p>Тип&nbsp;&nbsp;&nbsp;&nbsp;&nbsp;&nbsp;&nbsp;&nbsp;&nbsp;&nbsp;&nbsp;&nbsp;&nbsp;&nbsp;&nbsp;&nbsp;&nbsp;&nbsp;&nbsp;&nbsp;&nbsp;&nbsp;&nbsp;&nbsp;&nbsp;&nbsp;&nbsp;&nbsp;&nbsp;&nbsp;&nbsp;&nbsp;&nbsp;&nbsp;&nbsp;&nbsp;&nbsp;&nbsp;&nbsp;&nbsp;&nbsp;&nbsp;&nbsp;&nbsp;&nbsp;&nbsp;&nbsp; экструдированный</p>\r\n<p>Марка&nbsp;&nbsp;&nbsp;&nbsp;&nbsp;&nbsp;&nbsp;&nbsp;&nbsp;&nbsp;&nbsp;&nbsp;&nbsp;&nbsp;&nbsp;&nbsp;&nbsp;&nbsp;&nbsp;&nbsp;&nbsp;&nbsp;&nbsp;&nbsp;&nbsp;&nbsp;&nbsp;&nbsp;&nbsp;&nbsp;&nbsp;&nbsp;&nbsp;&nbsp;&nbsp;&nbsp;&nbsp;&nbsp;&nbsp;&nbsp;&nbsp;&nbsp;&nbsp;&nbsp; Plexiglas XT</p>\r\n<p>Производство&nbsp;&nbsp;&nbsp;&nbsp;&nbsp;&nbsp;&nbsp;&nbsp;&nbsp;&nbsp;&nbsp;&nbsp;&nbsp;&nbsp;&nbsp;&nbsp;&nbsp;&nbsp;&nbsp;&nbsp;&nbsp;&nbsp;&nbsp;&nbsp;&nbsp;&nbsp;&nbsp;&nbsp;&nbsp;&nbsp;&nbsp;&nbsp;&nbsp; Германия</p>\r\n<p>Толщина&nbsp;&nbsp;&nbsp;&nbsp;&nbsp;&nbsp;&nbsp;&nbsp;&nbsp;&nbsp;&nbsp;&nbsp;&nbsp;&nbsp;&nbsp;&nbsp;&nbsp;&nbsp;&nbsp;&nbsp;&nbsp;&nbsp;&nbsp;&nbsp;&nbsp;&nbsp;&nbsp;&nbsp;&nbsp;&nbsp;&nbsp;&nbsp;&nbsp;&nbsp;&nbsp;&nbsp;&nbsp;&nbsp;&nbsp;&nbsp;&nbsp;20 мм</p>\r\n<p>Цвет&nbsp;&nbsp;&nbsp;&nbsp;&nbsp;&nbsp;&nbsp;&nbsp;&nbsp;&nbsp;&nbsp;&nbsp;&nbsp;&nbsp;&nbsp;&nbsp;&nbsp;&nbsp;&nbsp;&nbsp;&nbsp;&nbsp;&nbsp;&nbsp;&nbsp;&nbsp;&nbsp;&nbsp;&nbsp;&nbsp;&nbsp;&nbsp;&nbsp;&nbsp;&nbsp;&nbsp;&nbsp;&nbsp;&nbsp;&nbsp;&nbsp;&nbsp;&nbsp;&nbsp;&nbsp;&nbsp; прозрачный</p>\r\n<p>Размер листа&nbsp;&nbsp;&nbsp;&nbsp;&nbsp;&nbsp;&nbsp;&nbsp;&nbsp;&nbsp;&nbsp;&nbsp;&nbsp;&nbsp;&nbsp;&nbsp;&nbsp;&nbsp;&nbsp;&nbsp;&nbsp;&nbsp;&nbsp;&nbsp;&nbsp;&nbsp;&nbsp;&nbsp;&nbsp;&nbsp;&nbsp;&nbsp;&nbsp;&nbsp; 2,05*3,05 м</p>\r\n<p>Цена за лист&nbsp;&nbsp;&nbsp;&nbsp;&nbsp;&nbsp;&nbsp;&nbsp;&nbsp;&nbsp;&nbsp;&nbsp;&nbsp;&nbsp;&nbsp;&nbsp;&nbsp;&nbsp;&nbsp;&nbsp;&nbsp;&nbsp;&nbsp;&nbsp;&nbsp;&nbsp;&nbsp;&nbsp;&nbsp;&nbsp;&nbsp;&nbsp;&nbsp;&nbsp;&nbsp;26400,00 грн.</p>','Акрил Plexiglas XT',NULL,4220.00,1,1,NULL,1,5,NULL,1478437487,1478437487),(303,'349','прозрачный 25 мм','product303.htm','Акрил Plexiglas XT прозрачный, толщина 25 мм, Германия','<P>Тип&nbsp;&nbsp;&nbsp;&nbsp;&nbsp;&nbsp;&nbsp;&nbsp;&nbsp;&nbsp;&nbsp;&nbsp;&nbsp;&nbsp;&nbsp;&nbsp;&nbsp;&nbsp;&nbsp;&nbsp;&nbsp;&nbsp;&nbsp;&nbsp;&nbsp;&nbsp;&nbsp;&nbsp;&nbsp;&nbsp;&nbsp;&nbsp;&nbsp;&nbsp;&nbsp;&nbsp;&nbsp;&nbsp;&nbsp;&nbsp;&nbsp;&nbsp;&nbsp;&nbsp;&nbsp;&nbsp;&nbsp; экструдированный</P>\r\n<P>Марка&nbsp;&nbsp;&nbsp;&nbsp;&nbsp;&nbsp;&nbsp;&nbsp;&nbsp;&nbsp;&nbsp;&nbsp;&nbsp;&nbsp;&nbsp;&nbsp;&nbsp;&nbsp;&nbsp;&nbsp;&nbsp;&nbsp;&nbsp;&nbsp;&nbsp;&nbsp;&nbsp;&nbsp;&nbsp;&nbsp;&nbsp;&nbsp;&nbsp;&nbsp;&nbsp;&nbsp;&nbsp;&nbsp;&nbsp;&nbsp;&nbsp;&nbsp;&nbsp;&nbsp; Plexiglas XT</P>\r\n<P>Производство&nbsp;&nbsp;&nbsp;&nbsp;&nbsp;&nbsp;&nbsp;&nbsp;&nbsp;&nbsp;&nbsp;&nbsp;&nbsp;&nbsp;&nbsp;&nbsp;&nbsp;&nbsp;&nbsp;&nbsp;&nbsp;&nbsp;&nbsp;&nbsp;&nbsp;&nbsp;&nbsp;&nbsp;&nbsp;&nbsp;&nbsp;&nbsp;&nbsp; Германия</P>\r\n<P>Толщина&nbsp;&nbsp;&nbsp;&nbsp;&nbsp;&nbsp;&nbsp;&nbsp;&nbsp;&nbsp;&nbsp;&nbsp;&nbsp;&nbsp;&nbsp;&nbsp;&nbsp;&nbsp;&nbsp;&nbsp;&nbsp;&nbsp;&nbsp;&nbsp;&nbsp;&nbsp;&nbsp;&nbsp;&nbsp;&nbsp;&nbsp;&nbsp;&nbsp;&nbsp;&nbsp;&nbsp;&nbsp;&nbsp;&nbsp;&nbsp;&nbsp;25 мм</P>\r\n<P>Цвет&nbsp;&nbsp;&nbsp;&nbsp;&nbsp;&nbsp;&nbsp;&nbsp;&nbsp;&nbsp;&nbsp;&nbsp;&nbsp;&nbsp;&nbsp;&nbsp;&nbsp;&nbsp;&nbsp;&nbsp;&nbsp;&nbsp;&nbsp;&nbsp;&nbsp;&nbsp;&nbsp;&nbsp;&nbsp;&nbsp;&nbsp;&nbsp;&nbsp;&nbsp;&nbsp;&nbsp;&nbsp;&nbsp;&nbsp;&nbsp;&nbsp;&nbsp;&nbsp;&nbsp;&nbsp;&nbsp; прозрачный</P>\r\n<P>Размер листа&nbsp;&nbsp;&nbsp;&nbsp;&nbsp;&nbsp;&nbsp;&nbsp;&nbsp;&nbsp;&nbsp;&nbsp;&nbsp;&nbsp;&nbsp;&nbsp;&nbsp;&nbsp;&nbsp;&nbsp;&nbsp;&nbsp;&nbsp;&nbsp;&nbsp;&nbsp;&nbsp;&nbsp;&nbsp;&nbsp;&nbsp;&nbsp;&nbsp;&nbsp; 2,05*3,05 м</P>\r\n<P>Цена за лист&nbsp;&nbsp;&nbsp;&nbsp;&nbsp;&nbsp;&nbsp;&nbsp;&nbsp;&nbsp;&nbsp;&nbsp;&nbsp;&nbsp;&nbsp;&nbsp;&nbsp;&nbsp;&nbsp;&nbsp;&nbsp;&nbsp;&nbsp;&nbsp;&nbsp;&nbsp;&nbsp;&nbsp;&nbsp;&nbsp;&nbsp;&nbsp;&nbsp;&nbsp;&nbsp; 12114,00 грн.</P>','Акрил Plexiglas XT',NULL,1937.40,1,0,NULL,1,5,NULL,1478437487,1478437487),(316,'362','зеркальный серебро 2 мм','product316.htm','Акрил Plexiglas Mirror зеркальный серебро, толщина 2 мм, Германия','<p>Тип&nbsp;&nbsp;&nbsp;&nbsp;&nbsp;&nbsp;&nbsp;&nbsp;&nbsp;&nbsp;&nbsp;&nbsp;&nbsp;&nbsp;&nbsp;&nbsp;&nbsp;&nbsp;&nbsp;&nbsp;&nbsp;&nbsp;&nbsp;&nbsp;&nbsp;&nbsp;&nbsp;&nbsp;&nbsp;&nbsp;&nbsp;&nbsp;&nbsp;&nbsp;&nbsp;&nbsp;&nbsp;&nbsp;&nbsp;&nbsp;&nbsp;&nbsp;&nbsp;&nbsp;&nbsp;&nbsp;&nbsp; экструдированный</p>\r\n<p>Марка&nbsp;&nbsp;&nbsp;&nbsp;&nbsp;&nbsp;&nbsp;&nbsp;&nbsp;&nbsp;&nbsp;&nbsp;&nbsp;&nbsp;&nbsp;&nbsp;&nbsp;&nbsp;&nbsp;&nbsp;&nbsp;&nbsp;&nbsp;&nbsp;&nbsp;&nbsp;&nbsp;&nbsp;&nbsp;&nbsp;&nbsp;&nbsp;&nbsp;&nbsp;&nbsp;&nbsp;&nbsp;&nbsp;&nbsp;&nbsp;&nbsp;&nbsp;&nbsp;&nbsp; Plexiglas Mirror</p>\r\n<p>Производство&nbsp;&nbsp;&nbsp;&nbsp;&nbsp;&nbsp;&nbsp;&nbsp;&nbsp;&nbsp;&nbsp;&nbsp;&nbsp;&nbsp;&nbsp;&nbsp;&nbsp;&nbsp;&nbsp;&nbsp;&nbsp;&nbsp;&nbsp;&nbsp;&nbsp;&nbsp;&nbsp;&nbsp;&nbsp;&nbsp;&nbsp;&nbsp;&nbsp; Германия</p>\r\n<p>Толщина&nbsp;&nbsp;&nbsp;&nbsp;&nbsp;&nbsp;&nbsp;&nbsp;&nbsp;&nbsp;&nbsp;&nbsp;&nbsp;&nbsp;&nbsp;&nbsp;&nbsp;&nbsp;&nbsp;&nbsp;&nbsp;&nbsp;&nbsp;&nbsp;&nbsp;&nbsp;&nbsp;&nbsp;&nbsp;&nbsp;&nbsp;&nbsp;&nbsp;&nbsp;&nbsp;&nbsp;&nbsp;&nbsp;&nbsp;&nbsp;&nbsp;2 мм</p>\r\n<p>Цвет&nbsp;&nbsp;&nbsp;&nbsp;&nbsp;&nbsp;&nbsp;&nbsp;&nbsp;&nbsp;&nbsp;&nbsp;&nbsp;&nbsp;&nbsp;&nbsp;&nbsp;&nbsp;&nbsp;&nbsp;&nbsp;&nbsp;&nbsp;&nbsp;&nbsp;&nbsp;&nbsp;&nbsp;&nbsp;&nbsp;&nbsp;&nbsp;&nbsp;&nbsp;&nbsp;&nbsp;&nbsp;&nbsp;&nbsp;&nbsp;&nbsp;&nbsp;&nbsp;&nbsp;&nbsp;&nbsp; зеркальный серебро</p>\r\n<p>Размер листа &nbsp; &nbsp; &nbsp; &nbsp; &nbsp; &nbsp; &nbsp; &nbsp; &nbsp; &nbsp; &nbsp; &nbsp; &nbsp; &nbsp; &nbsp; &nbsp; &nbsp; 3.05*2,05 м</p>\r\n<p>Цена за лист &nbsp; &nbsp; &nbsp; &nbsp; &nbsp; &nbsp; &nbsp; &nbsp; &nbsp; &nbsp; &nbsp; &nbsp; &nbsp; &nbsp; &nbsp; &nbsp; &nbsp; &nbsp;8470 грн.</p>','Акрил Plexiglas Mirror',NULL,1355.00,1,1,NULL,1,5,NULL,1478437488,1478437488),(317,'363','зеркальный золото/бронза 2 мм','product317.htm','Акрил Plexiglas Mirror зеркальный золото/бронза, толщина 2 мм, Германия','<p>Тип&nbsp;&nbsp;&nbsp;&nbsp;&nbsp;&nbsp;&nbsp;&nbsp;&nbsp;&nbsp;&nbsp;&nbsp;&nbsp;&nbsp;&nbsp;&nbsp;&nbsp;&nbsp;&nbsp;&nbsp;&nbsp;&nbsp;&nbsp;&nbsp;&nbsp;&nbsp;&nbsp;&nbsp;&nbsp;&nbsp;&nbsp;&nbsp;&nbsp;&nbsp;&nbsp;&nbsp;&nbsp;&nbsp;&nbsp;&nbsp;&nbsp;&nbsp;&nbsp;&nbsp;&nbsp;&nbsp;&nbsp; экструдированный</p>\r\n<p>Марка&nbsp;&nbsp;&nbsp;&nbsp;&nbsp;&nbsp;&nbsp;&nbsp;&nbsp;&nbsp;&nbsp;&nbsp;&nbsp;&nbsp;&nbsp;&nbsp;&nbsp;&nbsp;&nbsp;&nbsp;&nbsp;&nbsp;&nbsp;&nbsp;&nbsp;&nbsp;&nbsp;&nbsp;&nbsp;&nbsp;&nbsp;&nbsp;&nbsp;&nbsp;&nbsp;&nbsp;&nbsp;&nbsp;&nbsp;&nbsp;&nbsp;&nbsp;&nbsp;&nbsp; Plexiglas Mirror</p>\r\n<p>Производство&nbsp;&nbsp;&nbsp;&nbsp;&nbsp;&nbsp;&nbsp;&nbsp;&nbsp;&nbsp;&nbsp;&nbsp;&nbsp;&nbsp;&nbsp;&nbsp;&nbsp;&nbsp;&nbsp;&nbsp;&nbsp;&nbsp;&nbsp;&nbsp;&nbsp;&nbsp;&nbsp;&nbsp;&nbsp;&nbsp;&nbsp;&nbsp;&nbsp; Германия</p>\r\n<p>Толщина&nbsp;&nbsp;&nbsp;&nbsp;&nbsp;&nbsp;&nbsp;&nbsp;&nbsp;&nbsp;&nbsp;&nbsp;&nbsp;&nbsp;&nbsp;&nbsp;&nbsp;&nbsp;&nbsp;&nbsp;&nbsp;&nbsp;&nbsp;&nbsp;&nbsp;&nbsp;&nbsp;&nbsp;&nbsp;&nbsp;&nbsp;&nbsp;&nbsp;&nbsp;&nbsp;&nbsp;&nbsp;&nbsp;&nbsp;&nbsp;&nbsp;2 мм</p>\r\n<p>Цвет&nbsp;&nbsp;&nbsp;&nbsp;&nbsp;&nbsp;&nbsp;&nbsp;&nbsp;&nbsp;&nbsp;&nbsp;&nbsp;&nbsp;&nbsp;&nbsp;&nbsp;&nbsp;&nbsp;&nbsp;&nbsp;&nbsp;&nbsp;&nbsp;&nbsp;&nbsp;&nbsp;&nbsp;&nbsp;&nbsp;&nbsp;&nbsp;&nbsp;&nbsp;&nbsp;&nbsp;&nbsp;&nbsp;&nbsp;&nbsp;&nbsp;&nbsp;&nbsp;&nbsp;&nbsp;&nbsp; зеркальный золото/бронза</p>\r\n<p>Размер листа&nbsp;&nbsp;&nbsp;&nbsp;&nbsp;&nbsp;&nbsp;&nbsp;&nbsp;&nbsp;&nbsp;&nbsp;&nbsp;&nbsp;&nbsp;&nbsp;&nbsp;&nbsp;&nbsp;&nbsp;&nbsp;&nbsp;&nbsp;&nbsp;&nbsp;&nbsp;&nbsp;&nbsp;&nbsp;&nbsp;&nbsp;&nbsp;&nbsp;&nbsp;3,05*2,05 м</p>\r\n<p>Цена за лист &nbsp; &nbsp; &nbsp; &nbsp; &nbsp; &nbsp; &nbsp; &nbsp; &nbsp; &nbsp; &nbsp; &nbsp; &nbsp; &nbsp; &nbsp; &nbsp; &nbsp; &nbsp;Уточняйте</p>','Акрил Plexiglas Mirror',NULL,1.00,1,0,NULL,1,5,NULL,1478437488,1478437488),(318,'364','зеркальный серебро 3 мм','product318.htm','Акрил Plexiglas Mirror зеркальный серебро, толщина 3 мм, Германия','<p>Тип&nbsp;&nbsp;&nbsp;&nbsp;&nbsp;&nbsp;&nbsp;&nbsp;&nbsp;&nbsp;&nbsp;&nbsp;&nbsp;&nbsp;&nbsp;&nbsp;&nbsp;&nbsp;&nbsp;&nbsp;&nbsp;&nbsp;&nbsp;&nbsp;&nbsp;&nbsp;&nbsp;&nbsp;&nbsp;&nbsp;&nbsp;&nbsp;&nbsp;&nbsp;&nbsp;&nbsp;&nbsp;&nbsp;&nbsp;&nbsp;&nbsp;&nbsp;&nbsp;&nbsp;&nbsp;&nbsp;&nbsp; экструдированный</p>\r\n<p>Марка&nbsp;&nbsp;&nbsp;&nbsp;&nbsp;&nbsp;&nbsp;&nbsp;&nbsp;&nbsp;&nbsp;&nbsp;&nbsp;&nbsp;&nbsp;&nbsp;&nbsp;&nbsp;&nbsp;&nbsp;&nbsp;&nbsp;&nbsp;&nbsp;&nbsp;&nbsp;&nbsp;&nbsp;&nbsp;&nbsp;&nbsp;&nbsp;&nbsp;&nbsp;&nbsp;&nbsp;&nbsp;&nbsp;&nbsp;&nbsp;&nbsp;&nbsp;&nbsp;&nbsp; Plexiglas Mirror</p>\r\n<p>Производство&nbsp;&nbsp;&nbsp;&nbsp;&nbsp;&nbsp;&nbsp;&nbsp;&nbsp;&nbsp;&nbsp;&nbsp;&nbsp;&nbsp;&nbsp;&nbsp;&nbsp;&nbsp;&nbsp;&nbsp;&nbsp;&nbsp;&nbsp;&nbsp;&nbsp;&nbsp;&nbsp;&nbsp;&nbsp;&nbsp;&nbsp;&nbsp;&nbsp; Германия</p>\r\n<p>Толщина&nbsp;&nbsp;&nbsp;&nbsp;&nbsp;&nbsp;&nbsp;&nbsp;&nbsp;&nbsp;&nbsp;&nbsp;&nbsp;&nbsp;&nbsp;&nbsp;&nbsp;&nbsp;&nbsp;&nbsp;&nbsp;&nbsp;&nbsp;&nbsp;&nbsp;&nbsp;&nbsp;&nbsp;&nbsp;&nbsp;&nbsp;&nbsp;&nbsp;&nbsp;&nbsp;&nbsp;&nbsp;&nbsp;&nbsp;&nbsp;&nbsp;3 мм</p>\r\n<p>Цвет&nbsp;&nbsp;&nbsp;&nbsp;&nbsp;&nbsp;&nbsp;&nbsp;&nbsp;&nbsp;&nbsp;&nbsp;&nbsp;&nbsp;&nbsp;&nbsp;&nbsp;&nbsp;&nbsp;&nbsp;&nbsp;&nbsp;&nbsp;&nbsp;&nbsp;&nbsp;&nbsp;&nbsp;&nbsp;&nbsp;&nbsp;&nbsp;&nbsp;&nbsp;&nbsp;&nbsp;&nbsp;&nbsp;&nbsp;&nbsp;&nbsp;&nbsp;&nbsp;&nbsp;&nbsp;&nbsp; зеркальный серебро</p>\r\n<p>Размер листа&nbsp;&nbsp;&nbsp;&nbsp;&nbsp;&nbsp;&nbsp;&nbsp;&nbsp;&nbsp;&nbsp;&nbsp;&nbsp;&nbsp;&nbsp;&nbsp;&nbsp;&nbsp;&nbsp;&nbsp;&nbsp;&nbsp;&nbsp;&nbsp;&nbsp;&nbsp;&nbsp;&nbsp;&nbsp;&nbsp;&nbsp;&nbsp;&nbsp;&nbsp; 3,05*2,05 м</p>\r\n<p>Цена за лист&nbsp;&nbsp;&nbsp;&nbsp;&nbsp;&nbsp;&nbsp;&nbsp;&nbsp;&nbsp;&nbsp;&nbsp;&nbsp;&nbsp;&nbsp;&nbsp;&nbsp;&nbsp;&nbsp;&nbsp;&nbsp;&nbsp;&nbsp;&nbsp;&nbsp;&nbsp;&nbsp;&nbsp;&nbsp;&nbsp;&nbsp;&nbsp;&nbsp;&nbsp;&nbsp;10350,00 грн.</p>','Акрил Plexiglas Mirror',NULL,1650.00,1,1,NULL,1,5,NULL,1478437489,1478437489),(319,'365','зеркальный золото/бронза 3 мм','product319.htm','Акрил Plexiglas Mirror зеркальный золото/бронза, толщина 3 мм, Германия','<p>Тип&nbsp;&nbsp;&nbsp;&nbsp;&nbsp;&nbsp;&nbsp;&nbsp;&nbsp;&nbsp;&nbsp;&nbsp;&nbsp;&nbsp;&nbsp;&nbsp;&nbsp;&nbsp;&nbsp;&nbsp;&nbsp;&nbsp;&nbsp;&nbsp;&nbsp;&nbsp;&nbsp;&nbsp;&nbsp;&nbsp;&nbsp;&nbsp;&nbsp;&nbsp;&nbsp;&nbsp;&nbsp;&nbsp;&nbsp;&nbsp;&nbsp;&nbsp;&nbsp;&nbsp;&nbsp;&nbsp;&nbsp; экструдированный</p>\r\n<p>Марка&nbsp;&nbsp;&nbsp;&nbsp;&nbsp;&nbsp;&nbsp;&nbsp;&nbsp;&nbsp;&nbsp;&nbsp;&nbsp;&nbsp;&nbsp;&nbsp;&nbsp;&nbsp;&nbsp;&nbsp;&nbsp;&nbsp;&nbsp;&nbsp;&nbsp;&nbsp;&nbsp;&nbsp;&nbsp;&nbsp;&nbsp;&nbsp;&nbsp;&nbsp;&nbsp;&nbsp;&nbsp;&nbsp;&nbsp;&nbsp;&nbsp;&nbsp;&nbsp;&nbsp; Plexiglas Mirror</p>\r\n<p>Производство&nbsp;&nbsp;&nbsp;&nbsp;&nbsp;&nbsp;&nbsp;&nbsp;&nbsp;&nbsp;&nbsp;&nbsp;&nbsp;&nbsp;&nbsp;&nbsp;&nbsp;&nbsp;&nbsp;&nbsp;&nbsp;&nbsp;&nbsp;&nbsp;&nbsp;&nbsp;&nbsp;&nbsp;&nbsp;&nbsp;&nbsp;&nbsp;&nbsp; Германия</p>\r\n<p>Толщина&nbsp;&nbsp;&nbsp;&nbsp;&nbsp;&nbsp;&nbsp;&nbsp;&nbsp;&nbsp;&nbsp;&nbsp;&nbsp;&nbsp;&nbsp;&nbsp;&nbsp;&nbsp;&nbsp;&nbsp;&nbsp;&nbsp;&nbsp;&nbsp;&nbsp;&nbsp;&nbsp;&nbsp;&nbsp;&nbsp;&nbsp;&nbsp;&nbsp;&nbsp;&nbsp;&nbsp;&nbsp;&nbsp;&nbsp;&nbsp;&nbsp;3 мм</p>\r\n<p>Цвет&nbsp;&nbsp;&nbsp;&nbsp;&nbsp;&nbsp;&nbsp;&nbsp;&nbsp;&nbsp;&nbsp;&nbsp;&nbsp;&nbsp;&nbsp;&nbsp;&nbsp;&nbsp;&nbsp;&nbsp;&nbsp;&nbsp;&nbsp;&nbsp;&nbsp;&nbsp;&nbsp;&nbsp;&nbsp;&nbsp;&nbsp;&nbsp;&nbsp;&nbsp;&nbsp;&nbsp;&nbsp;&nbsp;&nbsp;&nbsp;&nbsp;&nbsp;&nbsp;&nbsp;&nbsp;&nbsp; зеркальный золото</p>\r\n<p>Размер листа&nbsp;&nbsp;&nbsp;&nbsp;&nbsp;&nbsp;&nbsp;&nbsp;&nbsp;&nbsp;&nbsp;&nbsp;&nbsp;&nbsp;&nbsp;&nbsp;&nbsp;&nbsp;&nbsp;&nbsp;&nbsp;&nbsp;&nbsp;&nbsp;&nbsp;&nbsp;&nbsp;&nbsp;&nbsp;&nbsp;&nbsp;&nbsp;&nbsp;&nbsp; 3.05*2,05 м</p>\r\n<p>Цена за лист &nbsp; &nbsp; &nbsp; &nbsp; &nbsp; &nbsp; &nbsp; &nbsp; &nbsp; &nbsp; &nbsp; &nbsp; &nbsp; &nbsp; &nbsp; &nbsp; &nbsp; &nbsp;7200,00 грн.</p>','Акрил Plexiglas Mirror',NULL,1150.00,1,0,NULL,1,5,NULL,1478437489,1478437489),(335,'381','матовый прозрачный 3 мм','product335.htm','Акрил Plexiglas Satin матовый прозрачный, толщина 3 мм, Германия','<p>Тип&nbsp;&nbsp;&nbsp;&nbsp;&nbsp;&nbsp;&nbsp;&nbsp;&nbsp;&nbsp;&nbsp;&nbsp;&nbsp;&nbsp;&nbsp;&nbsp;&nbsp;&nbsp;&nbsp;&nbsp;&nbsp;&nbsp;&nbsp;&nbsp;&nbsp;&nbsp;&nbsp;&nbsp;&nbsp;&nbsp;&nbsp;&nbsp;&nbsp;&nbsp;&nbsp;&nbsp;&nbsp;&nbsp;&nbsp;&nbsp;&nbsp;&nbsp;&nbsp;&nbsp;&nbsp;&nbsp;&nbsp;экструдированный, матовый</p>\r\n<p>Марка&nbsp;&nbsp;&nbsp;&nbsp;&nbsp;&nbsp;&nbsp;&nbsp;&nbsp;&nbsp;&nbsp;&nbsp;&nbsp;&nbsp;&nbsp;&nbsp;&nbsp;&nbsp;&nbsp;&nbsp;&nbsp;&nbsp;&nbsp;&nbsp;&nbsp;&nbsp;&nbsp;&nbsp;&nbsp;&nbsp;&nbsp;&nbsp;&nbsp;&nbsp;&nbsp;&nbsp;&nbsp;&nbsp;&nbsp;&nbsp;&nbsp;&nbsp;&nbsp;&nbsp; Plexiglas Satin</p>\r\n<p>Производство&nbsp;&nbsp;&nbsp;&nbsp;&nbsp;&nbsp;&nbsp;&nbsp;&nbsp;&nbsp;&nbsp;&nbsp;&nbsp;&nbsp;&nbsp;&nbsp;&nbsp;&nbsp;&nbsp;&nbsp;&nbsp;&nbsp;&nbsp;&nbsp;&nbsp;&nbsp;&nbsp;&nbsp;&nbsp;&nbsp;&nbsp;&nbsp;&nbsp; Германия</p>\r\n<p>Толщина&nbsp;&nbsp;&nbsp;&nbsp;&nbsp;&nbsp;&nbsp;&nbsp;&nbsp;&nbsp;&nbsp;&nbsp;&nbsp;&nbsp;&nbsp;&nbsp;&nbsp;&nbsp;&nbsp;&nbsp;&nbsp;&nbsp;&nbsp;&nbsp;&nbsp;&nbsp;&nbsp;&nbsp;&nbsp;&nbsp;&nbsp;&nbsp;&nbsp;&nbsp;&nbsp;&nbsp;&nbsp;&nbsp;&nbsp;&nbsp;&nbsp;3 мм</p>\r\n<p>Цвет&nbsp;&nbsp;&nbsp;&nbsp;&nbsp;&nbsp;&nbsp;&nbsp;&nbsp;&nbsp;&nbsp;&nbsp;&nbsp;&nbsp;&nbsp;&nbsp;&nbsp;&nbsp;&nbsp;&nbsp;&nbsp;&nbsp;&nbsp;&nbsp;&nbsp;&nbsp;&nbsp;&nbsp;&nbsp;&nbsp;&nbsp;&nbsp;&nbsp;&nbsp;&nbsp;&nbsp;&nbsp;&nbsp;&nbsp;&nbsp;&nbsp;&nbsp;&nbsp;&nbsp;&nbsp;&nbsp; прозрачный</p>\r\n<p>Размер листа&nbsp;&nbsp;&nbsp;&nbsp;&nbsp;&nbsp;&nbsp;&nbsp;&nbsp;&nbsp;&nbsp;&nbsp;&nbsp;&nbsp;&nbsp;&nbsp;&nbsp;&nbsp;&nbsp;&nbsp;&nbsp;&nbsp;&nbsp;&nbsp;&nbsp;&nbsp;&nbsp;&nbsp;&nbsp;&nbsp;&nbsp;&nbsp;&nbsp;&nbsp; 2,05*3,05 м</p>\r\n<p>Цена за лист&nbsp;&nbsp;&nbsp;&nbsp;&nbsp;&nbsp;&nbsp;&nbsp;&nbsp;&nbsp;&nbsp;&nbsp;&nbsp;&nbsp;&nbsp;&nbsp;&nbsp;&nbsp;&nbsp;&nbsp;&nbsp;&nbsp;&nbsp;&nbsp;&nbsp;&nbsp;&nbsp;&nbsp;&nbsp;&nbsp;&nbsp;&nbsp;&nbsp;&nbsp;&nbsp; 4288,00 грн.</p>','Акрил Plexiglas Satin',NULL,685.00,1,1,NULL,1,5,NULL,1478437495,1478437495),(336,'382','матовый односторонний молочный 3 мм','product336.htm','Акрил Plexiglas Satinice SC/DC матовый односторонний молочный, толщина 3 мм, Германия','<P>Тип&nbsp;&nbsp;&nbsp;&nbsp;&nbsp;&nbsp;&nbsp;&nbsp;&nbsp;&nbsp;&nbsp;&nbsp;&nbsp;&nbsp;&nbsp;&nbsp;&nbsp;&nbsp;&nbsp;&nbsp;&nbsp;&nbsp;&nbsp;&nbsp;&nbsp;&nbsp;&nbsp;&nbsp;&nbsp;&nbsp;&nbsp;&nbsp;&nbsp;&nbsp;&nbsp;&nbsp;&nbsp;&nbsp;&nbsp;&nbsp;&nbsp;&nbsp;&nbsp;&nbsp;&nbsp;&nbsp;&nbsp; литой, матовый, односторонний</P>\r\n<P>Марка&nbsp;&nbsp;&nbsp;&nbsp;&nbsp;&nbsp;&nbsp;&nbsp;&nbsp;&nbsp;&nbsp;&nbsp;&nbsp;&nbsp;&nbsp;&nbsp;&nbsp;&nbsp;&nbsp;&nbsp;&nbsp;&nbsp;&nbsp;&nbsp;&nbsp;&nbsp;&nbsp;&nbsp;&nbsp;&nbsp;&nbsp;&nbsp;&nbsp;&nbsp;&nbsp;&nbsp;&nbsp;&nbsp;&nbsp;&nbsp;&nbsp;&nbsp;&nbsp;&nbsp; Plexiglas Satinice SC/DC</P>\r\n<P>Производство&nbsp;&nbsp;&nbsp;&nbsp;&nbsp;&nbsp;&nbsp;&nbsp;&nbsp;&nbsp;&nbsp;&nbsp;&nbsp;&nbsp;&nbsp;&nbsp;&nbsp;&nbsp;&nbsp;&nbsp;&nbsp;&nbsp;&nbsp;&nbsp;&nbsp;&nbsp;&nbsp;&nbsp;&nbsp;&nbsp;&nbsp;&nbsp;&nbsp; Германия</P>\r\n<P>Толщина&nbsp;&nbsp;&nbsp;&nbsp;&nbsp;&nbsp;&nbsp;&nbsp;&nbsp;&nbsp;&nbsp;&nbsp;&nbsp;&nbsp;&nbsp;&nbsp;&nbsp;&nbsp;&nbsp;&nbsp;&nbsp;&nbsp;&nbsp;&nbsp;&nbsp;&nbsp;&nbsp;&nbsp;&nbsp;&nbsp;&nbsp;&nbsp;&nbsp;&nbsp;&nbsp;&nbsp;&nbsp;&nbsp;&nbsp;&nbsp;&nbsp;3 мм</P>\r\n<P>Цвет&nbsp;&nbsp;&nbsp;&nbsp;&nbsp;&nbsp;&nbsp;&nbsp;&nbsp;&nbsp;&nbsp;&nbsp;&nbsp;&nbsp;&nbsp;&nbsp;&nbsp;&nbsp;&nbsp;&nbsp;&nbsp;&nbsp;&nbsp;&nbsp;&nbsp;&nbsp;&nbsp;&nbsp;&nbsp;&nbsp;&nbsp;&nbsp;&nbsp;&nbsp;&nbsp;&nbsp;&nbsp;&nbsp;&nbsp;&nbsp;&nbsp;&nbsp;&nbsp;&nbsp;&nbsp;&nbsp; молочный</P>\r\n<P>Размер листа&nbsp;&nbsp;&nbsp;&nbsp;&nbsp;&nbsp;&nbsp;&nbsp;&nbsp;&nbsp;&nbsp;&nbsp;&nbsp;&nbsp;&nbsp;&nbsp;&nbsp;&nbsp;&nbsp;&nbsp;&nbsp;&nbsp;&nbsp;&nbsp;&nbsp;&nbsp;&nbsp;&nbsp;&nbsp;&nbsp;&nbsp;&nbsp;&nbsp;&nbsp; 2,05*3,05 м</P>\r\n<P>Цена за лист&nbsp;&nbsp;&nbsp;&nbsp;&nbsp;&nbsp;&nbsp;&nbsp;&nbsp;&nbsp;&nbsp;&nbsp;&nbsp;&nbsp;&nbsp;&nbsp;&nbsp;&nbsp;&nbsp;&nbsp;&nbsp;&nbsp;&nbsp;&nbsp;&nbsp;&nbsp;&nbsp;&nbsp;&nbsp;&nbsp;&nbsp;&nbsp;&nbsp;&nbsp;&nbsp; 2312,00 грн.</P>','Акрил Plexiglas Satinice SC/DC',NULL,369.70,1,0,NULL,1,5,NULL,1478437496,1478437496),(337,'383','матовый цветной 3 мм','product337.htm','Акрил Plexiglas Satin матовый цветной, толщина 3 мм, Германия','<p>Тип &nbsp; &nbsp; &nbsp; &nbsp; &nbsp; &nbsp; &nbsp; &nbsp; &nbsp; &nbsp; &nbsp; &nbsp; &nbsp; &nbsp; &nbsp; &nbsp; &nbsp; &nbsp; &nbsp; &nbsp; &nbsp; &nbsp; &nbsp; &nbsp;экструдированный, матовый</p>\r\n<p>Марка&nbsp;&nbsp;&nbsp;&nbsp;&nbsp;&nbsp;&nbsp;&nbsp;&nbsp;&nbsp;&nbsp;&nbsp;&nbsp;&nbsp;&nbsp;&nbsp;&nbsp;&nbsp;&nbsp;&nbsp;&nbsp;&nbsp;&nbsp;&nbsp;&nbsp;&nbsp;&nbsp;&nbsp;&nbsp;&nbsp;&nbsp;&nbsp;&nbsp;&nbsp;&nbsp;&nbsp;&nbsp;&nbsp;&nbsp;&nbsp;&nbsp;&nbsp;&nbsp;&nbsp; Plexiglas Satin</p>\r\n<p>Производство&nbsp;&nbsp;&nbsp;&nbsp;&nbsp;&nbsp;&nbsp;&nbsp;&nbsp;&nbsp;&nbsp;&nbsp;&nbsp;&nbsp;&nbsp;&nbsp;&nbsp;&nbsp;&nbsp;&nbsp;&nbsp;&nbsp;&nbsp;&nbsp;&nbsp;&nbsp;&nbsp;&nbsp;&nbsp;&nbsp;&nbsp;&nbsp;&nbsp; Германия</p>\r\n<p>Толщина&nbsp;&nbsp;&nbsp;&nbsp;&nbsp;&nbsp;&nbsp;&nbsp;&nbsp;&nbsp;&nbsp;&nbsp;&nbsp;&nbsp;&nbsp;&nbsp;&nbsp;&nbsp;&nbsp;&nbsp;&nbsp;&nbsp;&nbsp;&nbsp;&nbsp;&nbsp;&nbsp;&nbsp;&nbsp;&nbsp;&nbsp;&nbsp;&nbsp;&nbsp;&nbsp;&nbsp;&nbsp;&nbsp;&nbsp;&nbsp;&nbsp;3 мм</p>\r\n<p>Цвет&nbsp;&nbsp;&nbsp;&nbsp;&nbsp;&nbsp;&nbsp;&nbsp;&nbsp;&nbsp;&nbsp;&nbsp;&nbsp;&nbsp;&nbsp;&nbsp;&nbsp;&nbsp;&nbsp;&nbsp;&nbsp;&nbsp;&nbsp;&nbsp;&nbsp;&nbsp;&nbsp;&nbsp;&nbsp;&nbsp;&nbsp;&nbsp;&nbsp;&nbsp;&nbsp;&nbsp;&nbsp;&nbsp;&nbsp;&nbsp;&nbsp;&nbsp;&nbsp;&nbsp;&nbsp;&nbsp; цветной</p>\r\n<p>Размер листа&nbsp;&nbsp;&nbsp;&nbsp;&nbsp;&nbsp;&nbsp;&nbsp;&nbsp;&nbsp;&nbsp;&nbsp;&nbsp;&nbsp;&nbsp;&nbsp;&nbsp;&nbsp;&nbsp;&nbsp;&nbsp;&nbsp;&nbsp;&nbsp;&nbsp;&nbsp;&nbsp;&nbsp;&nbsp;&nbsp;&nbsp;&nbsp;&nbsp;&nbsp; 2,05*3,05 м</p>\r\n<p>Цена за лист&nbsp;&nbsp;&nbsp;&nbsp;&nbsp;&nbsp;&nbsp;&nbsp;&nbsp;&nbsp;&nbsp;&nbsp;&nbsp;&nbsp;&nbsp;&nbsp;&nbsp;&nbsp;&nbsp;&nbsp;&nbsp;&nbsp;&nbsp;&nbsp;&nbsp;&nbsp;&nbsp;&nbsp;&nbsp;&nbsp;&nbsp;&nbsp;&nbsp;&nbsp;&nbsp; 5000,00 грн.</p>','Акрил Plexiglas Satin',NULL,800.00,1,1,NULL,1,5,NULL,1478437496,1478437496),(338,'384','матовый односторонний прозрачный 4 мм','product338.htm','Акрил Plexiglas Satinice SC/DC матовый односторонний прозрачный, толщина 4 мм, Германия','<P>Тип&nbsp;&nbsp;&nbsp;&nbsp;&nbsp;&nbsp;&nbsp;&nbsp;&nbsp;&nbsp;&nbsp;&nbsp;&nbsp;&nbsp;&nbsp;&nbsp;&nbsp;&nbsp;&nbsp;&nbsp;&nbsp;&nbsp;&nbsp;&nbsp;&nbsp;&nbsp;&nbsp;&nbsp;&nbsp;&nbsp;&nbsp;&nbsp;&nbsp;&nbsp;&nbsp;&nbsp;&nbsp;&nbsp;&nbsp;&nbsp;&nbsp;&nbsp;&nbsp;&nbsp;&nbsp;&nbsp;&nbsp; литой, матовый, односторонний</P>\r\n<P>Марка&nbsp;&nbsp;&nbsp;&nbsp;&nbsp;&nbsp;&nbsp;&nbsp;&nbsp;&nbsp;&nbsp;&nbsp;&nbsp;&nbsp;&nbsp;&nbsp;&nbsp;&nbsp;&nbsp;&nbsp;&nbsp;&nbsp;&nbsp;&nbsp;&nbsp;&nbsp;&nbsp;&nbsp;&nbsp;&nbsp;&nbsp;&nbsp;&nbsp;&nbsp;&nbsp;&nbsp;&nbsp;&nbsp;&nbsp;&nbsp;&nbsp;&nbsp;&nbsp;&nbsp; Plexiglas Satinice SC/DC</P>\r\n<P>Производство&nbsp;&nbsp;&nbsp;&nbsp;&nbsp;&nbsp;&nbsp;&nbsp;&nbsp;&nbsp;&nbsp;&nbsp;&nbsp;&nbsp;&nbsp;&nbsp;&nbsp;&nbsp;&nbsp;&nbsp;&nbsp;&nbsp;&nbsp;&nbsp;&nbsp;&nbsp;&nbsp;&nbsp;&nbsp;&nbsp;&nbsp;&nbsp;&nbsp; Германия</P>\r\n<P>Толщина&nbsp;&nbsp;&nbsp;&nbsp;&nbsp;&nbsp;&nbsp;&nbsp;&nbsp;&nbsp;&nbsp;&nbsp;&nbsp;&nbsp;&nbsp;&nbsp;&nbsp;&nbsp;&nbsp;&nbsp;&nbsp;&nbsp;&nbsp;&nbsp;&nbsp;&nbsp;&nbsp;&nbsp;&nbsp;&nbsp;&nbsp;&nbsp;&nbsp;&nbsp;&nbsp;&nbsp;&nbsp;&nbsp;&nbsp;&nbsp;&nbsp;4 мм</P>\r\n<P>Цвет&nbsp;&nbsp;&nbsp;&nbsp;&nbsp;&nbsp;&nbsp;&nbsp;&nbsp;&nbsp;&nbsp;&nbsp;&nbsp;&nbsp;&nbsp;&nbsp;&nbsp;&nbsp;&nbsp;&nbsp;&nbsp;&nbsp;&nbsp;&nbsp;&nbsp;&nbsp;&nbsp;&nbsp;&nbsp;&nbsp;&nbsp;&nbsp;&nbsp;&nbsp;&nbsp;&nbsp;&nbsp;&nbsp;&nbsp;&nbsp;&nbsp;&nbsp;&nbsp;&nbsp;&nbsp;&nbsp; прозрачный</P>\r\n<P>Размер листа&nbsp;&nbsp;&nbsp;&nbsp;&nbsp;&nbsp;&nbsp;&nbsp;&nbsp;&nbsp;&nbsp;&nbsp;&nbsp;&nbsp;&nbsp;&nbsp;&nbsp;&nbsp;&nbsp;&nbsp;&nbsp;&nbsp;&nbsp;&nbsp;&nbsp;&nbsp;&nbsp;&nbsp;&nbsp;&nbsp;&nbsp;&nbsp;&nbsp;&nbsp; 2,05*3,05 м</P>\r\n<P>Цена за лист&nbsp;&nbsp;&nbsp;&nbsp;&nbsp;&nbsp;&nbsp;&nbsp;&nbsp;&nbsp;&nbsp;&nbsp;&nbsp;&nbsp;&nbsp;&nbsp;&nbsp;&nbsp;&nbsp;&nbsp;&nbsp;&nbsp;&nbsp;&nbsp;&nbsp;&nbsp;&nbsp;&nbsp;&nbsp;&nbsp;&nbsp;&nbsp;&nbsp;&nbsp;&nbsp; 2807,00 грн.</P>','Акрил Plexiglas Satinice SC/DC',NULL,448.90,1,0,NULL,1,5,NULL,1478437497,1478437497),(339,'385','матовый односторонний молочный 4 мм','product339.htm','Акрил Plexiglas Satinice SC/DC матовый односторонний молочный, толщина 4 мм, Германия','<P>Тип&nbsp;&nbsp;&nbsp;&nbsp;&nbsp;&nbsp;&nbsp;&nbsp;&nbsp;&nbsp;&nbsp;&nbsp;&nbsp;&nbsp;&nbsp;&nbsp;&nbsp;&nbsp;&nbsp;&nbsp;&nbsp;&nbsp;&nbsp;&nbsp;&nbsp;&nbsp;&nbsp;&nbsp;&nbsp;&nbsp;&nbsp;&nbsp;&nbsp;&nbsp;&nbsp;&nbsp;&nbsp;&nbsp;&nbsp;&nbsp;&nbsp;&nbsp;&nbsp;&nbsp;&nbsp;&nbsp;&nbsp; литой, матовый, односторонний</P>\r\n<P>Марка&nbsp;&nbsp;&nbsp;&nbsp;&nbsp;&nbsp;&nbsp;&nbsp;&nbsp;&nbsp;&nbsp;&nbsp;&nbsp;&nbsp;&nbsp;&nbsp;&nbsp;&nbsp;&nbsp;&nbsp;&nbsp;&nbsp;&nbsp;&nbsp;&nbsp;&nbsp;&nbsp;&nbsp;&nbsp;&nbsp;&nbsp;&nbsp;&nbsp;&nbsp;&nbsp;&nbsp;&nbsp;&nbsp;&nbsp;&nbsp;&nbsp;&nbsp;&nbsp;&nbsp; Plexiglas Satinice SC/DC</P>\r\n<P>Производство&nbsp;&nbsp;&nbsp;&nbsp;&nbsp;&nbsp;&nbsp;&nbsp;&nbsp;&nbsp;&nbsp;&nbsp;&nbsp;&nbsp;&nbsp;&nbsp;&nbsp;&nbsp;&nbsp;&nbsp;&nbsp;&nbsp;&nbsp;&nbsp;&nbsp;&nbsp;&nbsp;&nbsp;&nbsp;&nbsp;&nbsp;&nbsp;&nbsp; Германия</P>\r\n<P>Толщина&nbsp;&nbsp;&nbsp;&nbsp;&nbsp;&nbsp;&nbsp;&nbsp;&nbsp;&nbsp;&nbsp;&nbsp;&nbsp;&nbsp;&nbsp;&nbsp;&nbsp;&nbsp;&nbsp;&nbsp;&nbsp;&nbsp;&nbsp;&nbsp;&nbsp;&nbsp;&nbsp;&nbsp;&nbsp;&nbsp;&nbsp;&nbsp;&nbsp;&nbsp;&nbsp;&nbsp;&nbsp;&nbsp;&nbsp;&nbsp;&nbsp;4 мм</P>\r\n<P>Цвет&nbsp;&nbsp;&nbsp;&nbsp;&nbsp;&nbsp;&nbsp;&nbsp;&nbsp;&nbsp;&nbsp;&nbsp;&nbsp;&nbsp;&nbsp;&nbsp;&nbsp;&nbsp;&nbsp;&nbsp;&nbsp;&nbsp;&nbsp;&nbsp;&nbsp;&nbsp;&nbsp;&nbsp;&nbsp;&nbsp;&nbsp;&nbsp;&nbsp;&nbsp;&nbsp;&nbsp;&nbsp;&nbsp;&nbsp;&nbsp;&nbsp;&nbsp;&nbsp;&nbsp;&nbsp;&nbsp; молочный</P>\r\n<P>Размер листа&nbsp;&nbsp;&nbsp;&nbsp;&nbsp;&nbsp;&nbsp;&nbsp;&nbsp;&nbsp;&nbsp;&nbsp;&nbsp;&nbsp;&nbsp;&nbsp;&nbsp;&nbsp;&nbsp;&nbsp;&nbsp;&nbsp;&nbsp;&nbsp;&nbsp;&nbsp;&nbsp;&nbsp;&nbsp;&nbsp;&nbsp;&nbsp;&nbsp;&nbsp; 2,05*3,05 м</P>\r\n<P>Цена за лист&nbsp;&nbsp;&nbsp;&nbsp;&nbsp;&nbsp;&nbsp;&nbsp;&nbsp;&nbsp;&nbsp;&nbsp;&nbsp;&nbsp;&nbsp;&nbsp;&nbsp;&nbsp;&nbsp;&nbsp;&nbsp;&nbsp;&nbsp;&nbsp;&nbsp;&nbsp;&nbsp;&nbsp;&nbsp;&nbsp;&nbsp;&nbsp;&nbsp;&nbsp;&nbsp; 2948,00 грн.</P>','Акрил Plexiglas Satinice SC/DC',NULL,471.40,1,0,NULL,1,5,NULL,1478437497,1478437497),(340,'386','матовый односторонний цветной 4 мм','product340.htm','Акрил Plexiglas Satinice SC/DC матовый односторонний цветной, толщина 4 мм, Германия','<P>Тип&nbsp;&nbsp;&nbsp;&nbsp;&nbsp;&nbsp;&nbsp;&nbsp;&nbsp;&nbsp;&nbsp;&nbsp;&nbsp;&nbsp;&nbsp;&nbsp;&nbsp;&nbsp;&nbsp;&nbsp;&nbsp;&nbsp;&nbsp;&nbsp;&nbsp;&nbsp;&nbsp;&nbsp;&nbsp;&nbsp;&nbsp;&nbsp;&nbsp;&nbsp;&nbsp;&nbsp;&nbsp;&nbsp;&nbsp;&nbsp;&nbsp;&nbsp;&nbsp;&nbsp;&nbsp;&nbsp;&nbsp; литой, матовый, односторонний</P>\r\n<P>Марка&nbsp;&nbsp;&nbsp;&nbsp;&nbsp;&nbsp;&nbsp;&nbsp;&nbsp;&nbsp;&nbsp;&nbsp;&nbsp;&nbsp;&nbsp;&nbsp;&nbsp;&nbsp;&nbsp;&nbsp;&nbsp;&nbsp;&nbsp;&nbsp;&nbsp;&nbsp;&nbsp;&nbsp;&nbsp;&nbsp;&nbsp;&nbsp;&nbsp;&nbsp;&nbsp;&nbsp;&nbsp;&nbsp;&nbsp;&nbsp;&nbsp;&nbsp;&nbsp;&nbsp; Plexiglas Satinice SC/DC</P>\r\n<P>Производство&nbsp;&nbsp;&nbsp;&nbsp;&nbsp;&nbsp;&nbsp;&nbsp;&nbsp;&nbsp;&nbsp;&nbsp;&nbsp;&nbsp;&nbsp;&nbsp;&nbsp;&nbsp;&nbsp;&nbsp;&nbsp;&nbsp;&nbsp;&nbsp;&nbsp;&nbsp;&nbsp;&nbsp;&nbsp;&nbsp;&nbsp;&nbsp;&nbsp; Германия</P>\r\n<P>Толщина&nbsp;&nbsp;&nbsp;&nbsp;&nbsp;&nbsp;&nbsp;&nbsp;&nbsp;&nbsp;&nbsp;&nbsp;&nbsp;&nbsp;&nbsp;&nbsp;&nbsp;&nbsp;&nbsp;&nbsp;&nbsp;&nbsp;&nbsp;&nbsp;&nbsp;&nbsp;&nbsp;&nbsp;&nbsp;&nbsp;&nbsp;&nbsp;&nbsp;&nbsp;&nbsp;&nbsp;&nbsp;&nbsp;&nbsp;&nbsp;&nbsp;4 мм</P>\r\n<P>Цвет&nbsp;&nbsp;&nbsp;&nbsp;&nbsp;&nbsp;&nbsp;&nbsp;&nbsp;&nbsp;&nbsp;&nbsp;&nbsp;&nbsp;&nbsp;&nbsp;&nbsp;&nbsp;&nbsp;&nbsp;&nbsp;&nbsp;&nbsp;&nbsp;&nbsp;&nbsp;&nbsp;&nbsp;&nbsp;&nbsp;&nbsp;&nbsp;&nbsp;&nbsp;&nbsp;&nbsp;&nbsp;&nbsp;&nbsp;&nbsp;&nbsp;&nbsp;&nbsp;&nbsp;&nbsp;&nbsp; цветной</P>\r\n<P>Размер листа&nbsp;&nbsp;&nbsp;&nbsp;&nbsp;&nbsp;&nbsp;&nbsp;&nbsp;&nbsp;&nbsp;&nbsp;&nbsp;&nbsp;&nbsp;&nbsp;&nbsp;&nbsp;&nbsp;&nbsp;&nbsp;&nbsp;&nbsp;&nbsp;&nbsp;&nbsp;&nbsp;&nbsp;&nbsp;&nbsp;&nbsp;&nbsp;&nbsp;&nbsp; 2,05*3,05 м</P>\r\n<P>Цена за лист&nbsp;&nbsp;&nbsp;&nbsp;&nbsp;&nbsp;&nbsp;&nbsp;&nbsp;&nbsp;&nbsp;&nbsp;&nbsp;&nbsp;&nbsp;&nbsp;&nbsp;&nbsp;&nbsp;&nbsp;&nbsp;&nbsp;&nbsp;&nbsp;&nbsp;&nbsp;&nbsp;&nbsp;&nbsp;&nbsp;&nbsp;&nbsp;&nbsp;&nbsp;&nbsp; 3575,00 грн.</P>','Акрил Plexiglas Satinice SC/DC',NULL,571.70,1,0,NULL,1,5,NULL,1478437498,1478437498),(341,'387','матовый односторонний прозрачный 5 мм','product341.htm','Акрил Plexiglas Satinice SC/DC матовый односторонний прозрачный, толщина 5 мм, Германия','<P>Тип&nbsp;&nbsp;&nbsp;&nbsp;&nbsp;&nbsp;&nbsp;&nbsp;&nbsp;&nbsp;&nbsp;&nbsp;&nbsp;&nbsp;&nbsp;&nbsp;&nbsp;&nbsp;&nbsp;&nbsp;&nbsp;&nbsp;&nbsp;&nbsp;&nbsp;&nbsp;&nbsp;&nbsp;&nbsp;&nbsp;&nbsp;&nbsp;&nbsp;&nbsp;&nbsp;&nbsp;&nbsp;&nbsp;&nbsp;&nbsp;&nbsp;&nbsp;&nbsp;&nbsp;&nbsp;&nbsp;&nbsp; литой, матовый, односторонний</P>\r\n<P>Марка&nbsp;&nbsp;&nbsp;&nbsp;&nbsp;&nbsp;&nbsp;&nbsp;&nbsp;&nbsp;&nbsp;&nbsp;&nbsp;&nbsp;&nbsp;&nbsp;&nbsp;&nbsp;&nbsp;&nbsp;&nbsp;&nbsp;&nbsp;&nbsp;&nbsp;&nbsp;&nbsp;&nbsp;&nbsp;&nbsp;&nbsp;&nbsp;&nbsp;&nbsp;&nbsp;&nbsp;&nbsp;&nbsp;&nbsp;&nbsp;&nbsp;&nbsp;&nbsp;&nbsp; Plexiglas Satinice SC/DC</P>\r\n<P>Производство&nbsp;&nbsp;&nbsp;&nbsp;&nbsp;&nbsp;&nbsp;&nbsp;&nbsp;&nbsp;&nbsp;&nbsp;&nbsp;&nbsp;&nbsp;&nbsp;&nbsp;&nbsp;&nbsp;&nbsp;&nbsp;&nbsp;&nbsp;&nbsp;&nbsp;&nbsp;&nbsp;&nbsp;&nbsp;&nbsp;&nbsp;&nbsp;&nbsp; Германия</P>\r\n<P>Толщина&nbsp;&nbsp;&nbsp;&nbsp;&nbsp;&nbsp;&nbsp;&nbsp;&nbsp;&nbsp;&nbsp;&nbsp;&nbsp;&nbsp;&nbsp;&nbsp;&nbsp;&nbsp;&nbsp;&nbsp;&nbsp;&nbsp;&nbsp;&nbsp;&nbsp;&nbsp;&nbsp;&nbsp;&nbsp;&nbsp;&nbsp;&nbsp;&nbsp;&nbsp;&nbsp;&nbsp;&nbsp;&nbsp;&nbsp;&nbsp;&nbsp;5 мм</P>\r\n<P>Цвет&nbsp;&nbsp;&nbsp;&nbsp;&nbsp;&nbsp;&nbsp;&nbsp;&nbsp;&nbsp;&nbsp;&nbsp;&nbsp;&nbsp;&nbsp;&nbsp;&nbsp;&nbsp;&nbsp;&nbsp;&nbsp;&nbsp;&nbsp;&nbsp;&nbsp;&nbsp;&nbsp;&nbsp;&nbsp;&nbsp;&nbsp;&nbsp;&nbsp;&nbsp;&nbsp;&nbsp;&nbsp;&nbsp;&nbsp;&nbsp;&nbsp;&nbsp;&nbsp;&nbsp;&nbsp;&nbsp; прозрачный</P>\r\n<P>Размер листа&nbsp;&nbsp;&nbsp;&nbsp;&nbsp;&nbsp;&nbsp;&nbsp;&nbsp;&nbsp;&nbsp;&nbsp;&nbsp;&nbsp;&nbsp;&nbsp;&nbsp;&nbsp;&nbsp;&nbsp;&nbsp;&nbsp;&nbsp;&nbsp;&nbsp;&nbsp;&nbsp;&nbsp;&nbsp;&nbsp;&nbsp;&nbsp;&nbsp;&nbsp; 2,05*3,05 м</P>\r\n<P>Цена за лист&nbsp;&nbsp;&nbsp;&nbsp;&nbsp;&nbsp;&nbsp;&nbsp;&nbsp;&nbsp;&nbsp;&nbsp;&nbsp;&nbsp;&nbsp;&nbsp;&nbsp;&nbsp;&nbsp;&nbsp;&nbsp;&nbsp;&nbsp;&nbsp;&nbsp;&nbsp;&nbsp;&nbsp;&nbsp;&nbsp;&nbsp;&nbsp;&nbsp;&nbsp;&nbsp; 3339,00 грн.</P>','Акрил Plexiglas Satinice SC/DC',NULL,534.00,1,0,NULL,1,5,NULL,1478437498,1478437498),(342,'388','матовый односторонний молочный 5 мм','product342.htm','Акрил Plexiglas Satinice SC/DC матовый односторонний молочный, толщина 5 мм, Германия','<P>Тип&nbsp;&nbsp;&nbsp;&nbsp;&nbsp;&nbsp;&nbsp;&nbsp;&nbsp;&nbsp;&nbsp;&nbsp;&nbsp;&nbsp;&nbsp;&nbsp;&nbsp;&nbsp;&nbsp;&nbsp;&nbsp;&nbsp;&nbsp;&nbsp;&nbsp;&nbsp;&nbsp;&nbsp;&nbsp;&nbsp;&nbsp;&nbsp;&nbsp;&nbsp;&nbsp;&nbsp;&nbsp;&nbsp;&nbsp;&nbsp;&nbsp;&nbsp;&nbsp;&nbsp;&nbsp;&nbsp;&nbsp; литой, матовый, односторонний</P>\r\n<P>Марка&nbsp;&nbsp;&nbsp;&nbsp;&nbsp;&nbsp;&nbsp;&nbsp;&nbsp;&nbsp;&nbsp;&nbsp;&nbsp;&nbsp;&nbsp;&nbsp;&nbsp;&nbsp;&nbsp;&nbsp;&nbsp;&nbsp;&nbsp;&nbsp;&nbsp;&nbsp;&nbsp;&nbsp;&nbsp;&nbsp;&nbsp;&nbsp;&nbsp;&nbsp;&nbsp;&nbsp;&nbsp;&nbsp;&nbsp;&nbsp;&nbsp;&nbsp;&nbsp;&nbsp; Plexiglas Satinice SC/DC</P>\r\n<P>Производство&nbsp;&nbsp;&nbsp;&nbsp;&nbsp;&nbsp;&nbsp;&nbsp;&nbsp;&nbsp;&nbsp;&nbsp;&nbsp;&nbsp;&nbsp;&nbsp;&nbsp;&nbsp;&nbsp;&nbsp;&nbsp;&nbsp;&nbsp;&nbsp;&nbsp;&nbsp;&nbsp;&nbsp;&nbsp;&nbsp;&nbsp;&nbsp;&nbsp; Германия</P>\r\n<P>Толщина&nbsp;&nbsp;&nbsp;&nbsp;&nbsp;&nbsp;&nbsp;&nbsp;&nbsp;&nbsp;&nbsp;&nbsp;&nbsp;&nbsp;&nbsp;&nbsp;&nbsp;&nbsp;&nbsp;&nbsp;&nbsp;&nbsp;&nbsp;&nbsp;&nbsp;&nbsp;&nbsp;&nbsp;&nbsp;&nbsp;&nbsp;&nbsp;&nbsp;&nbsp;&nbsp;&nbsp;&nbsp;&nbsp;&nbsp;&nbsp;&nbsp;5 мм</P>\r\n<P>Цвет&nbsp;&nbsp;&nbsp;&nbsp;&nbsp;&nbsp;&nbsp;&nbsp;&nbsp;&nbsp;&nbsp;&nbsp;&nbsp;&nbsp;&nbsp;&nbsp;&nbsp;&nbsp;&nbsp;&nbsp;&nbsp;&nbsp;&nbsp;&nbsp;&nbsp;&nbsp;&nbsp;&nbsp;&nbsp;&nbsp;&nbsp;&nbsp;&nbsp;&nbsp;&nbsp;&nbsp;&nbsp;&nbsp;&nbsp;&nbsp;&nbsp;&nbsp;&nbsp;&nbsp;&nbsp;&nbsp; молочный</P>\r\n<P>Размер листа&nbsp;&nbsp;&nbsp;&nbsp;&nbsp;&nbsp;&nbsp;&nbsp;&nbsp;&nbsp;&nbsp;&nbsp;&nbsp;&nbsp;&nbsp;&nbsp;&nbsp;&nbsp;&nbsp;&nbsp;&nbsp;&nbsp;&nbsp;&nbsp;&nbsp;&nbsp;&nbsp;&nbsp;&nbsp;&nbsp;&nbsp;&nbsp;&nbsp;&nbsp; 2,05*3,05 м</P>\r\n<P>Цена за лист&nbsp;&nbsp;&nbsp;&nbsp;&nbsp;&nbsp;&nbsp;&nbsp;&nbsp;&nbsp;&nbsp;&nbsp;&nbsp;&nbsp;&nbsp;&nbsp;&nbsp;&nbsp;&nbsp;&nbsp;&nbsp;&nbsp;&nbsp;&nbsp;&nbsp;&nbsp;&nbsp;&nbsp;&nbsp;&nbsp;&nbsp;&nbsp;&nbsp;&nbsp;&nbsp; 3508,00 грн.</P>','Акрил Plexiglas Satinice SC/DC',NULL,561.00,1,0,NULL,1,5,NULL,1478437499,1478437499),(343,'389','матовый односторонний цветной 5 мм','product343.htm','Акрил Plexiglas Satinice SC/DC матовый односторонний цветной, толщина 5 мм, Германия','<P>Тип&nbsp;&nbsp;&nbsp;&nbsp;&nbsp;&nbsp;&nbsp;&nbsp;&nbsp;&nbsp;&nbsp;&nbsp;&nbsp;&nbsp;&nbsp;&nbsp;&nbsp;&nbsp;&nbsp;&nbsp;&nbsp;&nbsp;&nbsp;&nbsp;&nbsp;&nbsp;&nbsp;&nbsp;&nbsp;&nbsp;&nbsp;&nbsp;&nbsp;&nbsp;&nbsp;&nbsp;&nbsp;&nbsp;&nbsp;&nbsp;&nbsp;&nbsp;&nbsp;&nbsp;&nbsp;&nbsp;&nbsp; литой, матовый, односторонний</P>\r\n<P>Марка&nbsp;&nbsp;&nbsp;&nbsp;&nbsp;&nbsp;&nbsp;&nbsp;&nbsp;&nbsp;&nbsp;&nbsp;&nbsp;&nbsp;&nbsp;&nbsp;&nbsp;&nbsp;&nbsp;&nbsp;&nbsp;&nbsp;&nbsp;&nbsp;&nbsp;&nbsp;&nbsp;&nbsp;&nbsp;&nbsp;&nbsp;&nbsp;&nbsp;&nbsp;&nbsp;&nbsp;&nbsp;&nbsp;&nbsp;&nbsp;&nbsp;&nbsp;&nbsp;&nbsp; Plexiglas Satinice SC/DC</P>\r\n<P>Производство&nbsp;&nbsp;&nbsp;&nbsp;&nbsp;&nbsp;&nbsp;&nbsp;&nbsp;&nbsp;&nbsp;&nbsp;&nbsp;&nbsp;&nbsp;&nbsp;&nbsp;&nbsp;&nbsp;&nbsp;&nbsp;&nbsp;&nbsp;&nbsp;&nbsp;&nbsp;&nbsp;&nbsp;&nbsp;&nbsp;&nbsp;&nbsp;&nbsp; Германия</P>\r\n<P>Толщина&nbsp;&nbsp;&nbsp;&nbsp;&nbsp;&nbsp;&nbsp;&nbsp;&nbsp;&nbsp;&nbsp;&nbsp;&nbsp;&nbsp;&nbsp;&nbsp;&nbsp;&nbsp;&nbsp;&nbsp;&nbsp;&nbsp;&nbsp;&nbsp;&nbsp;&nbsp;&nbsp;&nbsp;&nbsp;&nbsp;&nbsp;&nbsp;&nbsp;&nbsp;&nbsp;&nbsp;&nbsp;&nbsp;&nbsp;&nbsp;&nbsp;5 мм</P>\r\n<P>Цвет&nbsp;&nbsp;&nbsp;&nbsp;&nbsp;&nbsp;&nbsp;&nbsp;&nbsp;&nbsp;&nbsp;&nbsp;&nbsp;&nbsp;&nbsp;&nbsp;&nbsp;&nbsp;&nbsp;&nbsp;&nbsp;&nbsp;&nbsp;&nbsp;&nbsp;&nbsp;&nbsp;&nbsp;&nbsp;&nbsp;&nbsp;&nbsp;&nbsp;&nbsp;&nbsp;&nbsp;&nbsp;&nbsp;&nbsp;&nbsp;&nbsp;&nbsp;&nbsp;&nbsp;&nbsp;&nbsp; цветной</P>\r\n<P>Размер листа&nbsp;&nbsp;&nbsp;&nbsp;&nbsp;&nbsp;&nbsp;&nbsp;&nbsp;&nbsp;&nbsp;&nbsp;&nbsp;&nbsp;&nbsp;&nbsp;&nbsp;&nbsp;&nbsp;&nbsp;&nbsp;&nbsp;&nbsp;&nbsp;&nbsp;&nbsp;&nbsp;&nbsp;&nbsp;&nbsp;&nbsp;&nbsp;&nbsp;&nbsp; 2,05*3,05 м</P>\r\n<P>Цена за лист&nbsp;&nbsp;&nbsp;&nbsp;&nbsp;&nbsp;&nbsp;&nbsp;&nbsp;&nbsp;&nbsp;&nbsp;&nbsp;&nbsp;&nbsp;&nbsp;&nbsp;&nbsp;&nbsp;&nbsp;&nbsp;&nbsp;&nbsp;&nbsp;&nbsp;&nbsp;&nbsp;&nbsp;&nbsp;&nbsp;&nbsp;&nbsp;&nbsp;&nbsp;&nbsp; 4250,00 грн.</P>','Акрил Plexiglas Satinice SC/DC',NULL,679.70,1,0,NULL,1,5,NULL,1478437499,1478437499),(344,'390','матовый односторонний прозрачный 6 мм','product344.htm','Акрил Plexiglas Satinice SC/DC матовый односторонний прозрачный, толщина 6 мм, Германия','<P>Тип&nbsp;&nbsp;&nbsp;&nbsp;&nbsp;&nbsp;&nbsp;&nbsp;&nbsp;&nbsp;&nbsp;&nbsp;&nbsp;&nbsp;&nbsp;&nbsp;&nbsp;&nbsp;&nbsp;&nbsp;&nbsp;&nbsp;&nbsp;&nbsp;&nbsp;&nbsp;&nbsp;&nbsp;&nbsp;&nbsp;&nbsp;&nbsp;&nbsp;&nbsp;&nbsp;&nbsp;&nbsp;&nbsp;&nbsp;&nbsp;&nbsp;&nbsp;&nbsp;&nbsp;&nbsp;&nbsp;&nbsp; литой, матовый, односторонний</P>\r\n<P>Марка&nbsp;&nbsp;&nbsp;&nbsp;&nbsp;&nbsp;&nbsp;&nbsp;&nbsp;&nbsp;&nbsp;&nbsp;&nbsp;&nbsp;&nbsp;&nbsp;&nbsp;&nbsp;&nbsp;&nbsp;&nbsp;&nbsp;&nbsp;&nbsp;&nbsp;&nbsp;&nbsp;&nbsp;&nbsp;&nbsp;&nbsp;&nbsp;&nbsp;&nbsp;&nbsp;&nbsp;&nbsp;&nbsp;&nbsp;&nbsp;&nbsp;&nbsp;&nbsp;&nbsp; Plexiglas Satinice SC/DC</P>\r\n<P>Производство&nbsp;&nbsp;&nbsp;&nbsp;&nbsp;&nbsp;&nbsp;&nbsp;&nbsp;&nbsp;&nbsp;&nbsp;&nbsp;&nbsp;&nbsp;&nbsp;&nbsp;&nbsp;&nbsp;&nbsp;&nbsp;&nbsp;&nbsp;&nbsp;&nbsp;&nbsp;&nbsp;&nbsp;&nbsp;&nbsp;&nbsp;&nbsp;&nbsp; Германия</P>\r\n<P>Толщина&nbsp;&nbsp;&nbsp;&nbsp;&nbsp;&nbsp;&nbsp;&nbsp;&nbsp;&nbsp;&nbsp;&nbsp;&nbsp;&nbsp;&nbsp;&nbsp;&nbsp;&nbsp;&nbsp;&nbsp;&nbsp;&nbsp;&nbsp;&nbsp;&nbsp;&nbsp;&nbsp;&nbsp;&nbsp;&nbsp;&nbsp;&nbsp;&nbsp;&nbsp;&nbsp;&nbsp;&nbsp;&nbsp;&nbsp;&nbsp;&nbsp;6 мм</P>\r\n<P>Цвет&nbsp;&nbsp;&nbsp;&nbsp;&nbsp;&nbsp;&nbsp;&nbsp;&nbsp;&nbsp;&nbsp;&nbsp;&nbsp;&nbsp;&nbsp;&nbsp;&nbsp;&nbsp;&nbsp;&nbsp;&nbsp;&nbsp;&nbsp;&nbsp;&nbsp;&nbsp;&nbsp;&nbsp;&nbsp;&nbsp;&nbsp;&nbsp;&nbsp;&nbsp;&nbsp;&nbsp;&nbsp;&nbsp;&nbsp;&nbsp;&nbsp;&nbsp;&nbsp;&nbsp;&nbsp;&nbsp; прозрачный</P>\r\n<P>Размер листа&nbsp;&nbsp;&nbsp;&nbsp;&nbsp;&nbsp;&nbsp;&nbsp;&nbsp;&nbsp;&nbsp;&nbsp;&nbsp;&nbsp;&nbsp;&nbsp;&nbsp;&nbsp;&nbsp;&nbsp;&nbsp;&nbsp;&nbsp;&nbsp;&nbsp;&nbsp;&nbsp;&nbsp;&nbsp;&nbsp;&nbsp;&nbsp;&nbsp;&nbsp; 2,05*3,05 м</P>\r\n<P>Цена за лист&nbsp;&nbsp;&nbsp;&nbsp;&nbsp;&nbsp;&nbsp;&nbsp;&nbsp;&nbsp;&nbsp;&nbsp;&nbsp;&nbsp;&nbsp;&nbsp;&nbsp;&nbsp;&nbsp;&nbsp;&nbsp;&nbsp;&nbsp;&nbsp;&nbsp;&nbsp;&nbsp;&nbsp;&nbsp;&nbsp;&nbsp;&nbsp;&nbsp;&nbsp;&nbsp; 4011,00 грн.</P>','Акрил Plexiglas Satinice SC/DC',NULL,641.50,1,0,NULL,1,5,NULL,1478437500,1478437500),(345,'391','матовый односторонний молочный 6 мм','product345.htm','Акрил Plexiglas Satinice SC/DC матовый односторонний молочный, толщина 6 мм, Германия','<P>Тип&nbsp;&nbsp;&nbsp;&nbsp;&nbsp;&nbsp;&nbsp;&nbsp;&nbsp;&nbsp;&nbsp;&nbsp;&nbsp;&nbsp;&nbsp;&nbsp;&nbsp;&nbsp;&nbsp;&nbsp;&nbsp;&nbsp;&nbsp;&nbsp;&nbsp;&nbsp;&nbsp;&nbsp;&nbsp;&nbsp;&nbsp;&nbsp;&nbsp;&nbsp;&nbsp;&nbsp;&nbsp;&nbsp;&nbsp;&nbsp;&nbsp;&nbsp;&nbsp;&nbsp;&nbsp;&nbsp;&nbsp; литой, матовый, односторонний</P>\r\n<P>Марка&nbsp;&nbsp;&nbsp;&nbsp;&nbsp;&nbsp;&nbsp;&nbsp;&nbsp;&nbsp;&nbsp;&nbsp;&nbsp;&nbsp;&nbsp;&nbsp;&nbsp;&nbsp;&nbsp;&nbsp;&nbsp;&nbsp;&nbsp;&nbsp;&nbsp;&nbsp;&nbsp;&nbsp;&nbsp;&nbsp;&nbsp;&nbsp;&nbsp;&nbsp;&nbsp;&nbsp;&nbsp;&nbsp;&nbsp;&nbsp;&nbsp;&nbsp;&nbsp;&nbsp; Plexiglas Satinice SC/DC</P>\r\n<P>Производство&nbsp;&nbsp;&nbsp;&nbsp;&nbsp;&nbsp;&nbsp;&nbsp;&nbsp;&nbsp;&nbsp;&nbsp;&nbsp;&nbsp;&nbsp;&nbsp;&nbsp;&nbsp;&nbsp;&nbsp;&nbsp;&nbsp;&nbsp;&nbsp;&nbsp;&nbsp;&nbsp;&nbsp;&nbsp;&nbsp;&nbsp;&nbsp;&nbsp; Германия</P>\r\n<P>Толщина&nbsp;&nbsp;&nbsp;&nbsp;&nbsp;&nbsp;&nbsp;&nbsp;&nbsp;&nbsp;&nbsp;&nbsp;&nbsp;&nbsp;&nbsp;&nbsp;&nbsp;&nbsp;&nbsp;&nbsp;&nbsp;&nbsp;&nbsp;&nbsp;&nbsp;&nbsp;&nbsp;&nbsp;&nbsp;&nbsp;&nbsp;&nbsp;&nbsp;&nbsp;&nbsp;&nbsp;&nbsp;&nbsp;&nbsp;&nbsp;&nbsp;6 мм</P>\r\n<P>Цвет&nbsp;&nbsp;&nbsp;&nbsp;&nbsp;&nbsp;&nbsp;&nbsp;&nbsp;&nbsp;&nbsp;&nbsp;&nbsp;&nbsp;&nbsp;&nbsp;&nbsp;&nbsp;&nbsp;&nbsp;&nbsp;&nbsp;&nbsp;&nbsp;&nbsp;&nbsp;&nbsp;&nbsp;&nbsp;&nbsp;&nbsp;&nbsp;&nbsp;&nbsp;&nbsp;&nbsp;&nbsp;&nbsp;&nbsp;&nbsp;&nbsp;&nbsp;&nbsp;&nbsp;&nbsp;&nbsp; молочный</P>\r\n<P>Размер листа&nbsp;&nbsp;&nbsp;&nbsp;&nbsp;&nbsp;&nbsp;&nbsp;&nbsp;&nbsp;&nbsp;&nbsp;&nbsp;&nbsp;&nbsp;&nbsp;&nbsp;&nbsp;&nbsp;&nbsp;&nbsp;&nbsp;&nbsp;&nbsp;&nbsp;&nbsp;&nbsp;&nbsp;&nbsp;&nbsp;&nbsp;&nbsp;&nbsp;&nbsp; 2,05*3,05 м</P>\r\n<P>Цена за лист&nbsp;&nbsp;&nbsp;&nbsp;&nbsp;&nbsp;&nbsp;&nbsp;&nbsp;&nbsp;&nbsp;&nbsp;&nbsp;&nbsp;&nbsp;&nbsp;&nbsp;&nbsp;&nbsp;&nbsp;&nbsp;&nbsp;&nbsp;&nbsp;&nbsp;&nbsp;&nbsp;&nbsp;&nbsp;&nbsp;&nbsp;&nbsp;&nbsp;&nbsp;&nbsp; 4213,00 грн.</P>','Акрил Plexiglas Satinice SC/DC',NULL,673.80,1,0,NULL,1,5,NULL,1478437500,1478437500),(346,'392','матовый односторонний цветной 6 мм','product346.htm','Акрил Plexiglas Satinice SC/DC матовый односторонний цветной, толщина 6 мм, Германия','<P>Тип&nbsp;&nbsp;&nbsp;&nbsp;&nbsp;&nbsp;&nbsp;&nbsp;&nbsp;&nbsp;&nbsp;&nbsp;&nbsp;&nbsp;&nbsp;&nbsp;&nbsp;&nbsp;&nbsp;&nbsp;&nbsp;&nbsp;&nbsp;&nbsp;&nbsp;&nbsp;&nbsp;&nbsp;&nbsp;&nbsp;&nbsp;&nbsp;&nbsp;&nbsp;&nbsp;&nbsp;&nbsp;&nbsp;&nbsp;&nbsp;&nbsp;&nbsp;&nbsp;&nbsp;&nbsp;&nbsp;&nbsp; литой, матовый, односторонний</P>\r\n<P>Марка&nbsp;&nbsp;&nbsp;&nbsp;&nbsp;&nbsp;&nbsp;&nbsp;&nbsp;&nbsp;&nbsp;&nbsp;&nbsp;&nbsp;&nbsp;&nbsp;&nbsp;&nbsp;&nbsp;&nbsp;&nbsp;&nbsp;&nbsp;&nbsp;&nbsp;&nbsp;&nbsp;&nbsp;&nbsp;&nbsp;&nbsp;&nbsp;&nbsp;&nbsp;&nbsp;&nbsp;&nbsp;&nbsp;&nbsp;&nbsp;&nbsp;&nbsp;&nbsp;&nbsp; Plexiglas Satinice SC/DC</P>\r\n<P>Производство&nbsp;&nbsp;&nbsp;&nbsp;&nbsp;&nbsp;&nbsp;&nbsp;&nbsp;&nbsp;&nbsp;&nbsp;&nbsp;&nbsp;&nbsp;&nbsp;&nbsp;&nbsp;&nbsp;&nbsp;&nbsp;&nbsp;&nbsp;&nbsp;&nbsp;&nbsp;&nbsp;&nbsp;&nbsp;&nbsp;&nbsp;&nbsp;&nbsp; Германия</P>\r\n<P>Толщина&nbsp;&nbsp;&nbsp;&nbsp;&nbsp;&nbsp;&nbsp;&nbsp;&nbsp;&nbsp;&nbsp;&nbsp;&nbsp;&nbsp;&nbsp;&nbsp;&nbsp;&nbsp;&nbsp;&nbsp;&nbsp;&nbsp;&nbsp;&nbsp;&nbsp;&nbsp;&nbsp;&nbsp;&nbsp;&nbsp;&nbsp;&nbsp;&nbsp;&nbsp;&nbsp;&nbsp;&nbsp;&nbsp;&nbsp;&nbsp;&nbsp;6 мм</P>\r\n<P>Цвет&nbsp;&nbsp;&nbsp;&nbsp;&nbsp;&nbsp;&nbsp;&nbsp;&nbsp;&nbsp;&nbsp;&nbsp;&nbsp;&nbsp;&nbsp;&nbsp;&nbsp;&nbsp;&nbsp;&nbsp;&nbsp;&nbsp;&nbsp;&nbsp;&nbsp;&nbsp;&nbsp;&nbsp;&nbsp;&nbsp;&nbsp;&nbsp;&nbsp;&nbsp;&nbsp;&nbsp;&nbsp;&nbsp;&nbsp;&nbsp;&nbsp;&nbsp;&nbsp;&nbsp;&nbsp;&nbsp; цветной</P>\r\n<P>Размер листа&nbsp;&nbsp;&nbsp;&nbsp;&nbsp;&nbsp;&nbsp;&nbsp;&nbsp;&nbsp;&nbsp;&nbsp;&nbsp;&nbsp;&nbsp;&nbsp;&nbsp;&nbsp;&nbsp;&nbsp;&nbsp;&nbsp;&nbsp;&nbsp;&nbsp;&nbsp;&nbsp;&nbsp;&nbsp;&nbsp;&nbsp;&nbsp;&nbsp;&nbsp; 2,05*3,05 м</P>\r\n<P>Цена за лист&nbsp;&nbsp;&nbsp;&nbsp;&nbsp;&nbsp;&nbsp;&nbsp;&nbsp;&nbsp;&nbsp;&nbsp;&nbsp;&nbsp;&nbsp;&nbsp;&nbsp;&nbsp;&nbsp;&nbsp;&nbsp;&nbsp;&nbsp;&nbsp;&nbsp;&nbsp;&nbsp;&nbsp;&nbsp;&nbsp;&nbsp;&nbsp;&nbsp;&nbsp;&nbsp; 5105,00 грн.</P>','Акрил Plexiglas Satinice SC/DC',NULL,816.47,1,0,NULL,1,5,NULL,1478437501,1478437501),(347,'393','матовый односторонний прозрачный 8 мм','product347.htm','Акрил Plexiglas Satinice SC/DC матовый односторонний прозрачный, толщина 8 мм, Германия','<P>Тип&nbsp;&nbsp;&nbsp;&nbsp;&nbsp;&nbsp;&nbsp;&nbsp;&nbsp;&nbsp;&nbsp;&nbsp;&nbsp;&nbsp;&nbsp;&nbsp;&nbsp;&nbsp;&nbsp;&nbsp;&nbsp;&nbsp;&nbsp;&nbsp;&nbsp;&nbsp;&nbsp;&nbsp;&nbsp;&nbsp;&nbsp;&nbsp;&nbsp;&nbsp;&nbsp;&nbsp;&nbsp;&nbsp;&nbsp;&nbsp;&nbsp;&nbsp;&nbsp;&nbsp;&nbsp;&nbsp;&nbsp; литой, матовый, односторонний</P>\r\n<P>Марка&nbsp;&nbsp;&nbsp;&nbsp;&nbsp;&nbsp;&nbsp;&nbsp;&nbsp;&nbsp;&nbsp;&nbsp;&nbsp;&nbsp;&nbsp;&nbsp;&nbsp;&nbsp;&nbsp;&nbsp;&nbsp;&nbsp;&nbsp;&nbsp;&nbsp;&nbsp;&nbsp;&nbsp;&nbsp;&nbsp;&nbsp;&nbsp;&nbsp;&nbsp;&nbsp;&nbsp;&nbsp;&nbsp;&nbsp;&nbsp;&nbsp;&nbsp;&nbsp;&nbsp; Plexiglas Satinice SC/DC</P>\r\n<P>Производство&nbsp;&nbsp;&nbsp;&nbsp;&nbsp;&nbsp;&nbsp;&nbsp;&nbsp;&nbsp;&nbsp;&nbsp;&nbsp;&nbsp;&nbsp;&nbsp;&nbsp;&nbsp;&nbsp;&nbsp;&nbsp;&nbsp;&nbsp;&nbsp;&nbsp;&nbsp;&nbsp;&nbsp;&nbsp;&nbsp;&nbsp;&nbsp;&nbsp; Германия</P>\r\n<P>Толщина&nbsp;&nbsp;&nbsp;&nbsp;&nbsp;&nbsp;&nbsp;&nbsp;&nbsp;&nbsp;&nbsp;&nbsp;&nbsp;&nbsp;&nbsp;&nbsp;&nbsp;&nbsp;&nbsp;&nbsp;&nbsp;&nbsp;&nbsp;&nbsp;&nbsp;&nbsp;&nbsp;&nbsp;&nbsp;&nbsp;&nbsp;&nbsp;&nbsp;&nbsp;&nbsp;&nbsp;&nbsp;&nbsp;&nbsp;&nbsp;&nbsp;8 мм</P>\r\n<P>Цвет&nbsp;&nbsp;&nbsp;&nbsp;&nbsp;&nbsp;&nbsp;&nbsp;&nbsp;&nbsp;&nbsp;&nbsp;&nbsp;&nbsp;&nbsp;&nbsp;&nbsp;&nbsp;&nbsp;&nbsp;&nbsp;&nbsp;&nbsp;&nbsp;&nbsp;&nbsp;&nbsp;&nbsp;&nbsp;&nbsp;&nbsp;&nbsp;&nbsp;&nbsp;&nbsp;&nbsp;&nbsp;&nbsp;&nbsp;&nbsp;&nbsp;&nbsp;&nbsp;&nbsp;&nbsp;&nbsp; прозрачный</P>\r\n<P>Размер листа&nbsp;&nbsp;&nbsp;&nbsp;&nbsp;&nbsp;&nbsp;&nbsp;&nbsp;&nbsp;&nbsp;&nbsp;&nbsp;&nbsp;&nbsp;&nbsp;&nbsp;&nbsp;&nbsp;&nbsp;&nbsp;&nbsp;&nbsp;&nbsp;&nbsp;&nbsp;&nbsp;&nbsp;&nbsp;&nbsp;&nbsp;&nbsp;&nbsp;&nbsp; 2,05*3,05 м</P>\r\n<P>Цена за лист&nbsp;&nbsp;&nbsp;&nbsp;&nbsp;&nbsp;&nbsp;&nbsp;&nbsp;&nbsp;&nbsp;&nbsp;&nbsp;&nbsp;&nbsp;&nbsp;&nbsp;&nbsp;&nbsp;&nbsp;&nbsp;&nbsp;&nbsp;&nbsp;&nbsp;&nbsp;&nbsp;&nbsp;&nbsp;&nbsp;&nbsp;&nbsp;&nbsp;&nbsp;&nbsp; 5344,00 грн.</P>','Акрил Plexiglas Satinice SC/DC',NULL,854.70,1,0,NULL,1,5,NULL,1478437501,1478437501),(348,'394','матовый односторонний молочный 8 мм','product348.htm','Акрил Plexiglas Satinice SC/DC матовый односторонний молочный, толщина 8 мм, Германия','<P>Тип&nbsp;&nbsp;&nbsp;&nbsp;&nbsp;&nbsp;&nbsp;&nbsp;&nbsp;&nbsp;&nbsp;&nbsp;&nbsp;&nbsp;&nbsp;&nbsp;&nbsp;&nbsp;&nbsp;&nbsp;&nbsp;&nbsp;&nbsp;&nbsp;&nbsp;&nbsp;&nbsp;&nbsp;&nbsp;&nbsp;&nbsp;&nbsp;&nbsp;&nbsp;&nbsp;&nbsp;&nbsp;&nbsp;&nbsp;&nbsp;&nbsp;&nbsp;&nbsp;&nbsp;&nbsp;&nbsp;&nbsp; литой, матовый, односторонний</P>\r\n<P>Марка&nbsp;&nbsp;&nbsp;&nbsp;&nbsp;&nbsp;&nbsp;&nbsp;&nbsp;&nbsp;&nbsp;&nbsp;&nbsp;&nbsp;&nbsp;&nbsp;&nbsp;&nbsp;&nbsp;&nbsp;&nbsp;&nbsp;&nbsp;&nbsp;&nbsp;&nbsp;&nbsp;&nbsp;&nbsp;&nbsp;&nbsp;&nbsp;&nbsp;&nbsp;&nbsp;&nbsp;&nbsp;&nbsp;&nbsp;&nbsp;&nbsp;&nbsp;&nbsp;&nbsp; Plexiglas Satinice SC/DC</P>\r\n<P>Производство&nbsp;&nbsp;&nbsp;&nbsp;&nbsp;&nbsp;&nbsp;&nbsp;&nbsp;&nbsp;&nbsp;&nbsp;&nbsp;&nbsp;&nbsp;&nbsp;&nbsp;&nbsp;&nbsp;&nbsp;&nbsp;&nbsp;&nbsp;&nbsp;&nbsp;&nbsp;&nbsp;&nbsp;&nbsp;&nbsp;&nbsp;&nbsp;&nbsp; Германия</P>\r\n<P>Толщина&nbsp;&nbsp;&nbsp;&nbsp;&nbsp;&nbsp;&nbsp;&nbsp;&nbsp;&nbsp;&nbsp;&nbsp;&nbsp;&nbsp;&nbsp;&nbsp;&nbsp;&nbsp;&nbsp;&nbsp;&nbsp;&nbsp;&nbsp;&nbsp;&nbsp;&nbsp;&nbsp;&nbsp;&nbsp;&nbsp;&nbsp;&nbsp;&nbsp;&nbsp;&nbsp;&nbsp;&nbsp;&nbsp;&nbsp;&nbsp;&nbsp;8 мм</P>\r\n<P>Цвет&nbsp;&nbsp;&nbsp;&nbsp;&nbsp;&nbsp;&nbsp;&nbsp;&nbsp;&nbsp;&nbsp;&nbsp;&nbsp;&nbsp;&nbsp;&nbsp;&nbsp;&nbsp;&nbsp;&nbsp;&nbsp;&nbsp;&nbsp;&nbsp;&nbsp;&nbsp;&nbsp;&nbsp;&nbsp;&nbsp;&nbsp;&nbsp;&nbsp;&nbsp;&nbsp;&nbsp;&nbsp;&nbsp;&nbsp;&nbsp;&nbsp;&nbsp;&nbsp;&nbsp;&nbsp;&nbsp; молочный</P>\r\n<P>Размер листа&nbsp;&nbsp;&nbsp;&nbsp;&nbsp;&nbsp;&nbsp;&nbsp;&nbsp;&nbsp;&nbsp;&nbsp;&nbsp;&nbsp;&nbsp;&nbsp;&nbsp;&nbsp;&nbsp;&nbsp;&nbsp;&nbsp;&nbsp;&nbsp;&nbsp;&nbsp;&nbsp;&nbsp;&nbsp;&nbsp;&nbsp;&nbsp;&nbsp;&nbsp; 2,05*3,05 м</P>\r\n<P>Цена за лист&nbsp;&nbsp;&nbsp;&nbsp;&nbsp;&nbsp;&nbsp;&nbsp;&nbsp;&nbsp;&nbsp;&nbsp;&nbsp;&nbsp;&nbsp;&nbsp;&nbsp;&nbsp;&nbsp;&nbsp;&nbsp;&nbsp;&nbsp;&nbsp;&nbsp;&nbsp;&nbsp;&nbsp;&nbsp;&nbsp;&nbsp;&nbsp;&nbsp;&nbsp;&nbsp; 5614,00 грн.</P>','Акрил Plexiglas Satinice SC/DC',NULL,897.88,1,0,NULL,1,5,NULL,1478437502,1478437502),(349,'395','матовый односторонний цветной 8 мм','product349.htm','Акрил Plexiglas Satinice SC/DC матовый односторонний цветной, толщина 8 мм, Германия','<P>Тип&nbsp;&nbsp;&nbsp;&nbsp;&nbsp;&nbsp;&nbsp;&nbsp;&nbsp;&nbsp;&nbsp;&nbsp;&nbsp;&nbsp;&nbsp;&nbsp;&nbsp;&nbsp;&nbsp;&nbsp;&nbsp;&nbsp;&nbsp;&nbsp;&nbsp;&nbsp;&nbsp;&nbsp;&nbsp;&nbsp;&nbsp;&nbsp;&nbsp;&nbsp;&nbsp;&nbsp;&nbsp;&nbsp;&nbsp;&nbsp;&nbsp;&nbsp;&nbsp;&nbsp;&nbsp;&nbsp;&nbsp; литой, матовый, односторонний</P>\r\n<P>Марка&nbsp;&nbsp;&nbsp;&nbsp;&nbsp;&nbsp;&nbsp;&nbsp;&nbsp;&nbsp;&nbsp;&nbsp;&nbsp;&nbsp;&nbsp;&nbsp;&nbsp;&nbsp;&nbsp;&nbsp;&nbsp;&nbsp;&nbsp;&nbsp;&nbsp;&nbsp;&nbsp;&nbsp;&nbsp;&nbsp;&nbsp;&nbsp;&nbsp;&nbsp;&nbsp;&nbsp;&nbsp;&nbsp;&nbsp;&nbsp;&nbsp;&nbsp;&nbsp;&nbsp; Plexiglas Satinice SC/DC</P>\r\n<P>Производство&nbsp;&nbsp;&nbsp;&nbsp;&nbsp;&nbsp;&nbsp;&nbsp;&nbsp;&nbsp;&nbsp;&nbsp;&nbsp;&nbsp;&nbsp;&nbsp;&nbsp;&nbsp;&nbsp;&nbsp;&nbsp;&nbsp;&nbsp;&nbsp;&nbsp;&nbsp;&nbsp;&nbsp;&nbsp;&nbsp;&nbsp;&nbsp;&nbsp; Германия</P>\r\n<P>Толщина&nbsp;&nbsp;&nbsp;&nbsp;&nbsp;&nbsp;&nbsp;&nbsp;&nbsp;&nbsp;&nbsp;&nbsp;&nbsp;&nbsp;&nbsp;&nbsp;&nbsp;&nbsp;&nbsp;&nbsp;&nbsp;&nbsp;&nbsp;&nbsp;&nbsp;&nbsp;&nbsp;&nbsp;&nbsp;&nbsp;&nbsp;&nbsp;&nbsp;&nbsp;&nbsp;&nbsp;&nbsp;&nbsp;&nbsp;&nbsp;&nbsp;8 мм</P>\r\n<P>Цвет&nbsp;&nbsp;&nbsp;&nbsp;&nbsp;&nbsp;&nbsp;&nbsp;&nbsp;&nbsp;&nbsp;&nbsp;&nbsp;&nbsp;&nbsp;&nbsp;&nbsp;&nbsp;&nbsp;&nbsp;&nbsp;&nbsp;&nbsp;&nbsp;&nbsp;&nbsp;&nbsp;&nbsp;&nbsp;&nbsp;&nbsp;&nbsp;&nbsp;&nbsp;&nbsp;&nbsp;&nbsp;&nbsp;&nbsp;&nbsp;&nbsp;&nbsp;&nbsp;&nbsp;&nbsp;&nbsp; цветной</P>\r\n<P>Размер листа&nbsp;&nbsp;&nbsp;&nbsp;&nbsp;&nbsp;&nbsp;&nbsp;&nbsp;&nbsp;&nbsp;&nbsp;&nbsp;&nbsp;&nbsp;&nbsp;&nbsp;&nbsp;&nbsp;&nbsp;&nbsp;&nbsp;&nbsp;&nbsp;&nbsp;&nbsp;&nbsp;&nbsp;&nbsp;&nbsp;&nbsp;&nbsp;&nbsp;&nbsp; 2,05*3,05 м</P>\r\n<P>Цена за лист&nbsp;&nbsp;&nbsp;&nbsp;&nbsp;&nbsp;&nbsp;&nbsp;&nbsp;&nbsp;&nbsp;&nbsp;&nbsp;&nbsp;&nbsp;&nbsp;&nbsp;&nbsp;&nbsp;&nbsp;&nbsp;&nbsp;&nbsp;&nbsp;&nbsp;&nbsp;&nbsp;&nbsp;&nbsp;&nbsp;&nbsp;&nbsp;&nbsp;&nbsp;&nbsp; 6820,00 грн.</P>','Акрил Plexiglas Satinice SC/DC',NULL,1090.00,1,0,NULL,1,5,NULL,1478437502,1478437502),(350,'396','Подоконник \"Werzalit\" (Премиум класс)','product350.htm','Подоконники Werzalit - это высококачественные подоконники изготовленные из древесины путем спресования и пропитки специальной смолой, покрытые специальным акриловым ламинатом устойчивым к царапанью и другим механическим воздействиям, устойчивый к воздействию высоких и низких температур.','<P align=justify><SPAN style=\"FONT-WEIGHT: bold\">Подоконники Werzalit (производство Германия)</SPAN> - это высококачественные подоконники изготовленные из древесины путем спресования и пропитки специальной смолой. <BR>На декоративную поверхность подоконников нанесено специальное акриловой покрытие устойчивое к царапанью и другим механическим воздействиям, устойчивое к воздействию высоких и низких температур. </P>\r\n<P align=justify>Подоконники Werzalit, несмотря на то, что они изготавливаются из древесины, имеют повышенную влагостойкость и могут применяться в ванных комнатах. Могут использоваться в качестве столешницы.<BR></P>\r\n<P align=justify>Подоконники Werzalit соответствуют требованиям экологической безопасности, установленным нормативными документами Европейского Союза и Украины.<BR></P>\r\n<P align=justify>Гарантия производителя 15 лет.<BR></P>\r\n<P align=justify>Подоконники Werzalit представлены в широком выборе декоров (белый, светлосерый, металлик, кварц), включая декоры под мрамор (белый мрамор, доломит, темный мрамор, светлый мрамор), различные сорта дерева (клен, бук, светлый дуб, золотой дуб, венге, меранти) и иные расцветки. Всего 16 декоров.&nbsp;</P>\r\n<P align=justify>Ширина подоконников от 100 до 600 мм.</P>\r\n<P align=justify><SPAN style=\"FONT-WEIGHT: bold\">Основные преимущества подоконников Werzalit:</SPAN><BR>- влагоустойчивость;<BR>- устойчивость к воздействию химических веществ;<BR>- устойчивость к низким и высоким температурам;<BR>- устойчивость к механическим повреждениям;<BR>- устойчивость к ультрафиолетовому излучению;<BR>- отвечает требованиям экологических норм.<BR></P>\r\n<P align=justify>Для получения более полной консультации по подоконникам Werzalit, а также для заказа подоконников обращайтесь по телефонам: (044) 22-333-80, (067) 410-410-0.</P>','',NULL,134.00,1,1,NULL,1,5,NULL,1478437503,1478437503),(351,'397','прозрачный 2 мм','product351.htm','Акрил Palglas прозрачный, толщина 2 мм, Израиль','<p>Тип&nbsp;&nbsp;&nbsp;&nbsp;&nbsp;&nbsp;&nbsp;&nbsp;&nbsp;&nbsp;&nbsp;&nbsp;&nbsp;&nbsp;&nbsp;&nbsp;&nbsp;&nbsp;&nbsp;&nbsp;&nbsp;&nbsp;&nbsp;&nbsp;&nbsp;&nbsp;&nbsp;&nbsp;&nbsp;&nbsp;&nbsp;&nbsp;&nbsp;&nbsp;&nbsp;&nbsp;&nbsp;&nbsp;&nbsp;&nbsp;&nbsp;&nbsp;&nbsp;&nbsp;&nbsp;&nbsp;&nbsp; экструдированный</p>\r\n<p>Марка&nbsp;&nbsp;&nbsp;&nbsp;&nbsp;&nbsp;&nbsp;&nbsp;&nbsp;&nbsp;&nbsp;&nbsp;&nbsp;&nbsp;&nbsp;&nbsp;&nbsp;&nbsp;&nbsp;&nbsp;&nbsp;&nbsp;&nbsp;&nbsp;&nbsp;&nbsp;&nbsp;&nbsp;&nbsp;&nbsp;&nbsp;&nbsp;&nbsp;&nbsp;&nbsp;&nbsp;&nbsp;&nbsp;&nbsp;&nbsp;&nbsp;&nbsp;&nbsp;&nbsp; Palglas</p>\r\n<p>Производство&nbsp;&nbsp;&nbsp;&nbsp;&nbsp;&nbsp;&nbsp;&nbsp;&nbsp;&nbsp;&nbsp;&nbsp;&nbsp;&nbsp;&nbsp;&nbsp;&nbsp;&nbsp;&nbsp;&nbsp;&nbsp;&nbsp;&nbsp;&nbsp;&nbsp;&nbsp;&nbsp;&nbsp;&nbsp;&nbsp;&nbsp;&nbsp;&nbsp; Израиль</p>\r\n<p>Толщина&nbsp;&nbsp;&nbsp;&nbsp;&nbsp;&nbsp;&nbsp;&nbsp;&nbsp;&nbsp;&nbsp;&nbsp;&nbsp;&nbsp;&nbsp;&nbsp;&nbsp;&nbsp;&nbsp;&nbsp;&nbsp;&nbsp;&nbsp;&nbsp;&nbsp;&nbsp;&nbsp;&nbsp;&nbsp;&nbsp;&nbsp;&nbsp;&nbsp;&nbsp;&nbsp;&nbsp;&nbsp;&nbsp;&nbsp;&nbsp;&nbsp;2 мм</p>\r\n<p>Цвет&nbsp;&nbsp;&nbsp;&nbsp;&nbsp;&nbsp;&nbsp;&nbsp;&nbsp;&nbsp;&nbsp;&nbsp;&nbsp;&nbsp;&nbsp;&nbsp;&nbsp;&nbsp;&nbsp;&nbsp;&nbsp;&nbsp;&nbsp;&nbsp;&nbsp;&nbsp;&nbsp;&nbsp;&nbsp;&nbsp;&nbsp;&nbsp;&nbsp;&nbsp;&nbsp;&nbsp;&nbsp;&nbsp;&nbsp;&nbsp;&nbsp;&nbsp;&nbsp;&nbsp;&nbsp;&nbsp; прозрачный</p>\r\n<p>Размер листа&nbsp;&nbsp;&nbsp;&nbsp;&nbsp;&nbsp;&nbsp;&nbsp;&nbsp;&nbsp;&nbsp;&nbsp;&nbsp;&nbsp;&nbsp;&nbsp;&nbsp;&nbsp;&nbsp;&nbsp;&nbsp;&nbsp;&nbsp;&nbsp;&nbsp;&nbsp;&nbsp;&nbsp;&nbsp;&nbsp;&nbsp;&nbsp;&nbsp;&nbsp; 2,05*3,05 м</p>\r\n<p>Цена за лист&nbsp;&nbsp;&nbsp;&nbsp;&nbsp;&nbsp;&nbsp;&nbsp;&nbsp;&nbsp;&nbsp;&nbsp;&nbsp;&nbsp;&nbsp;&nbsp;&nbsp;&nbsp;&nbsp;&nbsp;&nbsp;&nbsp;&nbsp;&nbsp;&nbsp;&nbsp;&nbsp;&nbsp;&nbsp;&nbsp;&nbsp;&nbsp;&nbsp;&nbsp;&nbsp; 2160,00 грн.</p>','Акрил Palglas',NULL,340.00,1,1,NULL,1,3,NULL,1478437500,1478437500),(352,'398','прозрачный 3 мм','product352.htm','Акрил Palglas прозрачный, толщина 3 мм, Израиль','<p>Тип&nbsp;&nbsp;&nbsp;&nbsp;&nbsp;&nbsp;&nbsp;&nbsp;&nbsp;&nbsp;&nbsp;&nbsp;&nbsp;&nbsp;&nbsp;&nbsp;&nbsp;&nbsp;&nbsp;&nbsp;&nbsp;&nbsp;&nbsp;&nbsp;&nbsp;&nbsp;&nbsp;&nbsp;&nbsp;&nbsp;&nbsp;&nbsp;&nbsp;&nbsp;&nbsp;&nbsp;&nbsp;&nbsp;&nbsp;&nbsp;&nbsp;&nbsp;&nbsp;&nbsp;&nbsp;&nbsp;&nbsp; экструдированный</p>\r\n<p>Марка&nbsp;&nbsp;&nbsp;&nbsp;&nbsp;&nbsp;&nbsp;&nbsp;&nbsp;&nbsp;&nbsp;&nbsp;&nbsp;&nbsp;&nbsp;&nbsp;&nbsp;&nbsp;&nbsp;&nbsp;&nbsp;&nbsp;&nbsp;&nbsp;&nbsp;&nbsp;&nbsp;&nbsp;&nbsp;&nbsp;&nbsp;&nbsp;&nbsp;&nbsp;&nbsp;&nbsp;&nbsp;&nbsp;&nbsp;&nbsp;&nbsp;&nbsp;&nbsp;&nbsp; Palglas</p>\r\n<p>Производство&nbsp;&nbsp;&nbsp;&nbsp;&nbsp;&nbsp;&nbsp;&nbsp;&nbsp;&nbsp;&nbsp;&nbsp;&nbsp;&nbsp;&nbsp;&nbsp;&nbsp;&nbsp;&nbsp;&nbsp;&nbsp;&nbsp;&nbsp;&nbsp;&nbsp;&nbsp;&nbsp;&nbsp;&nbsp;&nbsp;&nbsp;&nbsp;&nbsp; Израиль</p>\r\n<p>Толщина&nbsp;&nbsp;&nbsp;&nbsp;&nbsp;&nbsp;&nbsp;&nbsp;&nbsp;&nbsp;&nbsp;&nbsp;&nbsp;&nbsp;&nbsp;&nbsp;&nbsp;&nbsp;&nbsp;&nbsp;&nbsp;&nbsp;&nbsp;&nbsp;&nbsp;&nbsp;&nbsp;&nbsp;&nbsp;&nbsp;&nbsp;&nbsp;&nbsp;&nbsp;&nbsp;&nbsp;&nbsp;&nbsp;&nbsp;&nbsp;&nbsp;3 мм</p>\r\n<p>Цвет&nbsp;&nbsp;&nbsp;&nbsp;&nbsp;&nbsp;&nbsp;&nbsp;&nbsp;&nbsp;&nbsp;&nbsp;&nbsp;&nbsp;&nbsp;&nbsp;&nbsp;&nbsp;&nbsp;&nbsp;&nbsp;&nbsp;&nbsp;&nbsp;&nbsp;&nbsp;&nbsp;&nbsp;&nbsp;&nbsp;&nbsp;&nbsp;&nbsp;&nbsp;&nbsp;&nbsp;&nbsp;&nbsp;&nbsp;&nbsp;&nbsp;&nbsp;&nbsp;&nbsp;&nbsp;&nbsp; прозрачный</p>\r\n<p>Размер листа&nbsp;&nbsp;&nbsp;&nbsp;&nbsp;&nbsp;&nbsp;&nbsp;&nbsp;&nbsp;&nbsp;&nbsp;&nbsp;&nbsp;&nbsp;&nbsp;&nbsp;&nbsp;&nbsp;&nbsp;&nbsp;&nbsp;&nbsp;&nbsp;&nbsp;&nbsp;&nbsp;&nbsp;&nbsp;&nbsp;&nbsp;&nbsp;&nbsp;&nbsp; 2,05*3,05 м</p>\r\n<p>Цена за лист&nbsp;&nbsp;&nbsp;&nbsp;&nbsp;&nbsp;&nbsp;&nbsp;&nbsp;&nbsp;&nbsp;&nbsp;&nbsp;&nbsp;&nbsp;&nbsp;&nbsp;&nbsp;&nbsp;&nbsp;&nbsp;&nbsp;&nbsp;&nbsp;&nbsp;&nbsp;&nbsp;&nbsp;&nbsp;&nbsp;&nbsp;&nbsp;&nbsp;&nbsp;&nbsp; 3100,00 грн.</p>','Акрил Palglas',NULL,490.00,1,1,NULL,1,3,NULL,1478437494,1478437494),(353,'399','прозрачный 4 мм','product353.htm','Акрил Palglas прозрачный, толщина 4 мм, Израиль','<p>Тип&nbsp;&nbsp;&nbsp;&nbsp;&nbsp;&nbsp;&nbsp;&nbsp;&nbsp;&nbsp;&nbsp;&nbsp;&nbsp;&nbsp;&nbsp;&nbsp;&nbsp;&nbsp;&nbsp;&nbsp;&nbsp;&nbsp;&nbsp;&nbsp;&nbsp;&nbsp;&nbsp;&nbsp;&nbsp;&nbsp;&nbsp;&nbsp;&nbsp;&nbsp;&nbsp;&nbsp;&nbsp;&nbsp;&nbsp;&nbsp;&nbsp;&nbsp;&nbsp;&nbsp;&nbsp;&nbsp;&nbsp; экструдированный</p>\r\n<p>Марка&nbsp;&nbsp;&nbsp;&nbsp;&nbsp;&nbsp;&nbsp;&nbsp;&nbsp;&nbsp;&nbsp;&nbsp;&nbsp;&nbsp;&nbsp;&nbsp;&nbsp;&nbsp;&nbsp;&nbsp;&nbsp;&nbsp;&nbsp;&nbsp;&nbsp;&nbsp;&nbsp;&nbsp;&nbsp;&nbsp;&nbsp;&nbsp;&nbsp;&nbsp;&nbsp;&nbsp;&nbsp;&nbsp;&nbsp;&nbsp;&nbsp;&nbsp;&nbsp;&nbsp; Palglas</p>\r\n<p>Производство&nbsp;&nbsp;&nbsp;&nbsp;&nbsp;&nbsp;&nbsp;&nbsp;&nbsp;&nbsp;&nbsp;&nbsp;&nbsp;&nbsp;&nbsp;&nbsp;&nbsp;&nbsp;&nbsp;&nbsp;&nbsp;&nbsp;&nbsp;&nbsp;&nbsp;&nbsp;&nbsp;&nbsp;&nbsp;&nbsp;&nbsp;&nbsp;&nbsp; Израиль</p>\r\n<p>Толщина&nbsp;&nbsp;&nbsp;&nbsp;&nbsp;&nbsp;&nbsp;&nbsp;&nbsp;&nbsp;&nbsp;&nbsp;&nbsp;&nbsp;&nbsp;&nbsp;&nbsp;&nbsp;&nbsp;&nbsp;&nbsp;&nbsp;&nbsp;&nbsp;&nbsp;&nbsp;&nbsp;&nbsp;&nbsp;&nbsp;&nbsp;&nbsp;&nbsp;&nbsp;&nbsp;&nbsp;&nbsp;&nbsp;&nbsp;&nbsp;&nbsp;4 мм</p>\r\n<p>Цвет&nbsp;&nbsp;&nbsp;&nbsp;&nbsp;&nbsp;&nbsp;&nbsp;&nbsp;&nbsp;&nbsp;&nbsp;&nbsp;&nbsp;&nbsp;&nbsp;&nbsp;&nbsp;&nbsp;&nbsp;&nbsp;&nbsp;&nbsp;&nbsp;&nbsp;&nbsp;&nbsp;&nbsp;&nbsp;&nbsp;&nbsp;&nbsp;&nbsp;&nbsp;&nbsp;&nbsp;&nbsp;&nbsp;&nbsp;&nbsp;&nbsp;&nbsp;&nbsp;&nbsp;&nbsp;&nbsp; прозрачный</p>\r\n<p>Размер листа&nbsp;&nbsp;&nbsp;&nbsp;&nbsp;&nbsp;&nbsp;&nbsp;&nbsp;&nbsp;&nbsp;&nbsp;&nbsp;&nbsp;&nbsp;&nbsp;&nbsp;&nbsp;&nbsp;&nbsp;&nbsp;&nbsp;&nbsp;&nbsp;&nbsp;&nbsp;&nbsp;&nbsp;&nbsp;&nbsp;&nbsp;&nbsp;&nbsp;&nbsp; 2,05*3,05 м</p>\r\n<p>Цена за лист&nbsp;&nbsp;&nbsp;&nbsp;&nbsp;&nbsp;&nbsp;&nbsp;&nbsp;&nbsp;&nbsp;&nbsp;&nbsp;&nbsp;&nbsp;&nbsp;&nbsp;&nbsp;&nbsp;&nbsp;&nbsp;&nbsp;&nbsp;&nbsp;&nbsp;&nbsp;&nbsp;&nbsp;&nbsp;&nbsp;&nbsp;&nbsp;&nbsp;&nbsp;&nbsp; 4160,00 грн.</p>','Акрил Palglas',NULL,665.00,1,1,NULL,1,3,NULL,1478437494,1478437494),(354,'400','прозрачный 5 мм','product354.htm','Акрил Palglas прозрачный, толщина 5 мм, Израиль','<p>Тип&nbsp;&nbsp;&nbsp;&nbsp;&nbsp;&nbsp;&nbsp;&nbsp;&nbsp;&nbsp;&nbsp;&nbsp;&nbsp;&nbsp;&nbsp;&nbsp;&nbsp;&nbsp;&nbsp;&nbsp;&nbsp;&nbsp;&nbsp;&nbsp;&nbsp;&nbsp;&nbsp;&nbsp;&nbsp;&nbsp;&nbsp;&nbsp;&nbsp;&nbsp;&nbsp;&nbsp;&nbsp;&nbsp;&nbsp;&nbsp;&nbsp;&nbsp;&nbsp;&nbsp;&nbsp;&nbsp;&nbsp; экструдированный</p>\r\n<p>Марка&nbsp;&nbsp;&nbsp;&nbsp;&nbsp;&nbsp;&nbsp;&nbsp;&nbsp;&nbsp;&nbsp;&nbsp;&nbsp;&nbsp;&nbsp;&nbsp;&nbsp;&nbsp;&nbsp;&nbsp;&nbsp;&nbsp;&nbsp;&nbsp;&nbsp;&nbsp;&nbsp;&nbsp;&nbsp;&nbsp;&nbsp;&nbsp;&nbsp;&nbsp;&nbsp;&nbsp;&nbsp;&nbsp;&nbsp;&nbsp;&nbsp;&nbsp;&nbsp;&nbsp; Palglas</p>\r\n<p>Производство&nbsp;&nbsp;&nbsp;&nbsp;&nbsp;&nbsp;&nbsp;&nbsp;&nbsp;&nbsp;&nbsp;&nbsp;&nbsp;&nbsp;&nbsp;&nbsp;&nbsp;&nbsp;&nbsp;&nbsp;&nbsp;&nbsp;&nbsp;&nbsp;&nbsp;&nbsp;&nbsp;&nbsp;&nbsp;&nbsp;&nbsp;&nbsp;&nbsp; Израиль</p>\r\n<p>Толщина&nbsp;&nbsp;&nbsp;&nbsp;&nbsp;&nbsp;&nbsp;&nbsp;&nbsp;&nbsp;&nbsp;&nbsp;&nbsp;&nbsp;&nbsp;&nbsp;&nbsp;&nbsp;&nbsp;&nbsp;&nbsp;&nbsp;&nbsp;&nbsp;&nbsp;&nbsp;&nbsp;&nbsp;&nbsp;&nbsp;&nbsp;&nbsp;&nbsp;&nbsp;&nbsp;&nbsp;&nbsp;&nbsp;&nbsp;&nbsp;&nbsp;5 мм</p>\r\n<p>Цвет&nbsp;&nbsp;&nbsp;&nbsp;&nbsp;&nbsp;&nbsp;&nbsp;&nbsp;&nbsp;&nbsp;&nbsp;&nbsp;&nbsp;&nbsp;&nbsp;&nbsp;&nbsp;&nbsp;&nbsp;&nbsp;&nbsp;&nbsp;&nbsp;&nbsp;&nbsp;&nbsp;&nbsp;&nbsp;&nbsp;&nbsp;&nbsp;&nbsp;&nbsp;&nbsp;&nbsp;&nbsp;&nbsp;&nbsp;&nbsp;&nbsp;&nbsp;&nbsp;&nbsp;&nbsp;&nbsp; прозрачный</p>\r\n<p>Размер листа&nbsp;&nbsp;&nbsp;&nbsp;&nbsp;&nbsp;&nbsp;&nbsp;&nbsp;&nbsp;&nbsp;&nbsp;&nbsp;&nbsp;&nbsp;&nbsp;&nbsp;&nbsp;&nbsp;&nbsp;&nbsp;&nbsp;&nbsp;&nbsp;&nbsp;&nbsp;&nbsp;&nbsp;&nbsp;&nbsp;&nbsp;&nbsp;&nbsp;&nbsp; 2,05*3,05 м</p>\r\n<p>Цена за лист&nbsp;&nbsp;&nbsp;&nbsp;&nbsp;&nbsp;&nbsp;&nbsp;&nbsp;&nbsp;&nbsp;&nbsp;&nbsp;&nbsp;&nbsp;&nbsp;&nbsp;&nbsp;&nbsp;&nbsp;&nbsp;&nbsp;&nbsp;&nbsp;&nbsp;&nbsp;&nbsp;&nbsp;&nbsp;&nbsp;&nbsp;&nbsp;&nbsp;&nbsp;&nbsp; 5370,00 грн.</p>','Акрил Palglas',NULL,850.00,1,1,NULL,1,3,NULL,1478437493,1478437493),(355,'401','молочный 2 мм','product355.htm','Акрил Palglas молочный, толщина 2 мм, Израиль','<p>Тип&nbsp;&nbsp;&nbsp;&nbsp;&nbsp;&nbsp;&nbsp;&nbsp;&nbsp;&nbsp;&nbsp;&nbsp;&nbsp;&nbsp;&nbsp;&nbsp;&nbsp;&nbsp;&nbsp;&nbsp;&nbsp;&nbsp;&nbsp;&nbsp;&nbsp;&nbsp;&nbsp;&nbsp;&nbsp;&nbsp;&nbsp;&nbsp;&nbsp;&nbsp;&nbsp;&nbsp;&nbsp;&nbsp;&nbsp;&nbsp;&nbsp;&nbsp;&nbsp;&nbsp;&nbsp;&nbsp;&nbsp; экструдированный</p>\r\n<p>Марка&nbsp;&nbsp;&nbsp;&nbsp;&nbsp;&nbsp;&nbsp;&nbsp;&nbsp;&nbsp;&nbsp;&nbsp;&nbsp;&nbsp;&nbsp;&nbsp;&nbsp;&nbsp;&nbsp;&nbsp;&nbsp;&nbsp;&nbsp;&nbsp;&nbsp;&nbsp;&nbsp;&nbsp;&nbsp;&nbsp;&nbsp;&nbsp;&nbsp;&nbsp;&nbsp;&nbsp;&nbsp;&nbsp;&nbsp;&nbsp;&nbsp;&nbsp;&nbsp;&nbsp; Palglas</p>\r\n<p>Производство&nbsp;&nbsp;&nbsp;&nbsp;&nbsp;&nbsp;&nbsp;&nbsp;&nbsp;&nbsp;&nbsp;&nbsp;&nbsp;&nbsp;&nbsp;&nbsp;&nbsp;&nbsp;&nbsp;&nbsp;&nbsp;&nbsp;&nbsp;&nbsp;&nbsp;&nbsp;&nbsp;&nbsp;&nbsp;&nbsp;&nbsp;&nbsp;&nbsp; Израиль</p>\r\n<p>Толщина&nbsp;&nbsp;&nbsp;&nbsp;&nbsp;&nbsp;&nbsp;&nbsp;&nbsp;&nbsp;&nbsp;&nbsp;&nbsp;&nbsp;&nbsp;&nbsp;&nbsp;&nbsp;&nbsp;&nbsp;&nbsp;&nbsp;&nbsp;&nbsp;&nbsp;&nbsp;&nbsp;&nbsp;&nbsp;&nbsp;&nbsp;&nbsp;&nbsp;&nbsp;&nbsp;&nbsp;&nbsp;&nbsp;&nbsp;&nbsp;&nbsp;2 мм</p>\r\n<p>Цвет&nbsp;&nbsp;&nbsp;&nbsp;&nbsp;&nbsp;&nbsp;&nbsp;&nbsp;&nbsp;&nbsp;&nbsp;&nbsp;&nbsp;&nbsp;&nbsp;&nbsp;&nbsp;&nbsp;&nbsp;&nbsp;&nbsp;&nbsp;&nbsp;&nbsp;&nbsp;&nbsp;&nbsp;&nbsp;&nbsp;&nbsp;&nbsp;&nbsp;&nbsp;&nbsp;&nbsp;&nbsp;&nbsp;&nbsp;&nbsp;&nbsp;&nbsp;&nbsp;&nbsp;&nbsp;&nbsp; молочный</p>\r\n<p>Размер листа&nbsp;&nbsp;&nbsp;&nbsp;&nbsp;&nbsp;&nbsp;&nbsp;&nbsp;&nbsp;&nbsp;&nbsp;&nbsp;&nbsp;&nbsp;&nbsp;&nbsp;&nbsp;&nbsp;&nbsp;&nbsp;&nbsp;&nbsp;&nbsp;&nbsp;&nbsp;&nbsp;&nbsp;&nbsp;&nbsp;&nbsp;&nbsp;&nbsp;&nbsp; 2,05*3,05 м</p>\r\n<p>Цена за лист&nbsp;&nbsp;&nbsp;&nbsp;&nbsp;&nbsp;&nbsp;&nbsp;&nbsp;&nbsp;&nbsp;&nbsp;&nbsp;&nbsp;&nbsp;&nbsp;&nbsp;&nbsp;&nbsp;&nbsp;&nbsp;&nbsp;&nbsp;&nbsp;&nbsp;&nbsp;&nbsp;&nbsp;&nbsp;&nbsp;&nbsp;&nbsp;&nbsp;&nbsp;&nbsp; 280,00 грн.</p>','Акрил Palglas',NULL,350.00,1,1,NULL,1,3,NULL,1478437493,1478437493),(356,'402','молочный 3 мм','product356.htm','Акрил Palglas молочный, толщина 3 мм, Израиль','<p>Тип&nbsp;&nbsp;&nbsp;&nbsp;&nbsp;&nbsp;&nbsp;&nbsp;&nbsp;&nbsp;&nbsp;&nbsp;&nbsp;&nbsp;&nbsp;&nbsp;&nbsp;&nbsp;&nbsp;&nbsp;&nbsp;&nbsp;&nbsp;&nbsp;&nbsp;&nbsp;&nbsp;&nbsp;&nbsp;&nbsp;&nbsp;&nbsp;&nbsp;&nbsp;&nbsp;&nbsp;&nbsp;&nbsp;&nbsp;&nbsp;&nbsp;&nbsp;&nbsp;&nbsp;&nbsp;&nbsp;&nbsp; экструдированный</p>\r\n<p>Марка&nbsp;&nbsp;&nbsp;&nbsp;&nbsp;&nbsp;&nbsp;&nbsp;&nbsp;&nbsp;&nbsp;&nbsp;&nbsp;&nbsp;&nbsp;&nbsp;&nbsp;&nbsp;&nbsp;&nbsp;&nbsp;&nbsp;&nbsp;&nbsp;&nbsp;&nbsp;&nbsp;&nbsp;&nbsp;&nbsp;&nbsp;&nbsp;&nbsp;&nbsp;&nbsp;&nbsp;&nbsp;&nbsp;&nbsp;&nbsp;&nbsp;&nbsp;&nbsp;&nbsp; Palglas</p>\r\n<p>Производство&nbsp;&nbsp;&nbsp;&nbsp;&nbsp;&nbsp;&nbsp;&nbsp;&nbsp;&nbsp;&nbsp;&nbsp;&nbsp;&nbsp;&nbsp;&nbsp;&nbsp;&nbsp;&nbsp;&nbsp;&nbsp;&nbsp;&nbsp;&nbsp;&nbsp;&nbsp;&nbsp;&nbsp;&nbsp;&nbsp;&nbsp;&nbsp;&nbsp; Израиль</p>\r\n<p>Толщина&nbsp;&nbsp;&nbsp;&nbsp;&nbsp;&nbsp;&nbsp;&nbsp;&nbsp;&nbsp;&nbsp;&nbsp;&nbsp;&nbsp;&nbsp;&nbsp;&nbsp;&nbsp;&nbsp;&nbsp;&nbsp;&nbsp;&nbsp;&nbsp;&nbsp;&nbsp;&nbsp;&nbsp;&nbsp;&nbsp;&nbsp;&nbsp;&nbsp;&nbsp;&nbsp;&nbsp;&nbsp;&nbsp;&nbsp;&nbsp;&nbsp;3 мм</p>\r\n<p>Цвет&nbsp;&nbsp;&nbsp;&nbsp;&nbsp;&nbsp;&nbsp;&nbsp;&nbsp;&nbsp;&nbsp;&nbsp;&nbsp;&nbsp;&nbsp;&nbsp;&nbsp;&nbsp;&nbsp;&nbsp;&nbsp;&nbsp;&nbsp;&nbsp;&nbsp;&nbsp;&nbsp;&nbsp;&nbsp;&nbsp;&nbsp;&nbsp;&nbsp;&nbsp;&nbsp;&nbsp;&nbsp;&nbsp;&nbsp;&nbsp;&nbsp;&nbsp;&nbsp;&nbsp;&nbsp;&nbsp; молочный</p>\r\n<p>Размер листа&nbsp;&nbsp;&nbsp;&nbsp;&nbsp;&nbsp;&nbsp;&nbsp;&nbsp;&nbsp;&nbsp;&nbsp;&nbsp;&nbsp;&nbsp;&nbsp;&nbsp;&nbsp;&nbsp;&nbsp;&nbsp;&nbsp;&nbsp;&nbsp;&nbsp;&nbsp;&nbsp;&nbsp;&nbsp;&nbsp;&nbsp;&nbsp;&nbsp;&nbsp; 2,05*3,05 м</p>\r\n<p>Цена за лист&nbsp;&nbsp;&nbsp;&nbsp;&nbsp;&nbsp;&nbsp;&nbsp;&nbsp;&nbsp;&nbsp;&nbsp;&nbsp;&nbsp;&nbsp;&nbsp;&nbsp;&nbsp;&nbsp;&nbsp;&nbsp;&nbsp;&nbsp;&nbsp;&nbsp;&nbsp;&nbsp;&nbsp;&nbsp;&nbsp;&nbsp;&nbsp;&nbsp;&nbsp;&nbsp; 3270,00 грн.</p>','Акрил Palglas',NULL,520.00,1,1,NULL,1,3,NULL,1478437492,1478437492),(357,'403','молочный 4 мм','product357.htm','Акрил Palglas молочный, толщина 4 мм, Израиль','<p>Тип&nbsp;&nbsp;&nbsp;&nbsp;&nbsp;&nbsp;&nbsp;&nbsp;&nbsp;&nbsp;&nbsp;&nbsp;&nbsp;&nbsp;&nbsp;&nbsp;&nbsp;&nbsp;&nbsp;&nbsp;&nbsp;&nbsp;&nbsp;&nbsp;&nbsp;&nbsp;&nbsp;&nbsp;&nbsp;&nbsp;&nbsp;&nbsp;&nbsp;&nbsp;&nbsp;&nbsp;&nbsp;&nbsp;&nbsp;&nbsp;&nbsp;&nbsp;&nbsp;&nbsp;&nbsp;&nbsp;&nbsp; экструдированный</p>\r\n<p>Марка&nbsp;&nbsp;&nbsp;&nbsp;&nbsp;&nbsp;&nbsp;&nbsp;&nbsp;&nbsp;&nbsp;&nbsp;&nbsp;&nbsp;&nbsp;&nbsp;&nbsp;&nbsp;&nbsp;&nbsp;&nbsp;&nbsp;&nbsp;&nbsp;&nbsp;&nbsp;&nbsp;&nbsp;&nbsp;&nbsp;&nbsp;&nbsp;&nbsp;&nbsp;&nbsp;&nbsp;&nbsp;&nbsp;&nbsp;&nbsp;&nbsp;&nbsp;&nbsp;&nbsp; Palglas</p>\r\n<p>Производство&nbsp;&nbsp;&nbsp;&nbsp;&nbsp;&nbsp;&nbsp;&nbsp;&nbsp;&nbsp;&nbsp;&nbsp;&nbsp;&nbsp;&nbsp;&nbsp;&nbsp;&nbsp;&nbsp;&nbsp;&nbsp;&nbsp;&nbsp;&nbsp;&nbsp;&nbsp;&nbsp;&nbsp;&nbsp;&nbsp;&nbsp;&nbsp;&nbsp; Израиль</p>\r\n<p>Толщина&nbsp;&nbsp;&nbsp;&nbsp;&nbsp;&nbsp;&nbsp;&nbsp;&nbsp;&nbsp;&nbsp;&nbsp;&nbsp;&nbsp;&nbsp;&nbsp;&nbsp;&nbsp;&nbsp;&nbsp;&nbsp;&nbsp;&nbsp;&nbsp;&nbsp;&nbsp;&nbsp;&nbsp;&nbsp;&nbsp;&nbsp;&nbsp;&nbsp;&nbsp;&nbsp;&nbsp;&nbsp;&nbsp;&nbsp;&nbsp;&nbsp;4 мм</p>\r\n<p>Цвет&nbsp;&nbsp;&nbsp;&nbsp;&nbsp;&nbsp;&nbsp;&nbsp;&nbsp;&nbsp;&nbsp;&nbsp;&nbsp;&nbsp;&nbsp;&nbsp;&nbsp;&nbsp;&nbsp;&nbsp;&nbsp;&nbsp;&nbsp;&nbsp;&nbsp;&nbsp;&nbsp;&nbsp;&nbsp;&nbsp;&nbsp;&nbsp;&nbsp;&nbsp;&nbsp;&nbsp;&nbsp;&nbsp;&nbsp;&nbsp;&nbsp;&nbsp;&nbsp;&nbsp;&nbsp;&nbsp; молочный</p>\r\n<p>Размер листа&nbsp;&nbsp;&nbsp;&nbsp;&nbsp;&nbsp;&nbsp;&nbsp;&nbsp;&nbsp;&nbsp;&nbsp;&nbsp;&nbsp;&nbsp;&nbsp;&nbsp;&nbsp;&nbsp;&nbsp;&nbsp;&nbsp;&nbsp;&nbsp;&nbsp;&nbsp;&nbsp;&nbsp;&nbsp;&nbsp;&nbsp;&nbsp;&nbsp;&nbsp; 2,05*3,05 м</p>\r\n<p>Цена за лист&nbsp;&nbsp;&nbsp;&nbsp;&nbsp;&nbsp;&nbsp;&nbsp;&nbsp;&nbsp;&nbsp;&nbsp;&nbsp;&nbsp;&nbsp;&nbsp;&nbsp;&nbsp;&nbsp;&nbsp;&nbsp;&nbsp;&nbsp;&nbsp;&nbsp;&nbsp;&nbsp;&nbsp;&nbsp;&nbsp;&nbsp;&nbsp;&nbsp;&nbsp;&nbsp; 4370,00 грн.</p>','Акрил Palglas',NULL,700.00,1,1,NULL,1,3,NULL,1478437492,1478437492),(358,'404','молочный 5 мм','product358.htm','Акрил Palglas молочный, толщина 5 мм, Израиль','<p>Тип&nbsp;&nbsp;&nbsp;&nbsp;&nbsp;&nbsp;&nbsp;&nbsp;&nbsp;&nbsp;&nbsp;&nbsp;&nbsp;&nbsp;&nbsp;&nbsp;&nbsp;&nbsp;&nbsp;&nbsp;&nbsp;&nbsp;&nbsp;&nbsp;&nbsp;&nbsp;&nbsp;&nbsp;&nbsp;&nbsp;&nbsp;&nbsp;&nbsp;&nbsp;&nbsp;&nbsp;&nbsp;&nbsp;&nbsp;&nbsp;&nbsp;&nbsp;&nbsp;&nbsp;&nbsp;&nbsp;&nbsp; экструдированный</p>\r\n<p>Марка&nbsp;&nbsp;&nbsp;&nbsp;&nbsp;&nbsp;&nbsp;&nbsp;&nbsp;&nbsp;&nbsp;&nbsp;&nbsp;&nbsp;&nbsp;&nbsp;&nbsp;&nbsp;&nbsp;&nbsp;&nbsp;&nbsp;&nbsp;&nbsp;&nbsp;&nbsp;&nbsp;&nbsp;&nbsp;&nbsp;&nbsp;&nbsp;&nbsp;&nbsp;&nbsp;&nbsp;&nbsp;&nbsp;&nbsp;&nbsp;&nbsp;&nbsp;&nbsp;&nbsp; Palglas</p>\r\n<p>Производство&nbsp;&nbsp;&nbsp;&nbsp;&nbsp;&nbsp;&nbsp;&nbsp;&nbsp;&nbsp;&nbsp;&nbsp;&nbsp;&nbsp;&nbsp;&nbsp;&nbsp;&nbsp;&nbsp;&nbsp;&nbsp;&nbsp;&nbsp;&nbsp;&nbsp;&nbsp;&nbsp;&nbsp;&nbsp;&nbsp;&nbsp;&nbsp;&nbsp; Израиль</p>\r\n<p>Толщина&nbsp;&nbsp;&nbsp;&nbsp;&nbsp;&nbsp;&nbsp;&nbsp;&nbsp;&nbsp;&nbsp;&nbsp;&nbsp;&nbsp;&nbsp;&nbsp;&nbsp;&nbsp;&nbsp;&nbsp;&nbsp;&nbsp;&nbsp;&nbsp;&nbsp;&nbsp;&nbsp;&nbsp;&nbsp;&nbsp;&nbsp;&nbsp;&nbsp;&nbsp;&nbsp;&nbsp;&nbsp;&nbsp;&nbsp;&nbsp;&nbsp;5 мм</p>\r\n<p>Цвет&nbsp;&nbsp;&nbsp;&nbsp;&nbsp;&nbsp;&nbsp;&nbsp;&nbsp;&nbsp;&nbsp;&nbsp;&nbsp;&nbsp;&nbsp;&nbsp;&nbsp;&nbsp;&nbsp;&nbsp;&nbsp;&nbsp;&nbsp;&nbsp;&nbsp;&nbsp;&nbsp;&nbsp;&nbsp;&nbsp;&nbsp;&nbsp;&nbsp;&nbsp;&nbsp;&nbsp;&nbsp;&nbsp;&nbsp;&nbsp;&nbsp;&nbsp;&nbsp;&nbsp;&nbsp;&nbsp; молочный</p>\r\n<p>Размер листа&nbsp;&nbsp;&nbsp;&nbsp;&nbsp;&nbsp;&nbsp;&nbsp;&nbsp;&nbsp;&nbsp;&nbsp;&nbsp;&nbsp;&nbsp;&nbsp;&nbsp;&nbsp;&nbsp;&nbsp;&nbsp;&nbsp;&nbsp;&nbsp;&nbsp;&nbsp;&nbsp;&nbsp;&nbsp;&nbsp;&nbsp;&nbsp;&nbsp;&nbsp; 2,05*3,05 м</p>\r\n<p>Цена за лист&nbsp;&nbsp;&nbsp;&nbsp;&nbsp;&nbsp;&nbsp;&nbsp;&nbsp;&nbsp;&nbsp;&nbsp;&nbsp;&nbsp;&nbsp;&nbsp;&nbsp;&nbsp;&nbsp;&nbsp;&nbsp;&nbsp;&nbsp;&nbsp;&nbsp;&nbsp;&nbsp;&nbsp;&nbsp;&nbsp;&nbsp;&nbsp;&nbsp;&nbsp;&nbsp; 5440,00 грн.</p>','Акрил Palglas',NULL,870.00,1,1,NULL,1,3,NULL,1478437491,1478437491),(359,'405','прозрачный 6 мм','product359.htm','Акрил Palglas прозрачный, толщина 6 мм, Израиль','<p>Тип&nbsp;&nbsp;&nbsp;&nbsp;&nbsp;&nbsp;&nbsp;&nbsp;&nbsp;&nbsp;&nbsp;&nbsp;&nbsp;&nbsp;&nbsp;&nbsp;&nbsp;&nbsp;&nbsp;&nbsp;&nbsp;&nbsp;&nbsp;&nbsp;&nbsp;&nbsp;&nbsp;&nbsp;&nbsp;&nbsp;&nbsp;&nbsp;&nbsp;&nbsp;&nbsp;&nbsp;&nbsp;&nbsp;&nbsp;&nbsp;&nbsp;&nbsp;&nbsp;&nbsp;&nbsp;&nbsp;&nbsp; экструдированный</p>\r\n<p>Марка&nbsp;&nbsp;&nbsp;&nbsp;&nbsp;&nbsp;&nbsp;&nbsp;&nbsp;&nbsp;&nbsp;&nbsp;&nbsp;&nbsp;&nbsp;&nbsp;&nbsp;&nbsp;&nbsp;&nbsp;&nbsp;&nbsp;&nbsp;&nbsp;&nbsp;&nbsp;&nbsp;&nbsp;&nbsp;&nbsp;&nbsp;&nbsp;&nbsp;&nbsp;&nbsp;&nbsp;&nbsp;&nbsp;&nbsp;&nbsp;&nbsp;&nbsp;&nbsp;&nbsp; Palglas</p>\r\n<p>Производство&nbsp;&nbsp;&nbsp;&nbsp;&nbsp;&nbsp;&nbsp;&nbsp;&nbsp;&nbsp;&nbsp;&nbsp;&nbsp;&nbsp;&nbsp;&nbsp;&nbsp;&nbsp;&nbsp;&nbsp;&nbsp;&nbsp;&nbsp;&nbsp;&nbsp;&nbsp;&nbsp;&nbsp;&nbsp;&nbsp;&nbsp;&nbsp;&nbsp; Израиль</p>\r\n<p>Толщина&nbsp;&nbsp;&nbsp;&nbsp;&nbsp;&nbsp;&nbsp;&nbsp;&nbsp;&nbsp;&nbsp;&nbsp;&nbsp;&nbsp;&nbsp;&nbsp;&nbsp;&nbsp;&nbsp;&nbsp;&nbsp;&nbsp;&nbsp;&nbsp;&nbsp;&nbsp;&nbsp;&nbsp;&nbsp;&nbsp;&nbsp;&nbsp;&nbsp;&nbsp;&nbsp;&nbsp;&nbsp;&nbsp;&nbsp;&nbsp;&nbsp;6 мм</p>\r\n<p>Цвет&nbsp;&nbsp;&nbsp;&nbsp;&nbsp;&nbsp;&nbsp;&nbsp;&nbsp;&nbsp;&nbsp;&nbsp;&nbsp;&nbsp;&nbsp;&nbsp;&nbsp;&nbsp;&nbsp;&nbsp;&nbsp;&nbsp;&nbsp;&nbsp;&nbsp;&nbsp;&nbsp;&nbsp;&nbsp;&nbsp;&nbsp;&nbsp;&nbsp;&nbsp;&nbsp;&nbsp;&nbsp;&nbsp;&nbsp;&nbsp;&nbsp;&nbsp;&nbsp;&nbsp;&nbsp;&nbsp; прозрачный</p>\r\n<p>Размер листа&nbsp;&nbsp;&nbsp;&nbsp;&nbsp;&nbsp;&nbsp;&nbsp;&nbsp;&nbsp;&nbsp;&nbsp;&nbsp;&nbsp;&nbsp;&nbsp;&nbsp;&nbsp;&nbsp;&nbsp;&nbsp;&nbsp;&nbsp;&nbsp;&nbsp;&nbsp;&nbsp;&nbsp;&nbsp;&nbsp;&nbsp;&nbsp;&nbsp;&nbsp; 2,05*3,05 м</p>\r\n<p>Цена за лист&nbsp;&nbsp;&nbsp;&nbsp;&nbsp;&nbsp;&nbsp;&nbsp;&nbsp;&nbsp;&nbsp;&nbsp;&nbsp;&nbsp;&nbsp;&nbsp;&nbsp;&nbsp;&nbsp;&nbsp;&nbsp;&nbsp;&nbsp;&nbsp;&nbsp;&nbsp;&nbsp;&nbsp;&nbsp;&nbsp;&nbsp;&nbsp;&nbsp;&nbsp;&nbsp; 6440,00 грн.</p>','Акрил Palglas',NULL,1030.00,1,1,NULL,1,3,NULL,1478437491,1478437491),(360,'406','молочный 6 мм','product360.htm','Акрил Palglas молочный, толщина 6 мм, Израиль','<P>Тип&nbsp;&nbsp;&nbsp;&nbsp;&nbsp;&nbsp;&nbsp;&nbsp;&nbsp;&nbsp;&nbsp;&nbsp;&nbsp;&nbsp;&nbsp;&nbsp;&nbsp;&nbsp;&nbsp;&nbsp;&nbsp;&nbsp;&nbsp;&nbsp;&nbsp;&nbsp;&nbsp;&nbsp;&nbsp;&nbsp;&nbsp;&nbsp;&nbsp;&nbsp;&nbsp;&nbsp;&nbsp;&nbsp;&nbsp;&nbsp;&nbsp;&nbsp;&nbsp;&nbsp;&nbsp;&nbsp;&nbsp; экструдированный</P>\r\n<P>Марка&nbsp;&nbsp;&nbsp;&nbsp;&nbsp;&nbsp;&nbsp;&nbsp;&nbsp;&nbsp;&nbsp;&nbsp;&nbsp;&nbsp;&nbsp;&nbsp;&nbsp;&nbsp;&nbsp;&nbsp;&nbsp;&nbsp;&nbsp;&nbsp;&nbsp;&nbsp;&nbsp;&nbsp;&nbsp;&nbsp;&nbsp;&nbsp;&nbsp;&nbsp;&nbsp;&nbsp;&nbsp;&nbsp;&nbsp;&nbsp;&nbsp;&nbsp;&nbsp;&nbsp; Palglas</P>\r\n<P>Производство&nbsp;&nbsp;&nbsp;&nbsp;&nbsp;&nbsp;&nbsp;&nbsp;&nbsp;&nbsp;&nbsp;&nbsp;&nbsp;&nbsp;&nbsp;&nbsp;&nbsp;&nbsp;&nbsp;&nbsp;&nbsp;&nbsp;&nbsp;&nbsp;&nbsp;&nbsp;&nbsp;&nbsp;&nbsp;&nbsp;&nbsp;&nbsp;&nbsp; Израиль</P>\r\n<P>Толщина&nbsp;&nbsp;&nbsp;&nbsp;&nbsp;&nbsp;&nbsp;&nbsp;&nbsp;&nbsp;&nbsp;&nbsp;&nbsp;&nbsp;&nbsp;&nbsp;&nbsp;&nbsp;&nbsp;&nbsp;&nbsp;&nbsp;&nbsp;&nbsp;&nbsp;&nbsp;&nbsp;&nbsp;&nbsp;&nbsp;&nbsp;&nbsp;&nbsp;&nbsp;&nbsp;&nbsp;&nbsp;&nbsp;&nbsp;&nbsp;&nbsp;6 мм</P>\r\n<P>Цвет&nbsp;&nbsp;&nbsp;&nbsp;&nbsp;&nbsp;&nbsp;&nbsp;&nbsp;&nbsp;&nbsp;&nbsp;&nbsp;&nbsp;&nbsp;&nbsp;&nbsp;&nbsp;&nbsp;&nbsp;&nbsp;&nbsp;&nbsp;&nbsp;&nbsp;&nbsp;&nbsp;&nbsp;&nbsp;&nbsp;&nbsp;&nbsp;&nbsp;&nbsp;&nbsp;&nbsp;&nbsp;&nbsp;&nbsp;&nbsp;&nbsp;&nbsp;&nbsp;&nbsp;&nbsp;&nbsp; молочный</P>\r\n<P>Размер листа&nbsp;&nbsp;&nbsp;&nbsp;&nbsp;&nbsp;&nbsp;&nbsp;&nbsp;&nbsp;&nbsp;&nbsp;&nbsp;&nbsp;&nbsp;&nbsp;&nbsp;&nbsp;&nbsp;&nbsp;&nbsp;&nbsp;&nbsp;&nbsp;&nbsp;&nbsp;&nbsp;&nbsp;&nbsp;&nbsp;&nbsp;&nbsp;&nbsp;&nbsp; 2,05*3,05 м</P>\r\n<P>Цена за лист&nbsp;&nbsp;&nbsp;&nbsp;&nbsp;&nbsp;&nbsp;&nbsp;&nbsp;&nbsp;&nbsp;&nbsp;&nbsp;&nbsp;&nbsp;&nbsp;&nbsp;&nbsp;&nbsp;&nbsp;&nbsp;&nbsp;&nbsp;&nbsp;&nbsp;&nbsp;&nbsp;&nbsp;&nbsp;&nbsp;&nbsp;&nbsp;&nbsp;&nbsp;&nbsp; 2450,00 грн.</P>','Акрил Palglas',NULL,391.80,1,0,NULL,1,3,NULL,1478437490,1478437490),(361,'407','прозрачный 8 мм','product361.htm','Акрил Palglas прозрачный, толщина 8 мм, Израиль','<p>Тип&nbsp;&nbsp;&nbsp;&nbsp;&nbsp;&nbsp;&nbsp;&nbsp;&nbsp;&nbsp;&nbsp;&nbsp;&nbsp;&nbsp;&nbsp;&nbsp;&nbsp;&nbsp;&nbsp;&nbsp;&nbsp;&nbsp;&nbsp;&nbsp;&nbsp;&nbsp;&nbsp;&nbsp;&nbsp;&nbsp;&nbsp;&nbsp;&nbsp;&nbsp;&nbsp;&nbsp;&nbsp;&nbsp;&nbsp;&nbsp;&nbsp;&nbsp;&nbsp;&nbsp;&nbsp;&nbsp;&nbsp; экструдированный</p>\r\n<p>Марка&nbsp;&nbsp;&nbsp;&nbsp;&nbsp;&nbsp;&nbsp;&nbsp;&nbsp;&nbsp;&nbsp;&nbsp;&nbsp;&nbsp;&nbsp;&nbsp;&nbsp;&nbsp;&nbsp;&nbsp;&nbsp;&nbsp;&nbsp;&nbsp;&nbsp;&nbsp;&nbsp;&nbsp;&nbsp;&nbsp;&nbsp;&nbsp;&nbsp;&nbsp;&nbsp;&nbsp;&nbsp;&nbsp;&nbsp;&nbsp;&nbsp;&nbsp;&nbsp;&nbsp; Palglas</p>\r\n<p>Производство&nbsp;&nbsp;&nbsp;&nbsp;&nbsp;&nbsp;&nbsp;&nbsp;&nbsp;&nbsp;&nbsp;&nbsp;&nbsp;&nbsp;&nbsp;&nbsp;&nbsp;&nbsp;&nbsp;&nbsp;&nbsp;&nbsp;&nbsp;&nbsp;&nbsp;&nbsp;&nbsp;&nbsp;&nbsp;&nbsp;&nbsp;&nbsp;&nbsp; Израиль</p>\r\n<p>Толщина&nbsp;&nbsp;&nbsp;&nbsp;&nbsp;&nbsp;&nbsp;&nbsp;&nbsp;&nbsp;&nbsp;&nbsp;&nbsp;&nbsp;&nbsp;&nbsp;&nbsp;&nbsp;&nbsp;&nbsp;&nbsp;&nbsp;&nbsp;&nbsp;&nbsp;&nbsp;&nbsp;&nbsp;&nbsp;&nbsp;&nbsp;&nbsp;&nbsp;&nbsp;&nbsp;&nbsp;&nbsp;&nbsp;&nbsp;&nbsp;&nbsp;8 мм</p>\r\n<p>Цвет&nbsp;&nbsp;&nbsp;&nbsp;&nbsp;&nbsp;&nbsp;&nbsp;&nbsp;&nbsp;&nbsp;&nbsp;&nbsp;&nbsp;&nbsp;&nbsp;&nbsp;&nbsp;&nbsp;&nbsp;&nbsp;&nbsp;&nbsp;&nbsp;&nbsp;&nbsp;&nbsp;&nbsp;&nbsp;&nbsp;&nbsp;&nbsp;&nbsp;&nbsp;&nbsp;&nbsp;&nbsp;&nbsp;&nbsp;&nbsp;&nbsp;&nbsp;&nbsp;&nbsp;&nbsp;&nbsp; прозрачный</p>\r\n<p>Размер листа&nbsp;&nbsp;&nbsp;&nbsp;&nbsp;&nbsp;&nbsp;&nbsp;&nbsp;&nbsp;&nbsp;&nbsp;&nbsp;&nbsp;&nbsp;&nbsp;&nbsp;&nbsp;&nbsp;&nbsp;&nbsp;&nbsp;&nbsp;&nbsp;&nbsp;&nbsp;&nbsp;&nbsp;&nbsp;&nbsp;&nbsp;&nbsp;&nbsp;&nbsp; 2,05*3,05 м</p>\r\n<p>Цена за лист&nbsp;&nbsp;&nbsp;&nbsp;&nbsp;&nbsp;&nbsp;&nbsp;&nbsp;&nbsp;&nbsp;&nbsp;&nbsp;&nbsp;&nbsp;&nbsp;&nbsp;&nbsp;&nbsp;&nbsp;&nbsp;&nbsp;&nbsp;&nbsp;&nbsp;&nbsp;&nbsp;&nbsp;&nbsp;&nbsp;&nbsp;&nbsp;&nbsp;&nbsp;&nbsp; 8600,00 грн.</p>','Акрил Palglas',NULL,1375.00,1,1,NULL,1,3,NULL,1478437490,1478437490),(362,'408','прозрачный 10 мм','product362.htm','Акрил Palglas прозрачный, толщина 10 мм, Израиль','<p>Тип&nbsp;&nbsp;&nbsp;&nbsp;&nbsp;&nbsp;&nbsp;&nbsp;&nbsp;&nbsp;&nbsp;&nbsp;&nbsp;&nbsp;&nbsp;&nbsp;&nbsp;&nbsp;&nbsp;&nbsp;&nbsp;&nbsp;&nbsp;&nbsp;&nbsp;&nbsp;&nbsp;&nbsp;&nbsp;&nbsp;&nbsp;&nbsp;&nbsp;&nbsp;&nbsp;&nbsp;&nbsp;&nbsp;&nbsp;&nbsp;&nbsp;&nbsp;&nbsp;&nbsp;&nbsp;&nbsp;&nbsp; экструдированный</p>\r\n<p>Марка&nbsp;&nbsp;&nbsp;&nbsp;&nbsp;&nbsp;&nbsp;&nbsp;&nbsp;&nbsp;&nbsp;&nbsp;&nbsp;&nbsp;&nbsp;&nbsp;&nbsp;&nbsp;&nbsp;&nbsp;&nbsp;&nbsp;&nbsp;&nbsp;&nbsp;&nbsp;&nbsp;&nbsp;&nbsp;&nbsp;&nbsp;&nbsp;&nbsp;&nbsp;&nbsp;&nbsp;&nbsp;&nbsp;&nbsp;&nbsp;&nbsp;&nbsp;&nbsp;&nbsp; Palglas</p>\r\n<p>Производство&nbsp;&nbsp;&nbsp;&nbsp;&nbsp;&nbsp;&nbsp;&nbsp;&nbsp;&nbsp;&nbsp;&nbsp;&nbsp;&nbsp;&nbsp;&nbsp;&nbsp;&nbsp;&nbsp;&nbsp;&nbsp;&nbsp;&nbsp;&nbsp;&nbsp;&nbsp;&nbsp;&nbsp;&nbsp;&nbsp;&nbsp;&nbsp;&nbsp; Израиль</p>\r\n<p>Толщина&nbsp;&nbsp;&nbsp;&nbsp;&nbsp;&nbsp;&nbsp;&nbsp;&nbsp;&nbsp;&nbsp;&nbsp;&nbsp;&nbsp;&nbsp;&nbsp;&nbsp;&nbsp;&nbsp;&nbsp;&nbsp;&nbsp;&nbsp;&nbsp;&nbsp;&nbsp;&nbsp;&nbsp;&nbsp;&nbsp;&nbsp;&nbsp;&nbsp;&nbsp;&nbsp;&nbsp;&nbsp;&nbsp;&nbsp;&nbsp;&nbsp;10 мм</p>\r\n<p>Цвет&nbsp;&nbsp;&nbsp;&nbsp;&nbsp;&nbsp;&nbsp;&nbsp;&nbsp;&nbsp;&nbsp;&nbsp;&nbsp;&nbsp;&nbsp;&nbsp;&nbsp;&nbsp;&nbsp;&nbsp;&nbsp;&nbsp;&nbsp;&nbsp;&nbsp;&nbsp;&nbsp;&nbsp;&nbsp;&nbsp;&nbsp;&nbsp;&nbsp;&nbsp;&nbsp;&nbsp;&nbsp;&nbsp;&nbsp;&nbsp;&nbsp;&nbsp;&nbsp;&nbsp;&nbsp;&nbsp; прозрачный</p>\r\n<p>Размер листа&nbsp;&nbsp;&nbsp;&nbsp;&nbsp;&nbsp;&nbsp;&nbsp;&nbsp;&nbsp;&nbsp;&nbsp;&nbsp;&nbsp;&nbsp;&nbsp;&nbsp;&nbsp;&nbsp;&nbsp;&nbsp;&nbsp;&nbsp;&nbsp;&nbsp;&nbsp;&nbsp;&nbsp;&nbsp;&nbsp;&nbsp;&nbsp;&nbsp;&nbsp; 2,05*3,05 м</p>\r\n<p>Цена за лист&nbsp;&nbsp;&nbsp;&nbsp;&nbsp;&nbsp;&nbsp;&nbsp;&nbsp;&nbsp;&nbsp;&nbsp;&nbsp;&nbsp;&nbsp;&nbsp;&nbsp;&nbsp;&nbsp;&nbsp;&nbsp;&nbsp;&nbsp;&nbsp;&nbsp;&nbsp;&nbsp;&nbsp;&nbsp;&nbsp;&nbsp;&nbsp;&nbsp;&nbsp;&nbsp; 11880,00 грн.</p>','Акрил Palglas',NULL,1900.00,1,1,NULL,1,3,NULL,1478437490,1478437490),(363,'100','прозрачный 1.8 мм','product363.htm','Акрил Palglas прозрачный, толщина 1.8 мм, Израиль','<p>Тип&nbsp;&nbsp;&nbsp;&nbsp;&nbsp;&nbsp;&nbsp;&nbsp;&nbsp;&nbsp;&nbsp;&nbsp;&nbsp;&nbsp;&nbsp;&nbsp;&nbsp;&nbsp;&nbsp;&nbsp;&nbsp;&nbsp;&nbsp;&nbsp;&nbsp;&nbsp;&nbsp;&nbsp;&nbsp;&nbsp;&nbsp;&nbsp;&nbsp;&nbsp;&nbsp;&nbsp;&nbsp;&nbsp;&nbsp;&nbsp;&nbsp;&nbsp;&nbsp;&nbsp;&nbsp;&nbsp;&nbsp; экструдированный</p><p>Марка&nbsp;&nbsp;&nbsp;&nbsp;&nbsp;&nbsp;&nbsp;&nbsp;&nbsp;&nbsp;&nbsp;&nbsp;&nbsp;&nbsp;&nbsp;&nbsp;&nbsp;&nbsp;&nbsp;&nbsp;&nbsp;&nbsp;&nbsp;&nbsp;&nbsp;&nbsp;&nbsp;&nbsp;&nbsp;&nbsp;&nbsp;&nbsp;&nbsp;&nbsp;&nbsp;&nbsp;&nbsp;&nbsp;&nbsp;&nbsp;&nbsp;&nbsp;&nbsp;&nbsp; Palglas</p><p>Производство&nbsp;&nbsp;&nbsp;&nbsp;&nbsp;&nbsp;&nbsp;&nbsp;&nbsp;&nbsp;&nbsp;&nbsp;&nbsp;&nbsp;&nbsp;&nbsp;&nbsp;&nbsp;&nbsp;&nbsp;&nbsp;&nbsp;&nbsp;&nbsp;&nbsp;&nbsp;&nbsp;&nbsp;&nbsp;&nbsp;&nbsp;&nbsp;&nbsp; Израиль</p><p>Толщина&nbsp;&nbsp;&nbsp;&nbsp;&nbsp;&nbsp;&nbsp;&nbsp;&nbsp;&nbsp;&nbsp;&nbsp;&nbsp;&nbsp;&nbsp;&nbsp;&nbsp;&nbsp;&nbsp;&nbsp;&nbsp;&nbsp;&nbsp;&nbsp;&nbsp;&nbsp;&nbsp;&nbsp;&nbsp;&nbsp;&nbsp;&nbsp;&nbsp;&nbsp;&nbsp;&nbsp;&nbsp;&nbsp;&nbsp;&nbsp;&nbsp;1.8 мм</p><p>Цвет&nbsp;&nbsp;&nbsp;&nbsp;&nbsp;&nbsp;&nbsp;&nbsp;&nbsp;&nbsp;&nbsp;&nbsp;&nbsp;&nbsp;&nbsp;&nbsp;&nbsp;&nbsp;&nbsp;&nbsp;&nbsp;&nbsp;&nbsp;&nbsp;&nbsp;&nbsp;&nbsp;&nbsp;&nbsp;&nbsp;&nbsp;&nbsp;&nbsp;&nbsp;&nbsp;&nbsp;&nbsp;&nbsp;&nbsp;&nbsp;&nbsp;&nbsp;&nbsp;&nbsp;&nbsp;&nbsp; прозрачный</p><p>Размер листа&nbsp;&nbsp;&nbsp;&nbsp;&nbsp;&nbsp;&nbsp;&nbsp;&nbsp;&nbsp;&nbsp;&nbsp;&nbsp;&nbsp;&nbsp;&nbsp;&nbsp;&nbsp;&nbsp;&nbsp;&nbsp;&nbsp;&nbsp;&nbsp;&nbsp;&nbsp;&nbsp;&nbsp;&nbsp;&nbsp;&nbsp;&nbsp;&nbsp;&nbsp; 2,05*3,05 м</p><p>Цена за лист&nbsp;&nbsp;&nbsp;&nbsp;&nbsp;&nbsp;&nbsp;&nbsp;&nbsp;&nbsp;&nbsp;&nbsp;&nbsp;&nbsp;&nbsp;&nbsp;&nbsp;&nbsp;&nbsp;&nbsp;&nbsp;&nbsp;&nbsp;&nbsp;&nbsp;&nbsp;&nbsp;&nbsp;&nbsp;&nbsp;&nbsp;&nbsp;&nbsp;&nbsp;&nbsp; 1950,00 грн.</p>','Акрил Palglas',NULL,310.00,1,1,NULL,1,3,NULL,1478437469,1478437469),(364,'147','красный 3мм, 4%','product364.htm','Акрил красный','','Акрил Palglas',NULL,1.00,1,0,NULL,1,3,NULL,1478437504,1478437504),(365,'148','черный 3мм, 4%','product365.htm','Акрил черный 3мм, 4%','<p>Тип&nbsp;&nbsp;&nbsp;&nbsp;&nbsp;&nbsp;&nbsp;&nbsp;&nbsp;&nbsp;&nbsp;&nbsp;&nbsp;&nbsp;&nbsp;&nbsp;&nbsp;&nbsp;&nbsp;&nbsp;&nbsp;&nbsp;&nbsp;&nbsp;&nbsp;&nbsp;&nbsp;&nbsp;&nbsp;&nbsp;&nbsp;&nbsp;&nbsp;&nbsp;&nbsp;&nbsp;&nbsp;&nbsp;&nbsp;&nbsp;&nbsp;&nbsp;&nbsp;&nbsp;&nbsp;&nbsp;&nbsp; экструдированный</p><p>Марка&nbsp;&nbsp;&nbsp;&nbsp;&nbsp;&nbsp;&nbsp;&nbsp;&nbsp;&nbsp;&nbsp;&nbsp;&nbsp;&nbsp;&nbsp;&nbsp;&nbsp;&nbsp;&nbsp;&nbsp;&nbsp;&nbsp;&nbsp;&nbsp;&nbsp;&nbsp;&nbsp;&nbsp;&nbsp;&nbsp;&nbsp;&nbsp;&nbsp;&nbsp;&nbsp;&nbsp;&nbsp;&nbsp;&nbsp;&nbsp;&nbsp;&nbsp;&nbsp;&nbsp; Palglas</p><p>Производство&nbsp;&nbsp;&nbsp;&nbsp;&nbsp;&nbsp;&nbsp;&nbsp;&nbsp;&nbsp;&nbsp;&nbsp;&nbsp;&nbsp;&nbsp;&nbsp;&nbsp;&nbsp;&nbsp;&nbsp;&nbsp;&nbsp;&nbsp;&nbsp;&nbsp;&nbsp;&nbsp;&nbsp;&nbsp;&nbsp;&nbsp;&nbsp;&nbsp; Израиль</p><p>Толщина &nbsp; &nbsp; &nbsp; &nbsp; &nbsp; &nbsp; &nbsp; &nbsp; &nbsp; &nbsp; &nbsp; &nbsp; &nbsp; &nbsp; &nbsp; &nbsp; &nbsp; &nbsp; &nbsp; &nbsp; 3 мм</p><p>Цвет&nbsp;&nbsp;&nbsp;&nbsp;&nbsp;&nbsp;&nbsp;&nbsp;&nbsp;&nbsp;&nbsp;&nbsp;&nbsp;&nbsp;&nbsp;&nbsp;&nbsp;&nbsp;&nbsp;&nbsp;&nbsp;&nbsp;&nbsp;&nbsp;&nbsp;&nbsp;&nbsp;&nbsp;&nbsp;&nbsp;&nbsp;&nbsp;&nbsp;&nbsp;&nbsp;&nbsp;&nbsp;&nbsp;&nbsp;&nbsp;&nbsp;&nbsp;&nbsp;&nbsp;&nbsp;&nbsp; черный</p><p>Размер листа&nbsp;&nbsp;&nbsp;&nbsp;&nbsp;&nbsp;&nbsp;&nbsp;&nbsp;&nbsp;&nbsp;&nbsp;&nbsp;&nbsp;&nbsp;&nbsp;&nbsp;&nbsp;&nbsp;&nbsp;&nbsp;&nbsp;&nbsp;&nbsp;&nbsp;&nbsp;&nbsp;&nbsp;&nbsp;&nbsp;&nbsp;&nbsp;&nbsp;&nbsp; 2,05*3,05 м</p><p>Цена за лист&nbsp;&nbsp;&nbsp;&nbsp;&nbsp;&nbsp;&nbsp;&nbsp;&nbsp;&nbsp;&nbsp;&nbsp;&nbsp;&nbsp;&nbsp;&nbsp;&nbsp;&nbsp;&nbsp;&nbsp;&nbsp;&nbsp;&nbsp;&nbsp;&nbsp;&nbsp;&nbsp;&nbsp;&nbsp;&nbsp;&nbsp;&nbsp;&nbsp;&nbsp;&nbsp; 889,00 грн.</p>','Акрил Palglas',NULL,1.00,1,0,NULL,1,3,NULL,1478437504,1478437504),(366,'Nkt-500','Обогревательная панель НКТ - Атакама','product366.htm','Обогреватель НКТ, обогревательная панель','<p>Обогревательная панель производства компании НКТ, мощностью 500Вт.</p>\r\n<p>Обогреваемая площадь 9-12 квадратных метров.</p>\r\n<p>Детальное описание и видео презентация <a href=\"http://polikarbonatvs.com.ua/obogrevately/\">ТУТ</a></p>','',NULL,1500.00,1,1,NULL,1,4,NULL,1478437504,1478437504),(367,'Cr','Подоконники Crystalit(Кристалит)','product367.htm','Новинка на рынке пластиковых подоконников! Европейский стандарт качества по приемлемой цене, вот главное преимущество подоконников компании Crystalit. Широкий ассортимент цветовой гаммы.','<span style=\"FONT-WEIGHT: bold\">Crystalit</span> - пластиковый подоконник с защитным покрытием Elezgo(производства Германия). Подоконник относится к премиум классу благодаря хорошим эксплуатационным характеристикам, износостойкости, термостойкостью &nbsp;а также, широкой гамме модных расцветок.\r\n<div>Подоконники выполнены из экологически чистых материалов(в составе отсутствует свинец и формальдегид).&nbsp;</div>\r\n<div>Подоконники Кристалит Вы можете заказать в Киеве в восьми различных цветах, фото представлены ниже. Независимо от выбранного Вами цвета, качество подоконника не меняется, Вы получаете высококлассный товар, который отлично впишется в Ваш интерьер.&nbsp;</div>\r\n<div style=\"TEXT-ALIGN: center\"><br></div>\r\n<div style=\"TEXT-ALIGN: center\"><span style=\"FONT-WEIGHT: bold\">Стоимость подоконников Cristalyt с защитным покрытием Elezgo:</span></div>\r\n<div style=\"TEXT-ALIGN: center\"><br></div>\r\n<div style=\"TEXT-ALIGN: center\"><img border=\"0\" alt=\"\" src=\"/ufiles/Image/crystalit_24.png\"></div>\r\n<div style=\"TEXT-ALIGN: left\"><br></div>\r\n<div style=\"TEXT-ALIGN: left\"><span style=\"WHITE-SPACE: pre\" class=\"Apple-tab-span\"></span>Обращаем Ваше внимание, что наша компания готова предложить Вам подоконник нужного размера. Точная подрезка подоконника позволит Вам получить готовое к монтажу изделие и дополнительно сэкономить средства.</div>\r\n<div style=\"TEXT-ALIGN: left\"><span style=\"WHITE-SPACE: pre\" class=\"Apple-tab-span\"></span>Если у Вас есть сомнения по поводу выбора цвета, добро пожаловать в наш офис, мы всегда рады помочь Вам с выбором.</div>\r\n<div style=\"TEXT-ALIGN: left\"><br>\r\n<h1 metrikaid_0.1782206346071023=\"21\">Подоконники Crystalit</h1>\r\n<table border=\"0\" cellspacing=\"4\" cellpadding=\"4\" width=\"100\" metrikaid_0.1782206346071023=\"22\">\r\n<tbody metrikaid_0.1782206346071023=\"23\">\r\n<tr metrikaid_0.1782206346071023=\"24\">\r\n<td valign=\"center\" align=\"middle\" metrikaid_0.1782206346071023=\"25\">\r\n<div class=\"gallery\" metrikaid_0.1782206346071023=\"26\"><a href=\"http://polikarbonatvs.com.ua/constructions/krovlya/gallery-translucent/?action=show&amp;category=17&amp;id=194#img\" metrikaid_0.1782206346071023=\"27\"><img alt=\"Подоконник Crystalit, цвет - белый глянец\" src=\"http://polikarbonatvs.com.ua/ufiles/gallery/site_rus/podokoniki-crystalit/belyiy_glyanets-small.jpg\" metrikaid_0.1782206346071023=\"28\"></a></div><a href=\"http://polikarbonatvs.com.ua/constructions/krovlya/gallery-translucent/?action=show&amp;category=17&amp;id=194#img\"><span style=\"COLOR: #0066cc\">Белый Глянец</span></a> </td>\r\n<td valign=\"center\" width=\"33%\" align=\"middle\" metrikaid_0.1782206346071023=\"41\">\r\n<div class=\"gallery\" metrikaid_0.1782206346071023=\"42\"><a href=\"http://polikarbonatvs.com.ua/constructions/krovlya/gallery-translucent/?action=show&amp;category=17&amp;id=195#img\" metrikaid_0.1782206346071023=\"43\"><img alt=\"Crystalit бристол глянец\" src=\"http://polikarbonatvs.com.ua/ufiles/gallery/site_rus/podokoniki-crystalit/Bristol-small.jpg\" metrikaid_0.1782206346071023=\"44\"></a></div><a href=\"http://polikarbonatvs.com.ua/constructions/krovlya/gallery-translucent/?action=show&amp;category=17&amp;id=195#img\"><span style=\"COLOR: #0066cc\">Бристол глянец</span></a> </td>\r\n<td valign=\"center\" width=\"33%\" align=\"middle\">\r\n<div class=\"gallery\"><a href=\"http://polikarbonatvs.com.ua/constructions/krovlya/gallery-translucent/?action=show&amp;category=17&amp;id=196#img\"><img alt=\"Crystalit золотой дуб глянец\" src=\"http://polikarbonatvs.com.ua/ufiles/gallery/site_rus/podokoniki-crystalit/zolotoj_dub-small.jpg\"></a></div><a href=\"http://polikarbonatvs.com.ua/constructions/krovlya/gallery-translucent/?action=show&amp;category=17&amp;id=196#img\"><span style=\"COLOR: #0066cc\">Золотой дуб</span></a> </td></tr>\r\n<tr metrikaid_0.1782206346071023=\"29\">\r\n<td valign=\"center\" width=\"33%\" align=\"middle\" metrikaid_0.1782206346071023=\"30\">\r\n<div class=\"gallery\" metrikaid_0.1782206346071023=\"31\"><a href=\"http://polikarbonatvs.com.ua/constructions/krovlya/gallery-translucent/?action=show&amp;category=17&amp;id=197#img\" metrikaid_0.1782206346071023=\"32\"><img alt=\"Crystalit Махагон глянец\" src=\"http://polikarbonatvs.com.ua/ufiles/gallery/site_rus/podokoniki-crystalit/Maxagon-small.jpg\" metrikaid_0.1782206346071023=\"33\"></a></div><a href=\"http://polikarbonatvs.com.ua/constructions/krovlya/gallery-translucent/?action=show&amp;category=17&amp;id=197#img\"><span style=\"COLOR: #0066cc\">Махагон</span></a> </td>\r\n<td valign=\"center\" width=\"33%\" align=\"middle\" metrikaid_0.1782206346071023=\"45\">\r\n<div class=\"gallery\" metrikaid_0.1782206346071023=\"46\"><a href=\"http://polikarbonatvs.com.ua/constructions/krovlya/gallery-translucent/?action=show&amp;category=17&amp;id=198#img\" metrikaid_0.1782206346071023=\"47\"><img alt=\"Crystalit Палермо глянец\" src=\"http://polikarbonatvs.com.ua/ufiles/gallery/site_rus/podokoniki-crystalit/palermo-small.jpg\" metrikaid_0.1782206346071023=\"48\"></a></div><a href=\"http://polikarbonatvs.com.ua/constructions/krovlya/gallery-translucent/?action=show&amp;category=17&amp;id=198#img\"><span style=\"COLOR: #0066cc\">Палермо</span></a> </td>\r\n<td valign=\"center\" width=\"33%\" align=\"middle\" metrikaid_0.1782206346071023=\"49\">\r\n<div class=\"gallery\" metrikaid_0.1782206346071023=\"50\"><a href=\"http://polikarbonatvs.com.ua/constructions/krovlya/gallery-translucent/?action=show&amp;category=17&amp;id=199#img\"><img alt=\"Crystalit Природный дуб глянец\" src=\"http://polikarbonatvs.com.ua/ufiles/gallery/site_rus/podokoniki-crystalit/naturalnuj_dub-small.jpg\"></a></div><a href=\"http://polikarbonatvs.com.ua/constructions/krovlya/gallery-translucent/?action=show&amp;category=17&amp;id=199#img\"><span style=\"COLOR: #0066cc\">Природный дуб</span></a> </td></tr>\r\n<tr metrikaid_0.1782206346071023=\"34\">\r\n<td valign=\"center\" width=\"33%\" align=\"middle\" metrikaid_0.1782206346071023=\"35\">\r\n<div class=\"gallery\" metrikaid_0.1782206346071023=\"36\"><a href=\"http://polikarbonatvs.com.ua/constructions/krovlya/gallery-translucent/?action=show&amp;category=17&amp;id=200#img\"><img alt=\"Crystalit Венге глянец\" src=\"http://polikarbonatvs.com.ua/ufiles/gallery/site_rus/podokoniki-crystalit/venge-small.jpg\"></a></div><a href=\"http://polikarbonatvs.com.ua/constructions/krovlya/gallery-translucent/?action=show&amp;category=17&amp;id=200#img\"><span style=\"COLOR: #0066cc\">Венге</span></a> </td>\r\n<td valign=\"center\" width=\"33%\" align=\"middle\" metrikaid_0.1782206346071023=\"37\">\r\n<div class=\"gallery\" metrikaid_0.1782206346071023=\"38\"><a href=\"http://polikarbonatvs.com.ua/constructions/krovlya/gallery-translucent/?action=show&amp;category=17&amp;id=201#img\" metrikaid_0.1782206346071023=\"39\"><img alt=\"Crystalit Орех глянец\" src=\"http://polikarbonatvs.com.ua/ufiles/gallery/site_rus/podokoniki-crystalit/oreh-small.jpg\" metrikaid_0.1782206346071023=\"40\"></a></div><a href=\"http://polikarbonatvs.com.ua/constructions/krovlya/gallery-translucent/?action=show&amp;category=17&amp;id=201#img\"><span style=\"COLOR: #0066cc\">Орех</span></a> </td>\r\n<td valign=\"center\" width=\"33%\" align=\"middle\" metrikaid_0.1782206346071023=\"51\"></td></tr></tbody></table></div>','',NULL,177.00,1,1,NULL,1,4,NULL,1478437504,1478437504);
/*!40000 ALTER TABLE `tbl_products` ENABLE KEYS */;
UNLOCK TABLES;

--
-- Table structure for table `tbl_products_categories`
--

DROP TABLE IF EXISTS `tbl_products_categories`;
/*!40101 SET @saved_cs_client     = @@character_set_client */;
/*!40101 SET character_set_client = utf8 */;
CREATE TABLE `tbl_products_categories` (
  `product_id` int(11) NOT NULL,
  `category_id` int(11) NOT NULL,
  KEY `FK_products_categories_product_id` (`product_id`),
  KEY `FK_products_categories_category_id` (`category_id`),
  CONSTRAINT `FK_products_categories_category_id` FOREIGN KEY (`category_id`) REFERENCES `tbl_product_categories` (`id`) ON DELETE CASCADE ON UPDATE CASCADE,
  CONSTRAINT `FK_products_categories_product_id` FOREIGN KEY (`product_id`) REFERENCES `tbl_products` (`id`) ON DELETE CASCADE ON UPDATE CASCADE
) ENGINE=InnoDB DEFAULT CHARSET=utf8 COLLATE=utf8_unicode_ci;
/*!40101 SET character_set_client = @saved_cs_client */;

--
-- Dumping data for table `tbl_products_categories`
--

LOCK TABLES `tbl_products_categories` WRITE;
/*!40000 ALTER TABLE `tbl_products_categories` DISABLE KEYS */;
INSERT INTO `tbl_products_categories` VALUES (1,6),(45,12),(46,13),(47,13),(30,7),(31,7),(32,7),(33,7),(27,6),(28,7),(29,7),(26,6),(44,13),(48,13),(12,6),(13,6),(54,14),(55,14),(56,14),(57,14),(58,14),(59,14),(20,6),(17,6),(18,6),(19,6),(21,6),(22,6),(23,6),(24,6),(25,6),(11,6),(14,6),(15,6),(16,6),(34,7),(35,7),(36,8),(37,8),(38,12),(39,12),(40,12),(41,12),(42,12),(43,12),(49,13),(50,13),(51,13),(52,13),(53,13),(60,14),(61,14),(62,14),(63,14),(64,15),(65,15),(66,15),(67,15),(68,15),(69,15),(70,15),(71,15),(72,16),(73,16),(74,16),(75,16),(76,16),(77,17),(78,10),(79,10),(80,10),(81,10),(82,10),(83,10),(84,10),(85,10),(86,12),(87,12),(88,12),(89,12),(90,12),(91,12),(92,12),(93,13),(94,13),(95,13),(96,13),(97,13),(98,13),(99,13),(100,14),(101,14),(102,14),(103,14),(104,14),(105,14),(106,14),(107,15),(108,15),(109,15),(110,15),(111,15),(112,15),(113,15),(114,12),(115,12),(116,12),(117,12),(118,12),(119,12),(120,12),(121,13),(122,13),(123,13),(124,13),(125,13),(126,13),(127,13),(128,14),(129,14),(130,14),(131,14),(132,14),(133,14),(134,14),(135,15),(136,15),(137,15),(138,15),(139,15),(140,15),(141,15),(142,12),(143,12),(144,12),(145,12),(146,12),(147,12),(148,13),(149,13),(150,13),(151,13),(152,13),(153,13),(154,14),(155,14),(156,14),(157,14),(158,14),(159,14),(160,15),(161,15),(162,15),(163,15),(164,15),(165,15),(166,18),(167,18),(168,18),(169,18),(170,18),(171,18),(172,18),(173,18),(174,18),(175,18),(176,18),(177,18),(178,18),(179,18),(180,18),(181,18),(182,18),(183,18),(184,18),(185,18),(186,18),(187,18),(188,18),(189,18),(190,18),(191,18),(192,18),(193,18),(194,18),(195,18),(196,18),(197,18),(198,18),(199,18),(200,18),(201,18),(202,18),(203,18),(204,18),(205,18),(206,18),(207,18),(208,18),(209,18),(210,18),(211,18),(212,18),(213,18),(214,18),(215,18),(216,18),(217,18),(218,18),(219,18),(220,18),(221,18),(222,18),(223,19),(224,19),(225,19),(226,19),(227,19),(228,19),(229,19),(230,19),(231,19),(232,19),(233,19),(234,19),(235,19),(236,16),(237,16),(238,16),(239,16),(240,16),(241,16),(242,16),(243,33),(248,37),(244,34),(245,34),(246,34),(247,33),(249,37),(250,37),(251,37),(252,37),(266,41),(253,38),(254,38),(255,38),(256,39),(257,41),(258,41),(259,41),(363,53),(260,40),(261,40),(262,40),(263,41),(264,41),(265,41),(267,41),(268,41),(269,41),(270,41),(271,41),(272,41),(273,36),(274,40),(275,40),(276,40),(277,40),(288,45),(286,45),(287,45),(282,44),(283,44),(284,44),(285,44),(289,45),(290,45),(291,45),(292,45),(293,45),(294,45),(295,45),(296,45),(297,45),(298,45),(299,45),(300,45),(301,45),(302,45),(303,45),(316,48),(317,48),(318,48),(319,48),(362,53),(361,53),(360,53),(359,53),(358,53),(357,53),(356,53),(355,53),(354,53),(353,53),(352,53),(335,51),(336,51),(337,51),(338,51),(339,51),(340,51),(341,51),(342,51),(343,51),(351,53),(344,51),(345,51),(346,51),(347,51),(348,51),(349,51),(350,34),(364,53),(365,53),(366,33),(367,34);
/*!40000 ALTER TABLE `tbl_products_categories` ENABLE KEYS */;
UNLOCK TABLES;

--
-- Table structure for table `tbl_seo_meta`
--

DROP TABLE IF EXISTS `tbl_seo_meta`;
/*!40101 SET @saved_cs_client     = @@character_set_client */;
/*!40101 SET character_set_client = utf8 */;
CREATE TABLE `tbl_seo_meta` (
  `id` int(11) NOT NULL AUTO_INCREMENT,
  `entity_id` int(11) DEFAULT NULL,
  `entity_type` varchar(100) COLLATE utf8_unicode_ci NOT NULL,
  `meta_title` varchar(70) COLLATE utf8_unicode_ci NOT NULL,
  `meta_description` varchar(160) COLLATE utf8_unicode_ci NOT NULL,
  `meta_robots` varchar(50) COLLATE utf8_unicode_ci NOT NULL,
  `custom_meta` text COLLATE utf8_unicode_ci NOT NULL,
  PRIMARY KEY (`id`),
  KEY `entity_id` (`entity_id`),
  KEY `entity_type` (`entity_type`)
) ENGINE=InnoDB DEFAULT CHARSET=utf8 COLLATE=utf8_unicode_ci;
/*!40101 SET character_set_client = @saved_cs_client */;

--
-- Dumping data for table `tbl_seo_meta`
--

LOCK TABLES `tbl_seo_meta` WRITE;
/*!40000 ALTER TABLE `tbl_seo_meta` DISABLE KEYS */;
/*!40000 ALTER TABLE `tbl_seo_meta` ENABLE KEYS */;
UNLOCK TABLES;

--
-- Table structure for table `tbl_social_meta`
--

DROP TABLE IF EXISTS `tbl_social_meta`;
/*!40101 SET @saved_cs_client     = @@character_set_client */;
/*!40101 SET character_set_client = utf8 */;
CREATE TABLE `tbl_social_meta` (
  `id` int(11) NOT NULL AUTO_INCREMENT,
  `meta_id` int(11) DEFAULT NULL,
  `meta_type` varchar(100) COLLATE utf8_unicode_ci NOT NULL,
  `social_type` varchar(100) COLLATE utf8_unicode_ci NOT NULL,
  `title` varchar(100) COLLATE utf8_unicode_ci DEFAULT NULL,
  `type` varchar(50) COLLATE utf8_unicode_ci DEFAULT NULL,
  `url` varchar(255) COLLATE utf8_unicode_ci DEFAULT NULL,
  `image` varchar(255) COLLATE utf8_unicode_ci DEFAULT NULL,
  `description` varchar(255) COLLATE utf8_unicode_ci DEFAULT NULL,
  `site_name` varchar(100) COLLATE utf8_unicode_ci DEFAULT NULL,
  `video` varchar(255) COLLATE utf8_unicode_ci DEFAULT NULL,
  `card` varchar(100) COLLATE utf8_unicode_ci DEFAULT NULL,
  `site` varchar(100) COLLATE utf8_unicode_ci DEFAULT NULL,
  `creator` varchar(100) COLLATE utf8_unicode_ci DEFAULT NULL,
  PRIMARY KEY (`id`),
  KEY `meta_id` (`meta_id`),
  KEY `meta_type` (`meta_type`),
  KEY `social_type` (`social_type`)
) ENGINE=InnoDB AUTO_INCREMENT=15 DEFAULT CHARSET=utf8 COLLATE=utf8_unicode_ci;
/*!40101 SET character_set_client = @saved_cs_client */;

--
-- Dumping data for table `tbl_social_meta`
--

LOCK TABLES `tbl_social_meta` WRITE;
/*!40000 ALTER TABLE `tbl_social_meta` DISABLE KEYS */;
INSERT INTO `tbl_social_meta` VALUES (1,1,'page_meta','open_graph','','','','','','','',NULL,NULL,NULL),(2,1,'page_meta','twitter_card','',NULL,NULL,'','',NULL,NULL,'','',''),(3,9,'page_meta','open_graph','','','','','','','',NULL,NULL,NULL),(4,9,'page_meta','twitter_card','',NULL,NULL,'','',NULL,NULL,'','',''),(5,1,'product_category_meta','open_graph','','','','','','','',NULL,NULL,NULL),(6,1,'product_category_meta','twitter_card','',NULL,NULL,'','',NULL,NULL,'','',''),(7,5,'page_meta','open_graph','','','','','','','',NULL,NULL,NULL),(8,5,'page_meta','twitter_card','',NULL,NULL,'','',NULL,NULL,'','',''),(9,42,'page_meta','open_graph','','','','','','','',NULL,NULL,NULL),(10,42,'page_meta','twitter_card','',NULL,NULL,'','',NULL,NULL,'','',''),(11,11,'page_meta','open_graph','','','','','','','',NULL,NULL,NULL),(12,11,'page_meta','twitter_card','',NULL,NULL,'','',NULL,NULL,'','',''),(13,3,'page_meta','open_graph','','','','','','','',NULL,NULL,NULL),(14,3,'page_meta','twitter_card','',NULL,NULL,'','',NULL,NULL,'','','');
/*!40000 ALTER TABLE `tbl_social_meta` ENABLE KEYS */;
UNLOCK TABLES;

--
-- Table structure for table `tbl_templates`
--

DROP TABLE IF EXISTS `tbl_templates`;
/*!40101 SET @saved_cs_client     = @@character_set_client */;
/*!40101 SET character_set_client = utf8 */;
CREATE TABLE `tbl_templates` (
  `id` int(11) NOT NULL AUTO_INCREMENT,
  `name` varchar(100) COLLATE utf8_unicode_ci NOT NULL,
  `layout_id` varchar(50) COLLATE utf8_unicode_ci NOT NULL,
  `default` tinyint(1) DEFAULT '0',
  PRIMARY KEY (`id`),
  KEY `layout_id` (`layout_id`),
  KEY `default` (`default`)
) ENGINE=InnoDB AUTO_INCREMENT=68 DEFAULT CHARSET=utf8 COLLATE=utf8_unicode_ci;
/*!40101 SET character_set_client = @saved_cs_client */;

--
-- Dumping data for table `tbl_templates`
--

LOCK TABLES `tbl_templates` WRITE;
/*!40000 ALTER TABLE `tbl_templates` DISABLE KEYS */;
INSERT INTO `tbl_templates` VALUES (1,'Template 1','main',0),(2,'Template 2','main',0),(3,'Template 3','main',0),(4,'Template 4','main',0),(5,'Template 5','main',0),(6,'Template 6','main',0),(7,'Template 7','main',0),(8,'Template 8','main',0),(9,'Template 9','main',0),(10,'Template 10','main',0),(11,'Template 13','main',0),(12,'Template 17','main',0),(13,'Template 16','main',0),(14,'Template 19','main',0),(15,'Template 20','main',0),(16,'Template 21','main',0),(17,'Template 22','main',0),(18,'Template 23','main',0),(19,'Template 24','main',0),(20,'Template 25','main',0),(21,'Template 26','main',0),(22,'Template 27','main',0),(23,'Template 28','main',0),(24,'Template 29','main',0),(25,'Template 30','main',0),(26,'Template 31','main',0),(27,'Template 33','main',0),(28,'Template 34','main',0),(29,'Template 35','main',0),(30,'Template 42','main',0),(31,'Template 38','main',0),(32,'Template 39','main',0),(33,'Template 41','main',0),(34,'Template 43','main',0),(35,'Template 44','main',0),(36,'Template 45','main',0),(37,'Template 51','main',0),(38,'Template 46','main',0),(39,'Template 47','main',0),(40,'Template 48','main',0),(41,'Template 49','main',0),(42,'Template 50','main',0),(43,'Template 52','main',0),(44,'Template 53','main',0),(45,'Template 54','main',0),(46,'Template 55','main',0),(47,'Template 56','main',0),(48,'Template 57','main',0),(49,'Template 58','main',0),(50,'Template 59','main',0),(51,'Template 60','main',0),(52,'Template 61','main',0),(53,'Template 69','main',0),(54,'Template 62','main',0),(55,'Template 63','main',0),(56,'Template 64','main',0),(57,'Template 65','main',0),(58,'Template 66','main',0),(59,'Template 67','main',0),(60,'Template 70','main',0),(61,'Template 71','main',0),(62,'Template 72','main',0),(63,'Template 75','main',0),(64,'Template 76','main',0),(65,'Template 77','main',0),(66,'Template 78','main',0),(67,'Template 79','main',0);
/*!40000 ALTER TABLE `tbl_templates` ENABLE KEYS */;
UNLOCK TABLES;

--
-- Table structure for table `tbl_variant_option_values`
--

DROP TABLE IF EXISTS `tbl_variant_option_values`;
/*!40101 SET @saved_cs_client     = @@character_set_client */;
/*!40101 SET character_set_client = utf8 */;
CREATE TABLE `tbl_variant_option_values` (
  `variant_id` int(11) NOT NULL,
  `option_value_id` int(11) NOT NULL,
  KEY `FK_variant_option_values_variant_id` (`variant_id`),
  KEY `FK_variant_option_values_option_value_id` (`option_value_id`),
  CONSTRAINT `FK_variant_option_values_option_value_id` FOREIGN KEY (`option_value_id`) REFERENCES `tbl_option_values` (`id`) ON DELETE CASCADE ON UPDATE CASCADE,
  CONSTRAINT `FK_variant_option_values_variant_id` FOREIGN KEY (`variant_id`) REFERENCES `tbl_variants` (`id`) ON DELETE CASCADE ON UPDATE CASCADE
) ENGINE=InnoDB DEFAULT CHARSET=utf8 COLLATE=utf8_unicode_ci;
/*!40101 SET character_set_client = @saved_cs_client */;

--
-- Dumping data for table `tbl_variant_option_values`
--

LOCK TABLES `tbl_variant_option_values` WRITE;
/*!40000 ALTER TABLE `tbl_variant_option_values` DISABLE KEYS */;
/*!40000 ALTER TABLE `tbl_variant_option_values` ENABLE KEYS */;
UNLOCK TABLES;

--
-- Table structure for table `tbl_variants`
--

DROP TABLE IF EXISTS `tbl_variants`;
/*!40101 SET @saved_cs_client     = @@character_set_client */;
/*!40101 SET character_set_client = utf8 */;
CREATE TABLE `tbl_variants` (
  `id` int(11) NOT NULL AUTO_INCREMENT,
  `entity_id` int(11) DEFAULT NULL,
  `entity_type` varchar(100) COLLATE utf8_unicode_ci NOT NULL,
  `presentation` varchar(255) COLLATE utf8_unicode_ci NOT NULL,
  `master` tinyint(1) NOT NULL DEFAULT '0',
  `status` tinyint(1) NOT NULL DEFAULT '0',
  `created_at` int(11) NOT NULL,
  `updated_at` int(11) NOT NULL,
  PRIMARY KEY (`id`),
  KEY `entity_id` (`entity_id`),
  KEY `entity_type` (`entity_type`)
) ENGINE=InnoDB DEFAULT CHARSET=utf8 COLLATE=utf8_unicode_ci;
/*!40101 SET character_set_client = @saved_cs_client */;

--
-- Dumping data for table `tbl_variants`
--

LOCK TABLES `tbl_variants` WRITE;
/*!40000 ALTER TABLE `tbl_variants` DISABLE KEYS */;
/*!40000 ALTER TABLE `tbl_variants` ENABLE KEYS */;
UNLOCK TABLES;

--
-- Table structure for table `tbl_widget_area_widgets`
--

DROP TABLE IF EXISTS `tbl_widget_area_widgets`;
/*!40101 SET @saved_cs_client     = @@character_set_client */;
/*!40101 SET character_set_client = utf8 */;
CREATE TABLE `tbl_widget_area_widgets` (
  `id` int(11) NOT NULL AUTO_INCREMENT,
  `widget_id` int(11) NOT NULL,
  `widget_area_id` int(11) NOT NULL,
  `owner_id` int(11) DEFAULT NULL,
  `owner_type` varchar(100) COLLATE utf8_unicode_ci DEFAULT NULL,
  `sort` int(11) NOT NULL,
  PRIMARY KEY (`id`),
  KEY `FK_widget_area_widgets_widget_id` (`widget_id`),
  KEY `FK_widget_area_widgets_widget_area_id` (`widget_area_id`),
  KEY `sort` (`sort`),
  CONSTRAINT `FK_widget_area_widgets_widget_area_id` FOREIGN KEY (`widget_area_id`) REFERENCES `tbl_widget_areas` (`id`) ON DELETE CASCADE ON UPDATE CASCADE,
  CONSTRAINT `FK_widget_area_widgets_widget_id` FOREIGN KEY (`widget_id`) REFERENCES `tbl_widgets` (`id`) ON DELETE CASCADE ON UPDATE CASCADE
) ENGINE=InnoDB AUTO_INCREMENT=291 DEFAULT CHARSET=utf8 COLLATE=utf8_unicode_ci;
/*!40101 SET character_set_client = @saved_cs_client */;

--
-- Dumping data for table `tbl_widget_area_widgets`
--

LOCK TABLES `tbl_widget_area_widgets` WRITE;
/*!40000 ALTER TABLE `tbl_widget_area_widgets` DISABLE KEYS */;
INSERT INTO `tbl_widget_area_widgets` VALUES (8,337,8,NULL,NULL,1),(9,211,8,NULL,NULL,1),(10,337,12,NULL,NULL,1),(11,337,16,NULL,NULL,1),(12,337,20,NULL,NULL,1),(13,135,20,NULL,NULL,1),(14,210,20,NULL,NULL,2),(15,56,23,NULL,NULL,1),(16,57,23,NULL,NULL,1),(17,141,24,NULL,NULL,1),(18,337,24,NULL,NULL,1),(19,185,24,NULL,NULL,1),(20,216,27,NULL,NULL,1),(21,337,28,NULL,NULL,1),(22,133,28,NULL,NULL,1),(23,212,28,NULL,NULL,2),(25,337,32,NULL,NULL,1),(27,72,35,NULL,NULL,1),(28,337,36,NULL,NULL,1),(29,132,36,NULL,NULL,1),(30,209,36,NULL,NULL,2),(31,337,40,NULL,NULL,1),(37,34,48,NULL,NULL,1),(38,337,48,NULL,NULL,1),(39,130,48,NULL,NULL,1),(40,182,48,NULL,NULL,2),(41,337,52,NULL,NULL,1),(42,336,52,NULL,NULL,1),(43,59,56,NULL,NULL,1),(44,337,56,NULL,NULL,1),(45,129,56,NULL,NULL,1),(46,184,56,NULL,NULL,2),(47,337,60,NULL,NULL,1),(48,128,60,NULL,NULL,1),(49,13,64,NULL,NULL,1),(50,337,64,NULL,NULL,1),(51,127,64,NULL,NULL,1),(52,208,64,NULL,NULL,2),(53,20,68,NULL,NULL,1),(54,337,68,NULL,NULL,1),(55,126,68,NULL,NULL,1),(56,207,68,NULL,NULL,2),(57,21,72,NULL,NULL,1),(58,337,72,NULL,NULL,1),(59,125,72,NULL,NULL,1),(60,206,72,NULL,NULL,2),(61,19,76,NULL,NULL,1),(62,337,76,NULL,NULL,1),(63,124,76,NULL,NULL,1),(64,205,76,NULL,NULL,2),(65,88,79,NULL,NULL,1),(66,58,80,NULL,NULL,1),(67,337,80,NULL,NULL,1),(68,123,80,NULL,NULL,1),(69,204,80,NULL,NULL,2),(70,27,84,NULL,NULL,1),(71,337,84,NULL,NULL,1),(72,122,84,NULL,NULL,1),(73,203,84,NULL,NULL,2),(74,29,88,NULL,NULL,1),(75,337,88,NULL,NULL,1),(76,121,88,NULL,NULL,1),(77,202,88,NULL,NULL,2),(78,39,91,NULL,NULL,1),(79,337,92,NULL,NULL,1),(80,120,92,NULL,NULL,1),(81,201,92,NULL,NULL,2),(82,45,95,NULL,NULL,1),(83,337,96,NULL,NULL,1),(84,119,96,NULL,NULL,1),(85,200,96,NULL,NULL,2),(86,47,99,NULL,NULL,1),(87,48,100,NULL,NULL,1),(88,49,100,NULL,NULL,2),(89,337,100,NULL,NULL,1),(90,118,100,NULL,NULL,1),(91,199,100,NULL,NULL,2),(92,51,103,NULL,NULL,1),(93,52,104,NULL,NULL,1),(94,53,104,NULL,NULL,2),(95,337,104,NULL,NULL,1),(96,117,104,NULL,NULL,1),(97,198,104,NULL,NULL,2),(98,337,108,NULL,NULL,1),(99,152,108,NULL,NULL,1),(100,181,108,NULL,NULL,2),(101,68,112,NULL,NULL,1),(102,337,112,NULL,NULL,1),(103,115,112,NULL,NULL,1),(104,197,112,NULL,NULL,2),(105,153,115,NULL,NULL,1),(106,337,116,NULL,NULL,1),(107,196,116,NULL,NULL,1),(108,100,120,NULL,NULL,1),(109,106,120,NULL,NULL,2),(110,337,120,NULL,NULL,1),(111,107,120,NULL,NULL,1),(112,191,120,NULL,NULL,2),(113,77,123,NULL,NULL,1),(114,78,123,NULL,NULL,1),(115,80,123,NULL,NULL,2),(116,79,123,NULL,NULL,3),(117,76,124,NULL,NULL,1),(118,337,124,NULL,NULL,1),(119,112,124,NULL,NULL,1),(120,195,124,NULL,NULL,2),(121,109,127,NULL,NULL,1),(122,86,127,NULL,NULL,1),(123,110,127,NULL,NULL,1),(124,111,128,NULL,NULL,1),(125,337,128,NULL,NULL,1),(126,194,128,NULL,NULL,1),(127,108,132,NULL,NULL,1),(128,97,132,NULL,NULL,2),(129,337,132,NULL,NULL,1),(130,98,132,NULL,NULL,1),(131,193,132,NULL,NULL,2),(132,337,136,NULL,NULL,1),(133,192,136,NULL,NULL,1),(134,337,140,NULL,NULL,1),(135,144,144,NULL,NULL,1),(136,145,144,NULL,NULL,2),(137,337,144,NULL,NULL,1),(138,146,144,NULL,NULL,1),(139,190,144,NULL,NULL,2),(140,222,147,NULL,NULL,1),(141,223,147,NULL,NULL,2),(142,224,148,NULL,NULL,1),(143,225,148,NULL,NULL,2),(144,226,148,NULL,NULL,3),(145,337,148,NULL,NULL,1),(146,227,148,NULL,NULL,1),(147,337,152,NULL,NULL,1),(148,164,156,NULL,NULL,1),(149,337,156,NULL,NULL,1),(150,189,156,NULL,NULL,1),(151,337,160,NULL,NULL,1),(152,173,164,NULL,NULL,1),(153,215,164,NULL,NULL,2),(154,172,164,NULL,NULL,3),(155,337,164,NULL,NULL,1),(156,170,164,NULL,NULL,1),(157,220,168,NULL,NULL,1),(158,337,168,NULL,NULL,1),(159,219,168,NULL,NULL,1),(160,229,171,NULL,NULL,1),(161,232,172,NULL,NULL,1),(162,233,172,NULL,NULL,2),(163,337,172,NULL,NULL,1),(164,234,172,NULL,NULL,1),(165,235,172,NULL,NULL,2),(166,236,175,NULL,NULL,1),(167,239,176,NULL,NULL,1),(168,240,176,NULL,NULL,2),(169,337,176,NULL,NULL,1),(170,241,176,NULL,NULL,1),(171,242,176,NULL,NULL,2),(172,243,179,NULL,NULL,1),(173,246,180,NULL,NULL,1),(174,247,180,NULL,NULL,2),(175,337,180,NULL,NULL,1),(176,248,180,NULL,NULL,1),(177,249,180,NULL,NULL,2),(178,250,183,NULL,NULL,1),(179,253,184,NULL,NULL,1),(180,254,184,NULL,NULL,2),(181,337,184,NULL,NULL,1),(182,255,184,NULL,NULL,1),(183,256,184,NULL,NULL,2),(184,257,187,NULL,NULL,1),(185,260,188,NULL,NULL,1),(186,261,188,NULL,NULL,2),(187,337,188,NULL,NULL,1),(188,262,188,NULL,NULL,1),(189,263,188,NULL,NULL,2),(190,264,191,NULL,NULL,1),(191,267,192,NULL,NULL,1),(192,268,192,NULL,NULL,2),(193,337,192,NULL,NULL,1),(194,269,192,NULL,NULL,1),(195,270,192,NULL,NULL,2),(196,271,195,NULL,NULL,1),(197,274,196,NULL,NULL,1),(198,275,196,NULL,NULL,2),(199,337,196,NULL,NULL,1),(200,276,196,NULL,NULL,1),(201,277,196,NULL,NULL,2),(202,278,199,NULL,NULL,1),(203,281,200,NULL,NULL,1),(204,282,200,NULL,NULL,2),(205,337,200,NULL,NULL,1),(206,283,200,NULL,NULL,1),(207,284,200,NULL,NULL,2),(208,285,203,NULL,NULL,1),(209,288,204,NULL,NULL,1),(210,289,204,NULL,NULL,2),(211,337,204,NULL,NULL,1),(212,290,204,NULL,NULL,1),(213,291,204,NULL,NULL,2),(214,292,207,NULL,NULL,1),(215,295,208,NULL,NULL,1),(216,296,208,NULL,NULL,2),(217,337,208,NULL,NULL,1),(218,297,208,NULL,NULL,1),(219,298,208,NULL,NULL,2),(220,337,212,NULL,NULL,1),(221,299,215,NULL,NULL,1),(222,302,216,NULL,NULL,1),(223,303,216,NULL,NULL,2),(224,337,216,NULL,NULL,1),(225,304,216,NULL,NULL,1),(226,305,216,NULL,NULL,2),(227,306,219,NULL,NULL,1),(228,309,220,NULL,NULL,1),(229,310,220,NULL,NULL,2),(230,337,220,NULL,NULL,1),(231,311,220,NULL,NULL,1),(232,312,220,NULL,NULL,2),(233,313,223,NULL,NULL,1),(234,316,224,NULL,NULL,1),(235,317,224,NULL,NULL,2),(236,337,224,NULL,NULL,1),(237,318,224,NULL,NULL,1),(238,319,224,NULL,NULL,2),(239,320,227,NULL,NULL,1),(240,323,228,NULL,NULL,1),(241,324,228,NULL,NULL,2),(242,337,228,NULL,NULL,1),(243,325,228,NULL,NULL,1),(244,326,228,NULL,NULL,2),(245,337,232,NULL,NULL,1),(246,337,236,NULL,NULL,1),(247,337,240,NULL,NULL,1),(248,337,244,NULL,NULL,1),(249,337,248,NULL,NULL,1),(250,337,252,NULL,NULL,1),(251,337,256,NULL,NULL,1),(252,337,260,NULL,NULL,1),(253,337,264,NULL,NULL,1),(254,337,268,NULL,NULL,1),(279,338,1,NULL,NULL,1),(280,102,3,NULL,NULL,1),(281,167,3,NULL,NULL,2),(282,1,4,NULL,NULL,1),(283,337,4,NULL,NULL,2),(284,104,4,NULL,NULL,3),(285,179,4,NULL,NULL,4),(286,2,4,NULL,NULL,5),(287,82,44,NULL,NULL,1),(288,337,44,NULL,NULL,2),(289,131,44,NULL,NULL,3),(290,83,44,NULL,NULL,4);
/*!40000 ALTER TABLE `tbl_widget_area_widgets` ENABLE KEYS */;
UNLOCK TABLES;

--
-- Table structure for table `tbl_widget_areas`
--

DROP TABLE IF EXISTS `tbl_widget_areas`;
/*!40101 SET @saved_cs_client     = @@character_set_client */;
/*!40101 SET character_set_client = utf8 */;
CREATE TABLE `tbl_widget_areas` (
  `id` int(11) NOT NULL AUTO_INCREMENT,
  `code` varchar(50) COLLATE utf8_unicode_ci NOT NULL,
  `template_id` int(11) DEFAULT NULL,
  `owner_id` int(11) DEFAULT NULL,
  `owner_type` varchar(100) COLLATE utf8_unicode_ci DEFAULT NULL,
  `display` tinyint(1) DEFAULT '1',
  `created_at` int(11) NOT NULL,
  `updated_at` int(11) NOT NULL,
  PRIMARY KEY (`id`),
  KEY `FK_widget_areas_template_id` (`template_id`),
  KEY `code` (`code`),
  KEY `owner_id` (`owner_id`),
  KEY `owner_type` (`owner_type`),
  KEY `updated_at` (`updated_at`),
  CONSTRAINT `FK_widget_areas_template_id` FOREIGN KEY (`template_id`) REFERENCES `tbl_templates` (`id`) ON DELETE CASCADE ON UPDATE CASCADE
) ENGINE=InnoDB AUTO_INCREMENT=269 DEFAULT CHARSET=utf8 COLLATE=utf8_unicode_ci;
/*!40101 SET character_set_client = @saved_cs_client */;

--
-- Dumping data for table `tbl_widget_areas`
--

LOCK TABLES `tbl_widget_areas` WRITE;
/*!40000 ALTER TABLE `tbl_widget_areas` DISABLE KEYS */;
INSERT INTO `tbl_widget_areas` VALUES (1,'top',1,NULL,NULL,3,1477427886,1478450079),(2,'beforeContent',1,NULL,NULL,3,1477427886,1478450079),(3,'afterContent',1,NULL,NULL,3,1477427886,1478450079),(4,'sidebar',1,NULL,NULL,3,1477427886,1478450079),(5,'top',2,NULL,NULL,3,1477427888,1477427888),(6,'beforeContent',2,NULL,NULL,3,1477427888,1477427888),(7,'afterContent',2,NULL,NULL,3,1477427888,1477427888),(8,'sidebar',2,NULL,NULL,3,1477427890,1477427890),(9,'top',3,NULL,NULL,3,1477427891,1477427891),(10,'beforeContent',3,NULL,NULL,3,1477427891,1477427891),(11,'afterContent',3,NULL,NULL,3,1477427892,1477427892),(12,'sidebar',3,NULL,NULL,3,1477427892,1477427892),(13,'top',4,NULL,NULL,3,1477427892,1477427892),(14,'beforeContent',4,NULL,NULL,3,1477427892,1477427892),(15,'afterContent',4,NULL,NULL,3,1477427892,1477427892),(16,'sidebar',4,NULL,NULL,3,1477427892,1477427892),(17,'top',5,NULL,NULL,3,1477427892,1477427892),(18,'beforeContent',5,NULL,NULL,3,1477427893,1477427893),(19,'afterContent',5,NULL,NULL,3,1477427893,1477427893),(20,'sidebar',5,NULL,NULL,3,1477427893,1477427893),(21,'top',6,NULL,NULL,3,1477427893,1477427893),(22,'beforeContent',6,NULL,NULL,3,1477427893,1477427893),(23,'afterContent',6,NULL,NULL,3,1477427893,1477427893),(24,'sidebar',6,NULL,NULL,3,1477427893,1477427893),(25,'top',7,NULL,NULL,3,1477427894,1477427894),(26,'beforeContent',7,NULL,NULL,3,1477427894,1477427894),(27,'afterContent',7,NULL,NULL,3,1477427894,1477427894),(28,'sidebar',7,NULL,NULL,3,1477427894,1477427894),(29,'top',8,NULL,NULL,3,1477427894,1477427894),(30,'beforeContent',8,NULL,NULL,3,1477427894,1477427894),(31,'afterContent',8,NULL,NULL,3,1477427894,1477427894),(32,'sidebar',8,NULL,NULL,3,1477427894,1477427894),(33,'top',9,NULL,NULL,3,1477427895,1477427895),(34,'beforeContent',9,NULL,NULL,3,1477427895,1477427895),(35,'afterContent',9,NULL,NULL,3,1477427895,1477427895),(36,'sidebar',9,NULL,NULL,3,1477427895,1477427895),(37,'top',10,NULL,NULL,3,1477427896,1477427896),(38,'beforeContent',10,NULL,NULL,3,1477427896,1477427896),(39,'afterContent',10,NULL,NULL,3,1477427896,1477427896),(40,'sidebar',10,NULL,NULL,3,1477427896,1477427896),(41,'top',11,NULL,NULL,3,1477427896,1478453283),(42,'beforeContent',11,NULL,NULL,3,1477427896,1478453283),(43,'afterContent',11,NULL,NULL,3,1477427896,1478453283),(44,'sidebar',11,NULL,NULL,3,1477427896,1478453284),(45,'top',12,NULL,NULL,3,1477427897,1477427897),(46,'beforeContent',12,NULL,NULL,3,1477427897,1477427897),(47,'afterContent',12,NULL,NULL,3,1477427897,1477427897),(48,'sidebar',12,NULL,NULL,3,1477427897,1477427897),(49,'top',13,NULL,NULL,3,1477427897,1477427897),(50,'beforeContent',13,NULL,NULL,3,1477427897,1477427897),(51,'afterContent',13,NULL,NULL,3,1477427897,1477427897),(52,'sidebar',13,NULL,NULL,3,1477427897,1477427897),(53,'top',14,NULL,NULL,3,1477427898,1477427898),(54,'beforeContent',14,NULL,NULL,3,1477427898,1477427898),(55,'afterContent',14,NULL,NULL,3,1477427898,1477427898),(56,'sidebar',14,NULL,NULL,3,1477427898,1477427898),(57,'top',15,NULL,NULL,3,1477427898,1477427898),(58,'beforeContent',15,NULL,NULL,3,1477427898,1477427898),(59,'afterContent',15,NULL,NULL,3,1477427899,1477427899),(60,'sidebar',15,NULL,NULL,3,1477427899,1477427899),(61,'top',16,NULL,NULL,3,1477427899,1477427899),(62,'beforeContent',16,NULL,NULL,3,1477427899,1477427899),(63,'afterContent',16,NULL,NULL,3,1477427899,1477427899),(64,'sidebar',16,NULL,NULL,3,1477427899,1477427899),(65,'top',17,NULL,NULL,3,1477427899,1477427899),(66,'beforeContent',17,NULL,NULL,3,1477427899,1477427899),(67,'afterContent',17,NULL,NULL,3,1477427899,1477427899),(68,'sidebar',17,NULL,NULL,3,1477427899,1477427899),(69,'top',18,NULL,NULL,3,1477427900,1477427900),(70,'beforeContent',18,NULL,NULL,3,1477427900,1477427900),(71,'afterContent',18,NULL,NULL,3,1477427900,1477427900),(72,'sidebar',18,NULL,NULL,3,1477427900,1477427900),(73,'top',19,NULL,NULL,3,1477427900,1477427900),(74,'beforeContent',19,NULL,NULL,3,1477427900,1477427900),(75,'afterContent',19,NULL,NULL,3,1477427900,1477427900),(76,'sidebar',19,NULL,NULL,3,1477427900,1477427900),(77,'top',20,NULL,NULL,3,1477427901,1477427901),(78,'beforeContent',20,NULL,NULL,3,1477427901,1477427901),(79,'afterContent',20,NULL,NULL,3,1477427901,1477427901),(80,'sidebar',20,NULL,NULL,3,1477427901,1477427901),(81,'top',21,NULL,NULL,3,1477427901,1477427901),(82,'beforeContent',21,NULL,NULL,3,1477427901,1477427901),(83,'afterContent',21,NULL,NULL,3,1477427901,1477427901),(84,'sidebar',21,NULL,NULL,3,1477427901,1477427901),(85,'top',22,NULL,NULL,3,1477427901,1477427901),(86,'beforeContent',22,NULL,NULL,3,1477427901,1477427901),(87,'afterContent',22,NULL,NULL,3,1477427901,1477427901),(88,'sidebar',22,NULL,NULL,3,1477427901,1477427901),(89,'top',23,NULL,NULL,3,1477427902,1477427902),(90,'beforeContent',23,NULL,NULL,3,1477427902,1477427902),(91,'afterContent',23,NULL,NULL,3,1477427902,1477427902),(92,'sidebar',23,NULL,NULL,3,1477427902,1477427902),(93,'top',24,NULL,NULL,3,1477427902,1477427902),(94,'beforeContent',24,NULL,NULL,3,1477427902,1477427902),(95,'afterContent',24,NULL,NULL,3,1477427902,1477427902),(96,'sidebar',24,NULL,NULL,3,1477427902,1477427902),(97,'top',25,NULL,NULL,3,1477427903,1477427903),(98,'beforeContent',25,NULL,NULL,3,1477427903,1477427903),(99,'afterContent',25,NULL,NULL,3,1477427903,1477427903),(100,'sidebar',25,NULL,NULL,3,1477427903,1477427903),(101,'top',26,NULL,NULL,3,1477427904,1477427904),(102,'beforeContent',26,NULL,NULL,3,1477427904,1477427904),(103,'afterContent',26,NULL,NULL,3,1477427904,1477427904),(104,'sidebar',26,NULL,NULL,3,1477427904,1477427904),(105,'top',27,NULL,NULL,3,1477427904,1477427904),(106,'beforeContent',27,NULL,NULL,3,1477427904,1477427904),(107,'afterContent',27,NULL,NULL,3,1477427905,1477427905),(108,'sidebar',27,NULL,NULL,3,1477427905,1477427905),(109,'top',28,NULL,NULL,3,1477427905,1477427905),(110,'beforeContent',28,NULL,NULL,3,1477427905,1477427905),(111,'afterContent',28,NULL,NULL,3,1477427905,1477427905),(112,'sidebar',28,NULL,NULL,3,1477427905,1477427905),(113,'top',29,NULL,NULL,3,1477427906,1477427906),(114,'beforeContent',29,NULL,NULL,3,1477427906,1477427906),(115,'afterContent',29,NULL,NULL,3,1477427906,1477427906),(116,'sidebar',29,NULL,NULL,3,1477427906,1477427906),(117,'top',30,NULL,NULL,3,1477427907,1477427907),(118,'beforeContent',30,NULL,NULL,3,1477427907,1477427907),(119,'afterContent',30,NULL,NULL,3,1477427907,1477427907),(120,'sidebar',30,NULL,NULL,3,1477427907,1477427907),(121,'top',31,NULL,NULL,3,1477427907,1477427907),(122,'beforeContent',31,NULL,NULL,3,1477427907,1477427907),(123,'afterContent',31,NULL,NULL,3,1477427907,1477427907),(124,'sidebar',31,NULL,NULL,3,1477427907,1477427907),(125,'top',32,NULL,NULL,3,1477427908,1477427908),(126,'beforeContent',32,NULL,NULL,3,1477427908,1477427908),(127,'afterContent',32,NULL,NULL,3,1477427908,1477427908),(128,'sidebar',32,NULL,NULL,3,1477427908,1477427908),(129,'top',33,NULL,NULL,3,1477427909,1477427909),(130,'beforeContent',33,NULL,NULL,3,1477427909,1477427909),(131,'afterContent',33,NULL,NULL,3,1477427909,1477427909),(132,'sidebar',33,NULL,NULL,3,1477427909,1477427909),(133,'top',34,NULL,NULL,3,1477427910,1477427910),(134,'beforeContent',34,NULL,NULL,3,1477427910,1477427910),(135,'afterContent',34,NULL,NULL,3,1477427910,1477427910),(136,'sidebar',34,NULL,NULL,3,1477427910,1477427910),(137,'top',35,NULL,NULL,3,1477427910,1477427910),(138,'beforeContent',35,NULL,NULL,3,1477427910,1477427910),(139,'afterContent',35,NULL,NULL,3,1477427911,1477427911),(140,'sidebar',35,NULL,NULL,3,1477427911,1477427911),(141,'top',36,NULL,NULL,3,1477427911,1477427911),(142,'beforeContent',36,NULL,NULL,3,1477427911,1477427911),(143,'afterContent',36,NULL,NULL,3,1477427911,1477427911),(144,'sidebar',36,NULL,NULL,3,1477427911,1477427911),(145,'top',37,NULL,NULL,3,1477427912,1477427912),(146,'beforeContent',37,NULL,NULL,3,1477427912,1477427912),(147,'afterContent',37,NULL,NULL,3,1477427912,1477427912),(148,'sidebar',37,NULL,NULL,3,1477427912,1477427912),(149,'top',38,NULL,NULL,3,1477427912,1477427912),(150,'beforeContent',38,NULL,NULL,3,1477427912,1477427912),(151,'afterContent',38,NULL,NULL,3,1477427912,1477427912),(152,'sidebar',38,NULL,NULL,3,1477427912,1477427912),(153,'top',39,NULL,NULL,3,1477427913,1477427913),(154,'beforeContent',39,NULL,NULL,3,1477427913,1477427913),(155,'afterContent',39,NULL,NULL,3,1477427913,1477427913),(156,'sidebar',39,NULL,NULL,3,1477427913,1477427913),(157,'top',40,NULL,NULL,3,1477427913,1477427913),(158,'beforeContent',40,NULL,NULL,3,1477427913,1477427913),(159,'afterContent',40,NULL,NULL,3,1477427913,1477427913),(160,'sidebar',40,NULL,NULL,3,1477427913,1477427913),(161,'top',41,NULL,NULL,3,1477427913,1477427913),(162,'beforeContent',41,NULL,NULL,3,1477427913,1477427913),(163,'afterContent',41,NULL,NULL,3,1477427913,1477427913),(164,'sidebar',41,NULL,NULL,3,1477427913,1477427913),(165,'top',42,NULL,NULL,3,1477427914,1477427914),(166,'beforeContent',42,NULL,NULL,3,1477427914,1477427914),(167,'afterContent',42,NULL,NULL,3,1477427914,1477427914),(168,'sidebar',42,NULL,NULL,3,1477427914,1477427914),(169,'top',43,NULL,NULL,3,1477427914,1477427914),(170,'beforeContent',43,NULL,NULL,3,1477427914,1477427914),(171,'afterContent',43,NULL,NULL,3,1477427915,1477427915),(172,'sidebar',43,NULL,NULL,3,1477427915,1477427915),(173,'top',44,NULL,NULL,3,1477427915,1477427915),(174,'beforeContent',44,NULL,NULL,3,1477427915,1477427915),(175,'afterContent',44,NULL,NULL,3,1477427916,1477427916),(176,'sidebar',44,NULL,NULL,3,1477427916,1477427916),(177,'top',45,NULL,NULL,3,1477427917,1477427917),(178,'beforeContent',45,NULL,NULL,3,1477427917,1477427917),(179,'afterContent',45,NULL,NULL,3,1477427917,1477427917),(180,'sidebar',45,NULL,NULL,3,1477427917,1477427917),(181,'top',46,NULL,NULL,3,1477427917,1477427917),(182,'beforeContent',46,NULL,NULL,3,1477427917,1477427917),(183,'afterContent',46,NULL,NULL,3,1477427917,1477427917),(184,'sidebar',46,NULL,NULL,3,1477427917,1477427917),(185,'top',47,NULL,NULL,3,1477427918,1477427918),(186,'beforeContent',47,NULL,NULL,3,1477427918,1477427918),(187,'afterContent',47,NULL,NULL,3,1477427918,1477427918),(188,'sidebar',47,NULL,NULL,3,1477427918,1477427918),(189,'top',48,NULL,NULL,3,1477427918,1477427918),(190,'beforeContent',48,NULL,NULL,3,1477427918,1477427918),(191,'afterContent',48,NULL,NULL,3,1477427918,1477427918),(192,'sidebar',48,NULL,NULL,3,1477427918,1477427918),(193,'top',49,NULL,NULL,3,1477427919,1477427919),(194,'beforeContent',49,NULL,NULL,3,1477427919,1477427919),(195,'afterContent',49,NULL,NULL,3,1477427919,1477427919),(196,'sidebar',49,NULL,NULL,3,1477427919,1477427919),(197,'top',50,NULL,NULL,3,1477427920,1477427920),(198,'beforeContent',50,NULL,NULL,3,1477427920,1477427920),(199,'afterContent',50,NULL,NULL,3,1477427920,1477427920),(200,'sidebar',50,NULL,NULL,3,1477427920,1477427920),(201,'top',51,NULL,NULL,3,1477427921,1477427921),(202,'beforeContent',51,NULL,NULL,3,1477427921,1477427921),(203,'afterContent',51,NULL,NULL,3,1477427921,1477427921),(204,'sidebar',51,NULL,NULL,3,1477427921,1477427921),(205,'top',52,NULL,NULL,3,1477427922,1477427922),(206,'beforeContent',52,NULL,NULL,3,1477427922,1477427922),(207,'afterContent',52,NULL,NULL,3,1477427922,1477427922),(208,'sidebar',52,NULL,NULL,3,1477427922,1477427922),(209,'top',53,NULL,NULL,3,1477427922,1477427922),(210,'beforeContent',53,NULL,NULL,3,1477427922,1477427922),(211,'afterContent',53,NULL,NULL,3,1477427922,1477427922),(212,'sidebar',53,NULL,NULL,3,1477427922,1477427922),(213,'top',54,NULL,NULL,3,1477427923,1477427923),(214,'beforeContent',54,NULL,NULL,3,1477427923,1477427923),(215,'afterContent',54,NULL,NULL,3,1477427923,1477427923),(216,'sidebar',54,NULL,NULL,3,1477427923,1477427923),(217,'top',55,NULL,NULL,3,1477427923,1477427923),(218,'beforeContent',55,NULL,NULL,3,1477427923,1477427923),(219,'afterContent',55,NULL,NULL,3,1477427923,1477427923),(220,'sidebar',55,NULL,NULL,3,1477427923,1477427923),(221,'top',56,NULL,NULL,3,1477427925,1477427925),(222,'beforeContent',56,NULL,NULL,3,1477427925,1477427925),(223,'afterContent',56,NULL,NULL,3,1477427925,1477427925),(224,'sidebar',56,NULL,NULL,3,1477427925,1477427925),(225,'top',57,NULL,NULL,3,1477427926,1477427926),(226,'beforeContent',57,NULL,NULL,3,1477427926,1477427926),(227,'afterContent',57,NULL,NULL,3,1477427926,1477427926),(228,'sidebar',57,NULL,NULL,3,1477427926,1477427926),(229,'top',58,NULL,NULL,3,1477427926,1477427926),(230,'beforeContent',58,NULL,NULL,3,1477427927,1477427927),(231,'afterContent',58,NULL,NULL,3,1477427927,1477427927),(232,'sidebar',58,NULL,NULL,3,1477427927,1477427927),(233,'top',59,NULL,NULL,3,1477427927,1477427927),(234,'beforeContent',59,NULL,NULL,3,1477427927,1477427927),(235,'afterContent',59,NULL,NULL,3,1477427927,1477427927),(236,'sidebar',59,NULL,NULL,3,1477427927,1477427927),(237,'top',60,NULL,NULL,3,1477427928,1477427928),(238,'beforeContent',60,NULL,NULL,3,1477427928,1477427928),(239,'afterContent',60,NULL,NULL,3,1477427928,1477427928),(240,'sidebar',60,NULL,NULL,3,1477427928,1477427928),(241,'top',61,NULL,NULL,3,1477427929,1477427929),(242,'beforeContent',61,NULL,NULL,3,1477427929,1477427929),(243,'afterContent',61,NULL,NULL,3,1477427929,1477427929),(244,'sidebar',61,NULL,NULL,3,1477427929,1477427929),(245,'top',62,NULL,NULL,3,1477427929,1477427929),(246,'beforeContent',62,NULL,NULL,3,1477427929,1477427929),(247,'afterContent',62,NULL,NULL,3,1477427929,1477427929),(248,'sidebar',62,NULL,NULL,3,1477427929,1477427929),(249,'top',63,NULL,NULL,3,1477427930,1477427930),(250,'beforeContent',63,NULL,NULL,3,1477427930,1477427930),(251,'afterContent',63,NULL,NULL,3,1477427930,1477427930),(252,'sidebar',63,NULL,NULL,3,1477427930,1477427930),(253,'top',64,NULL,NULL,3,1477427931,1477427931),(254,'beforeContent',64,NULL,NULL,3,1477427931,1477427931),(255,'afterContent',64,NULL,NULL,3,1477427931,1477427931),(256,'sidebar',64,NULL,NULL,3,1477427931,1477427931),(257,'top',65,NULL,NULL,3,1477427931,1477427931),(258,'beforeContent',65,NULL,NULL,3,1477427931,1477427931),(259,'afterContent',65,NULL,NULL,3,1477427931,1477427931),(260,'sidebar',65,NULL,NULL,3,1477427932,1477427932),(261,'top',66,NULL,NULL,3,1477427932,1477427932),(262,'beforeContent',66,NULL,NULL,3,1477427932,1477427932),(263,'afterContent',66,NULL,NULL,3,1477427932,1477427932),(264,'sidebar',66,NULL,NULL,3,1477427932,1477427932),(265,'top',67,NULL,NULL,3,1477427932,1477427932),(266,'beforeContent',67,NULL,NULL,3,1477427932,1477427932),(267,'afterContent',67,NULL,NULL,3,1477427932,1477427932),(268,'sidebar',67,NULL,NULL,3,1477427932,1477427932);
/*!40000 ALTER TABLE `tbl_widget_areas` ENABLE KEYS */;
UNLOCK TABLES;

--
-- Table structure for table `tbl_widgets`
--

DROP TABLE IF EXISTS `tbl_widgets`;
/*!40101 SET @saved_cs_client     = @@character_set_client */;
/*!40101 SET character_set_client = utf8 */;
CREATE TABLE `tbl_widgets` (
  `id` int(11) NOT NULL AUTO_INCREMENT,
  `widget_type` varchar(100) COLLATE utf8_unicode_ci NOT NULL,
  `title` varchar(255) COLLATE utf8_unicode_ci DEFAULT NULL,
  `name` varchar(255) COLLATE utf8_unicode_ci DEFAULT NULL,
  `content` text COLLATE utf8_unicode_ci,
  `model_id` int(11) DEFAULT NULL,
  `depth` int(11) DEFAULT NULL,
  `display_count` int(11) DEFAULT NULL,
  `category_id` int(11) DEFAULT NULL,
  `columns` int(11) DEFAULT NULL,
  `template` int(11) DEFAULT NULL,
  `list_url` varchar(255) COLLATE utf8_unicode_ci DEFAULT NULL,
  PRIMARY KEY (`id`),
  KEY `category` (`category_id`)
) ENGINE=InnoDB AUTO_INCREMENT=339 DEFAULT CHARSET=utf8 COLLATE=utf8_unicode_ci;
/*!40101 SET character_set_client = @saved_cs_client */;

--
-- Dumping data for table `tbl_widgets`
--

LOCK TABLES `tbl_widgets` WRITE;
/*!40000 ALTER TABLE `tbl_widgets` DISABLE KEYS */;
INSERT INTO `tbl_widgets` VALUES (1,'menu','Мы предлагаем',NULL,NULL,1,NULL,NULL,NULL,NULL,NULL,NULL),(2,'menu','Узнайте больше',NULL,NULL,2,NULL,NULL,NULL,NULL,NULL,NULL),(13,'menu','Мы предлагаем',NULL,NULL,1,NULL,NULL,NULL,NULL,NULL,NULL),(19,'menu','Узнайте больше',NULL,NULL,2,NULL,NULL,NULL,NULL,NULL,NULL),(20,'menu','Мы предлагаем',NULL,NULL,1,NULL,NULL,NULL,NULL,NULL,NULL),(21,'menu','Мы предлагаем',NULL,NULL,1,NULL,NULL,NULL,NULL,NULL,NULL),(27,'menu','Мы предлагаем',NULL,NULL,1,NULL,NULL,NULL,NULL,NULL,NULL),(29,'menu','Мы предлагаем',NULL,NULL,1,NULL,NULL,NULL,NULL,NULL,NULL),(33,'gallery',NULL,NULL,NULL,4,NULL,NULL,NULL,NULL,NULL,NULL),(34,'menu','Узнайте больше',NULL,NULL,2,NULL,NULL,NULL,NULL,NULL,NULL),(39,'gallery',NULL,NULL,NULL,4,NULL,NULL,NULL,NULL,NULL,NULL),(45,'gallery',NULL,NULL,NULL,6,NULL,NULL,NULL,NULL,NULL,NULL),(46,'gallery',NULL,NULL,NULL,6,NULL,NULL,NULL,NULL,NULL,NULL),(47,'gallery',NULL,NULL,NULL,7,NULL,NULL,NULL,NULL,NULL,NULL),(48,'menu','Мы предлагаем',NULL,NULL,1,NULL,NULL,NULL,NULL,NULL,NULL),(49,'menu','Узнайте больше',NULL,NULL,2,NULL,NULL,NULL,NULL,NULL,NULL),(50,'gallery',NULL,NULL,NULL,7,NULL,NULL,NULL,NULL,NULL,NULL),(51,'gallery',NULL,NULL,NULL,8,NULL,NULL,NULL,NULL,NULL,NULL),(52,'menu','Мы предлагаем',NULL,NULL,1,NULL,NULL,NULL,NULL,NULL,NULL),(53,'menu','Узнайте больше',NULL,NULL,2,NULL,NULL,NULL,NULL,NULL,NULL),(54,'gallery',NULL,NULL,NULL,8,NULL,NULL,NULL,NULL,NULL,NULL),(56,'last_articles','Статьи по теме',NULL,NULL,NULL,NULL,NULL,1,NULL,1,'articles'),(57,'last_articles','Статьи по теме',NULL,NULL,NULL,NULL,NULL,1,NULL,1,'articles'),(58,'menu','Узнайте больше',NULL,NULL,2,NULL,NULL,NULL,NULL,NULL,NULL),(59,'menu','Узнайте больше',NULL,NULL,2,NULL,NULL,NULL,NULL,NULL,NULL),(68,'menu','Мы предлагаем',NULL,NULL,1,NULL,NULL,NULL,NULL,NULL,NULL),(70,'gallery',NULL,NULL,NULL,1,NULL,NULL,NULL,NULL,NULL,NULL),(72,'form',NULL,'feedback',NULL,1,NULL,NULL,NULL,NULL,NULL,NULL),(74,'form',NULL,'feedback',NULL,1,NULL,NULL,NULL,NULL,NULL,NULL),(76,'menu','Мы предлагаем',NULL,NULL,1,NULL,NULL,NULL,NULL,NULL,NULL),(77,'gallery',NULL,NULL,NULL,9,NULL,NULL,NULL,NULL,NULL,NULL),(78,'gallery',NULL,NULL,NULL,10,NULL,NULL,NULL,NULL,NULL,NULL),(79,'gallery',NULL,NULL,NULL,11,NULL,NULL,NULL,NULL,NULL,NULL),(80,'gallery',NULL,NULL,NULL,12,NULL,NULL,NULL,NULL,NULL,NULL),(82,'menu','Мы предлагаем',NULL,NULL,1,NULL,NULL,NULL,NULL,NULL,NULL),(83,'menu','Узнайте больше',NULL,NULL,2,NULL,NULL,NULL,NULL,NULL,NULL),(86,'gallery',NULL,NULL,NULL,5,NULL,NULL,NULL,NULL,NULL,NULL),(88,'gallery',NULL,NULL,NULL,5,NULL,NULL,NULL,NULL,NULL,NULL),(97,'menu','Узнайте больше',NULL,NULL,2,NULL,NULL,NULL,NULL,NULL,NULL),(98,'menu','Популярные разделы',NULL,NULL,3,NULL,NULL,NULL,NULL,NULL,NULL),(100,'menu','Узнайте больше',NULL,NULL,2,NULL,NULL,NULL,NULL,NULL,NULL),(102,'last_news','Новости компании',NULL,NULL,NULL,NULL,4,1,NULL,NULL,'news'),(103,'last_news','Новости компании',NULL,NULL,NULL,NULL,4,1,NULL,NULL,'news'),(104,'menu','Популярные разделы',NULL,NULL,3,NULL,NULL,NULL,NULL,NULL,NULL),(106,'menu','Мы предлагаем',NULL,NULL,1,NULL,NULL,NULL,NULL,NULL,NULL),(107,'menu','Популярные разделы',NULL,NULL,3,NULL,NULL,NULL,NULL,NULL,NULL),(108,'menu','Мы предлагаем',NULL,NULL,1,NULL,NULL,NULL,NULL,NULL,NULL),(109,'menu','Мы предлагаем',NULL,NULL,1,NULL,NULL,NULL,NULL,NULL,NULL),(110,'menu','Узнайте больше',NULL,NULL,2,NULL,NULL,NULL,NULL,NULL,NULL),(111,'menu','Популярные разделы',NULL,NULL,3,NULL,NULL,NULL,NULL,NULL,NULL),(112,'menu','Популярные разделы',NULL,NULL,3,NULL,NULL,NULL,NULL,NULL,NULL),(115,'menu','Популярные разделы',NULL,NULL,3,NULL,NULL,NULL,NULL,NULL,NULL),(117,'menu','Популярные разделы',NULL,NULL,3,NULL,NULL,NULL,NULL,NULL,NULL),(118,'menu','Популярные разделы',NULL,NULL,3,NULL,NULL,NULL,NULL,NULL,NULL),(119,'menu','Популярные разделы',NULL,NULL,3,NULL,NULL,NULL,NULL,NULL,NULL),(120,'menu','Популярные разделы',NULL,NULL,3,NULL,NULL,NULL,NULL,NULL,NULL),(121,'menu','Популярные разделы',NULL,NULL,3,NULL,NULL,NULL,NULL,NULL,NULL),(122,'menu','Популярные разделы',NULL,NULL,3,NULL,NULL,NULL,NULL,NULL,NULL),(123,'menu','Популярные разделы',NULL,NULL,3,NULL,NULL,NULL,NULL,NULL,NULL),(124,'menu','Популярные разделы',NULL,NULL,3,NULL,NULL,NULL,NULL,NULL,NULL),(125,'menu','Популярные разделы',NULL,NULL,3,NULL,NULL,NULL,NULL,NULL,NULL),(126,'menu','Популярные разделы',NULL,NULL,3,NULL,NULL,NULL,NULL,NULL,NULL),(127,'menu','Популярные разделы',NULL,NULL,3,NULL,NULL,NULL,NULL,NULL,NULL),(128,'menu','Популярные разделы',NULL,NULL,3,NULL,NULL,NULL,NULL,NULL,NULL),(129,'menu','Популярные разделы',NULL,NULL,3,NULL,NULL,NULL,NULL,NULL,NULL),(130,'menu','Популярные разделы',NULL,NULL,3,NULL,NULL,NULL,NULL,NULL,NULL),(131,'menu','Популярные разделы',NULL,NULL,3,NULL,NULL,NULL,NULL,NULL,NULL),(132,'menu','Популярные разделы',NULL,NULL,3,NULL,NULL,NULL,NULL,NULL,NULL),(133,'menu','Популярные разделы',NULL,NULL,3,NULL,NULL,NULL,NULL,NULL,NULL),(135,'menu','Популярные разделы',NULL,NULL,3,NULL,NULL,NULL,NULL,NULL,NULL),(137,'content','Песня',NULL,'<object width=\"600\" height=\"486\"><param name=\"movie\" value=\"http://www.youtube.com/v/_N5PDdShIds&hl=ru&fs=1&rel=0&border=1\"></param><param name=\"allowFullScreen\" value=\"true\"></param><param name=\"allowscriptaccess\" value=\"always\"></param><embed src=\"http://www.youtube.com/v/_N5PDdShIds&hl=ru&fs=1&rel=0&border=1\" type=\"application/x-shockwave-flash\" allowscriptaccess=\"always\" allowfullscreen=\"true\" width=\"600\" height=\"486\"></embed></object>',NULL,NULL,NULL,NULL,NULL,NULL,NULL),(141,'last_articles','Статьи по теме',NULL,NULL,NULL,NULL,NULL,1,NULL,3,'articles'),(144,'menu','Мы предлагаем',NULL,NULL,1,NULL,NULL,NULL,NULL,NULL,NULL),(145,'menu','Узнайте больше',NULL,NULL,2,NULL,NULL,NULL,NULL,NULL,NULL),(146,'menu','Популярные разделы',NULL,NULL,3,NULL,NULL,NULL,NULL,NULL,NULL),(152,'menu','Популярные разделы',NULL,NULL,3,NULL,NULL,NULL,NULL,NULL,NULL),(153,'gallery',NULL,NULL,NULL,1,NULL,NULL,NULL,NULL,NULL,NULL),(164,'categories','Каталог товаров',NULL,NULL,NULL,NULL,NULL,NULL,NULL,NULL,NULL),(167,'last_articles','Статьи по теме',NULL,NULL,NULL,NULL,NULL,2,NULL,2,'articles'),(168,'last_articles','Статьи по теме',NULL,NULL,NULL,NULL,NULL,2,NULL,2,'articles'),(170,'menu','Популярные разделы',NULL,NULL,3,NULL,NULL,NULL,NULL,NULL,NULL),(172,'menu','Мы предлагаем',NULL,NULL,1,NULL,NULL,NULL,NULL,NULL,NULL),(173,'menu','Рекомендуем',NULL,NULL,4,NULL,NULL,NULL,NULL,NULL,NULL),(178,'gallery',NULL,NULL,NULL,13,NULL,NULL,NULL,NULL,NULL,NULL),(179,'banner','Обогреватели нового поколения',NULL,NULL,4,NULL,NULL,NULL,NULL,NULL,NULL),(181,'banner','Обогреватели нового поколения',NULL,NULL,4,NULL,NULL,NULL,NULL,NULL,NULL),(182,'banner','Обогреватели нового поколения',NULL,NULL,4,NULL,NULL,NULL,NULL,NULL,NULL),(184,'banner','Обогреватели нового поколения',NULL,NULL,4,NULL,NULL,NULL,NULL,NULL,NULL),(185,'banner','Обогреватели нового поколения',NULL,NULL,4,NULL,NULL,NULL,NULL,NULL,NULL),(189,'banner','Обогреватели нового поколения',NULL,NULL,4,NULL,NULL,NULL,NULL,NULL,NULL),(190,'banner','Обогреватели нового поколения',NULL,NULL,4,NULL,NULL,NULL,NULL,NULL,NULL),(191,'banner','Обогреватели нового поколения',NULL,NULL,4,NULL,NULL,NULL,NULL,NULL,NULL),(192,'banner','Обогреватели нового поколения',NULL,NULL,4,NULL,NULL,NULL,NULL,NULL,NULL),(193,'banner','Обогреватели нового поколения',NULL,NULL,4,NULL,NULL,NULL,NULL,NULL,NULL),(194,'banner','Обогреватели нового поколения',NULL,NULL,4,NULL,NULL,NULL,NULL,NULL,NULL),(195,'banner','Обогреватели нового поколения',NULL,NULL,4,NULL,NULL,NULL,NULL,NULL,NULL),(196,'banner','Обогреватели нового поколения',NULL,NULL,4,NULL,NULL,NULL,NULL,NULL,NULL),(197,'banner','Обогреватели нового поколения',NULL,NULL,4,NULL,NULL,NULL,NULL,NULL,NULL),(198,'banner','Обогреватели нового поколения',NULL,NULL,4,NULL,NULL,NULL,NULL,NULL,NULL),(199,'banner','Обогреватели нового поколения',NULL,NULL,4,NULL,NULL,NULL,NULL,NULL,NULL),(200,'banner','Обогреватели нового поколения',NULL,NULL,4,NULL,NULL,NULL,NULL,NULL,NULL),(201,'banner','Обогреватели нового поколения',NULL,NULL,4,NULL,NULL,NULL,NULL,NULL,NULL),(202,'banner','Обогреватели нового поколения',NULL,NULL,4,NULL,NULL,NULL,NULL,NULL,NULL),(203,'banner','Обогреватели нового поколения',NULL,NULL,4,NULL,NULL,NULL,NULL,NULL,NULL),(204,'banner','Обогреватели нового поколения',NULL,NULL,4,NULL,NULL,NULL,NULL,NULL,NULL),(205,'banner','Обогреватели нового поколения',NULL,NULL,4,NULL,NULL,NULL,NULL,NULL,NULL),(206,'banner','Обогреватели нового поколения',NULL,NULL,4,NULL,NULL,NULL,NULL,NULL,NULL),(207,'banner','Обогреватели нового поколения',NULL,NULL,4,NULL,NULL,NULL,NULL,NULL,NULL),(208,'banner','Обогреватели нового поколения',NULL,NULL,4,NULL,NULL,NULL,NULL,NULL,NULL),(209,'banner','Обогреватели нового поколения',NULL,NULL,4,NULL,NULL,NULL,NULL,NULL,NULL),(210,'banner','Обогреватели нового поколения',NULL,NULL,4,NULL,NULL,NULL,NULL,NULL,NULL),(211,'banner','Обогреватели нового поколения',NULL,NULL,4,NULL,NULL,NULL,NULL,NULL,NULL),(212,'banner','Обогреватели нового поколения',NULL,NULL,4,NULL,NULL,NULL,NULL,NULL,NULL),(215,'gallery',NULL,NULL,NULL,13,NULL,NULL,NULL,NULL,NULL,NULL),(216,'gallery',NULL,NULL,NULL,14,NULL,NULL,NULL,NULL,NULL,NULL),(218,'last_news','Новости компании',NULL,NULL,NULL,NULL,4,2,NULL,NULL,'news'),(219,'menu','Популярные разделы',NULL,NULL,3,NULL,NULL,NULL,NULL,NULL,NULL),(220,'menu','Узнайте больше',NULL,NULL,2,NULL,NULL,NULL,NULL,NULL,NULL),(222,'last_news','Новости компании',NULL,NULL,NULL,NULL,4,1,NULL,NULL,'news'),(223,'last_articles','Статьи по теме',NULL,NULL,NULL,NULL,NULL,2,NULL,2,'articles'),(224,'menu','Мы предлагаем',NULL,NULL,1,NULL,NULL,NULL,NULL,NULL,NULL),(225,'banner','Обогреватели нового поколения',NULL,NULL,4,NULL,NULL,NULL,NULL,NULL,NULL),(226,'menu','Узнайте больше',NULL,NULL,2,NULL,NULL,NULL,NULL,NULL,NULL),(227,'menu','Популярные разделы',NULL,NULL,3,NULL,NULL,NULL,NULL,NULL,NULL),(229,'form',NULL,'feedback',NULL,1,NULL,NULL,NULL,NULL,NULL,NULL),(232,'menu','Мы предлагаем',NULL,NULL,1,NULL,NULL,NULL,NULL,NULL,NULL),(233,'menu','Узнайте больше',NULL,NULL,2,NULL,NULL,NULL,NULL,NULL,NULL),(234,'menu','Популярные разделы',NULL,NULL,3,NULL,NULL,NULL,NULL,NULL,NULL),(235,'banner','Обогреватели нового поколения',NULL,NULL,4,NULL,NULL,NULL,NULL,NULL,NULL),(236,'form',NULL,'feedback',NULL,1,NULL,NULL,NULL,NULL,NULL,NULL),(239,'menu','Мы предлагаем',NULL,NULL,1,NULL,NULL,NULL,NULL,NULL,NULL),(240,'menu','Узнайте больше',NULL,NULL,2,NULL,NULL,NULL,NULL,NULL,NULL),(241,'menu','Популярные разделы',NULL,NULL,3,NULL,NULL,NULL,NULL,NULL,NULL),(242,'banner','Обогреватели нового поколения',NULL,NULL,4,NULL,NULL,NULL,NULL,NULL,NULL),(243,'form',NULL,'feedback',NULL,1,NULL,NULL,NULL,NULL,NULL,NULL),(246,'menu','Мы предлагаем',NULL,NULL,1,NULL,NULL,NULL,NULL,NULL,NULL),(247,'menu','Узнайте больше',NULL,NULL,2,NULL,NULL,NULL,NULL,NULL,NULL),(248,'menu','Популярные разделы',NULL,NULL,3,NULL,NULL,NULL,NULL,NULL,NULL),(249,'banner','Обогреватели нового поколения',NULL,NULL,4,NULL,NULL,NULL,NULL,NULL,NULL),(250,'form',NULL,'feedback',NULL,1,NULL,NULL,NULL,NULL,NULL,NULL),(253,'menu','Мы предлагаем',NULL,NULL,1,NULL,NULL,NULL,NULL,NULL,NULL),(254,'menu','Узнайте больше',NULL,NULL,2,NULL,NULL,NULL,NULL,NULL,NULL),(255,'menu','Популярные разделы',NULL,NULL,3,NULL,NULL,NULL,NULL,NULL,NULL),(256,'banner','Обогреватели нового поколения',NULL,NULL,4,NULL,NULL,NULL,NULL,NULL,NULL),(257,'form',NULL,'feedback',NULL,1,NULL,NULL,NULL,NULL,NULL,NULL),(260,'menu','Мы предлагаем',NULL,NULL,1,NULL,NULL,NULL,NULL,NULL,NULL),(261,'menu','Узнайте больше',NULL,NULL,2,NULL,NULL,NULL,NULL,NULL,NULL),(262,'menu','Популярные разделы',NULL,NULL,3,NULL,NULL,NULL,NULL,NULL,NULL),(263,'banner','Обогреватели нового поколения',NULL,NULL,4,NULL,NULL,NULL,NULL,NULL,NULL),(264,'form',NULL,'feedback',NULL,1,NULL,NULL,NULL,NULL,NULL,NULL),(267,'menu','Мы предлагаем',NULL,NULL,1,NULL,NULL,NULL,NULL,NULL,NULL),(268,'menu','Узнайте больше',NULL,NULL,2,NULL,NULL,NULL,NULL,NULL,NULL),(269,'menu','Популярные разделы',NULL,NULL,3,NULL,NULL,NULL,NULL,NULL,NULL),(270,'banner','Обогреватели нового поколения',NULL,NULL,4,NULL,NULL,NULL,NULL,NULL,NULL),(271,'form',NULL,'feedback',NULL,1,NULL,NULL,NULL,NULL,NULL,NULL),(274,'menu','Мы предлагаем',NULL,NULL,1,NULL,NULL,NULL,NULL,NULL,NULL),(275,'menu','Узнайте больше',NULL,NULL,2,NULL,NULL,NULL,NULL,NULL,NULL),(276,'menu','Популярные разделы',NULL,NULL,3,NULL,NULL,NULL,NULL,NULL,NULL),(277,'banner','Обогреватели нового поколения',NULL,NULL,4,NULL,NULL,NULL,NULL,NULL,NULL),(278,'form',NULL,'feedback',NULL,1,NULL,NULL,NULL,NULL,NULL,NULL),(281,'menu','Мы предлагаем',NULL,NULL,1,NULL,NULL,NULL,NULL,NULL,NULL),(282,'menu','Узнайте больше',NULL,NULL,2,NULL,NULL,NULL,NULL,NULL,NULL),(283,'menu','Популярные разделы',NULL,NULL,3,NULL,NULL,NULL,NULL,NULL,NULL),(284,'banner','Обогреватели нового поколения',NULL,NULL,4,NULL,NULL,NULL,NULL,NULL,NULL),(285,'form',NULL,'feedback',NULL,1,NULL,NULL,NULL,NULL,NULL,NULL),(288,'menu','Мы предлагаем',NULL,NULL,1,NULL,NULL,NULL,NULL,NULL,NULL),(289,'menu','Узнайте больше',NULL,NULL,2,NULL,NULL,NULL,NULL,NULL,NULL),(290,'menu','Популярные разделы',NULL,NULL,3,NULL,NULL,NULL,NULL,NULL,NULL),(291,'banner','Обогреватели нового поколения',NULL,NULL,4,NULL,NULL,NULL,NULL,NULL,NULL),(292,'form',NULL,'feedback',NULL,1,NULL,NULL,NULL,NULL,NULL,NULL),(295,'menu','Мы предлагаем',NULL,NULL,1,NULL,NULL,NULL,NULL,NULL,NULL),(296,'menu','Узнайте больше',NULL,NULL,2,NULL,NULL,NULL,NULL,NULL,NULL),(297,'menu','Популярные разделы',NULL,NULL,3,NULL,NULL,NULL,NULL,NULL,NULL),(298,'banner','Обогреватели нового поколения',NULL,NULL,4,NULL,NULL,NULL,NULL,NULL,NULL),(299,'form',NULL,'feedback',NULL,1,NULL,NULL,NULL,NULL,NULL,NULL),(302,'menu','Мы предлагаем',NULL,NULL,1,NULL,NULL,NULL,NULL,NULL,NULL),(303,'menu','Узнайте больше',NULL,NULL,2,NULL,NULL,NULL,NULL,NULL,NULL),(304,'menu','Популярные разделы',NULL,NULL,3,NULL,NULL,NULL,NULL,NULL,NULL),(305,'banner','Обогреватели нового поколения',NULL,NULL,4,NULL,NULL,NULL,NULL,NULL,NULL),(306,'form',NULL,'feedback',NULL,1,NULL,NULL,NULL,NULL,NULL,NULL),(309,'menu','Мы предлагаем',NULL,NULL,1,NULL,NULL,NULL,NULL,NULL,NULL),(310,'menu','Узнайте больше',NULL,NULL,2,NULL,NULL,NULL,NULL,NULL,NULL),(311,'menu','Популярные разделы',NULL,NULL,3,NULL,NULL,NULL,NULL,NULL,NULL),(312,'banner','Обогреватели нового поколения',NULL,NULL,4,NULL,NULL,NULL,NULL,NULL,NULL),(313,'form',NULL,'feedback',NULL,1,NULL,NULL,NULL,NULL,NULL,NULL),(316,'menu','Мы предлагаем',NULL,NULL,1,NULL,NULL,NULL,NULL,NULL,NULL),(317,'menu','Узнайте больше',NULL,NULL,2,NULL,NULL,NULL,NULL,NULL,NULL),(318,'menu','Популярные разделы',NULL,NULL,3,NULL,NULL,NULL,NULL,NULL,NULL),(319,'banner','Обогреватели нового поколения',NULL,NULL,4,NULL,NULL,NULL,NULL,NULL,NULL),(320,'form',NULL,'feedback',NULL,1,NULL,NULL,NULL,NULL,NULL,NULL),(323,'menu','Мы предлагаем',NULL,NULL,1,NULL,NULL,NULL,NULL,NULL,NULL),(324,'menu','Узнайте больше',NULL,NULL,2,NULL,NULL,NULL,NULL,NULL,NULL),(325,'menu','Популярные разделы',NULL,NULL,3,NULL,NULL,NULL,NULL,NULL,NULL),(326,'banner','Обогреватели нового поколения',NULL,NULL,4,NULL,NULL,NULL,NULL,NULL,NULL),(336,'menu','Мы предлагаем',NULL,NULL,1,NULL,NULL,NULL,NULL,NULL,NULL),(337,'content','Свяжитесь с нами',NULL,'<div class=\"contact\"><span>+38 (044) 223-36-07</span></div>\r\n\r\n<div class=\"contact\"><span>+38 (050) 338-28-38&nbsp;</span></div>\r\n\r\n<div class=\"contact\"><span><a href=\"/feedback/\">Обратная связь</a></span></div>\r\n',NULL,NULL,NULL,NULL,NULL,NULL,NULL),(338,'banner',NULL,NULL,NULL,8,NULL,NULL,NULL,NULL,NULL,NULL);
/*!40000 ALTER TABLE `tbl_widgets` ENABLE KEYS */;
UNLOCK TABLES;
/*!40103 SET TIME_ZONE=@OLD_TIME_ZONE */;

/*!40101 SET SQL_MODE=@OLD_SQL_MODE */;
/*!40014 SET FOREIGN_KEY_CHECKS=@OLD_FOREIGN_KEY_CHECKS */;
/*!40014 SET UNIQUE_CHECKS=@OLD_UNIQUE_CHECKS */;
/*!40101 SET CHARACTER_SET_CLIENT=@OLD_CHARACTER_SET_CLIENT */;
/*!40101 SET CHARACTER_SET_RESULTS=@OLD_CHARACTER_SET_RESULTS */;
/*!40101 SET COLLATION_CONNECTION=@OLD_COLLATION_CONNECTION */;
/*!40111 SET SQL_NOTES=@OLD_SQL_NOTES */;

-- Dump completed on 2016-11-07 20:53:29
